review_item_id,source_page_key,eval_mode,mismatch_type,truth_id,prediction_id,confidence,iou_25,best_iou,nearest_truth_iou,nearest_truth_id,nearest_prediction_id,nearest_prediction_iou,matched_elsewhere,matched_elsewhere_prediction_id,matched_elsewhere_truth_id,possible_duplicate_prediction,mismatch_reason_raw,human_error_bucket,human_review_status,human_notes,overlay_path,crop_path,review_row_number,auto_suggested,auto_suggestion_confidence,auto_suggestion_note
Revision_1_-_Drawing_Changes_p0003:model_only_tiled:pred:pred_001,Revision_1_-_Drawing_Changes:p0003,model_only_tiled,false_positive,truth_001,pred_001,0.841649,0.233938,0.233938,0.233938,truth_001,pred_002,0.664997,True,pred_002,,True,"pred_001 was not assigned the IoU 0.25 scoring match. Its nearest truth is truth_001 at IoU 0.234, but that truth was already matched to pred_002. This may be a duplicate/fragment scoring artifact.",,unreviewed,,F:\Desktop\m\projects\scopeLedger\CloudHammer_v2\outputs\baseline_human_audited_mismatch_review_20260504\overlay_packet\overlays\model_only_tiled\Revision_1_-_Drawing_Changes_p0003_model_only_tiled_truth_vs_predictions.jpg,F:\Desktop\m\projects\scopeLedger\CloudHammer_v2\outputs\baseline_model_only_tiled_page_disjoint_real_20260502\crops\Revision_1_-_Drawing_Changes_147e3aec_p0003_cloud_001.png,1,,,
Revision_1_-_Drawing_Changes_p0032:pipeline_full:pred:pred_002,Revision_1_-_Drawing_Changes:p0032,pipeline_full,localization_low_iou,truth_001,pred_002,0.81505,0.498914,0.498914,0.498914,truth_001,pred_002,0.498914,False,,,False,"pred_002 was matched to truth_001 at IoU 0.499, so it counts as a TP at IoU 0.25. It is queued because localization is below IoU 0.50.",,unreviewed,,F:\Desktop\m\projects\scopeLedger\CloudHammer_v2\outputs\baseline_human_audited_mismatch_review_20260504\overlay_packet\overlays\pipeline_full\Revision_1_-_Drawing_Changes_p0032_pipeline_full_truth_vs_predictions.jpg,F:\Desktop\m\projects\scopeLedger\CloudHammer_v2\outputs\baseline_pipeline_full_page_disjoint_real_20260502\whole_cloud_candidates\crops\Revision #1 - Drawing Changes\Revision_1_-_Drawing_Changes_6cbee960_p0032_whole_002_small.png,2,,,
Revision_1_-_Drawing_Changes_p0033:model_only_tiled:pred:pred_003,Revision_1_-_Drawing_Changes:p0033,model_only_tiled,false_positive,truth_001,pred_003,0.66184,0.497707,0.497707,0.497707,truth_001,pred_001,0.938836,True,pred_001,,True,"pred_003 was not assigned the IoU 0.25 scoring match. Its nearest truth is truth_001 at IoU 0.498, but that truth was already matched to pred_001. This may be a duplicate/fragment scoring artifact.",,unreviewed,,F:\Desktop\m\projects\scopeLedger\CloudHammer_v2\outputs\baseline_human_audited_mismatch_review_20260504\overlay_packet\overlays\model_only_tiled\Revision_1_-_Drawing_Changes_p0033_model_only_tiled_truth_vs_predictions.jpg,F:\Desktop\m\projects\scopeLedger\CloudHammer_v2\outputs\baseline_model_only_tiled_page_disjoint_real_20260502\crops\Revision_1_-_Drawing_Changes_147e3aec_p0033_cloud_003.png,3,,,
Revision_1_-_Drawing_Changes_p0033:pipeline_full:pred:pred_001,Revision_1_-_Drawing_Changes:p0033,pipeline_full,localization_low_iou,truth_001,pred_001,0.827298,0.495742,0.495742,0.495742,truth_001,pred_001,0.495742,False,,,False,"pred_001 was matched to truth_001 at IoU 0.496, so it counts as a TP at IoU 0.25. It is queued because localization is below IoU 0.50.",,unreviewed,,F:\Desktop\m\projects\scopeLedger\CloudHammer_v2\outputs\baseline_human_audited_mismatch_review_20260504\overlay_packet\overlays\pipeline_full\Revision_1_-_Drawing_Changes_p0033_pipeline_full_truth_vs_predictions.jpg,F:\Desktop\m\projects\scopeLedger\CloudHammer_v2\outputs\baseline_pipeline_full_page_disjoint_real_20260502\whole_cloud_candidates\crops\Revision #1 - Drawing Changes\Revision_1_-_Drawing_Changes_6cbee960_p0033_whole_001_small.png,4,,,
Revision_1_-_Drawing_Changes_p0036:model_only_tiled:pred:pred_003,Revision_1_-_Drawing_Changes:p0036,model_only_tiled,false_positive,,pred_003,0.714391,0.0,0.0,0.0,,pred_003,0.0,False,,,False,pred_003 was not assigned a scoring match and no truth box overlaps it on this page.,,unreviewed,,F:\Desktop\m\projects\scopeLedger\CloudHammer_v2\outputs\baseline_human_audited_mismatch_review_20260504\overlay_packet\overlays\model_only_tiled\Revision_1_-_Drawing_Changes_p0036_model_only_tiled_truth_vs_predictions.jpg,F:\Desktop\m\projects\scopeLedger\CloudHammer_v2\outputs\baseline_model_only_tiled_page_disjoint_real_20260502\crops\Revision_1_-_Drawing_Changes_147e3aec_p0036_cloud_003.png,5,,,
Revision_1_-_Drawing_Changes_p0036:pipeline_full:pred:pred_003,Revision_1_-_Drawing_Changes:p0036,pipeline_full,false_positive,,pred_003,0.726641,0.0,0.0,0.0,,pred_003,0.0,False,,,False,pred_003 was not assigned a scoring match and no truth box overlaps it on this page.,,unreviewed,,F:\Desktop\m\projects\scopeLedger\CloudHammer_v2\outputs\baseline_human_audited_mismatch_review_20260504\overlay_packet\overlays\pipeline_full\Revision_1_-_Drawing_Changes_p0036_pipeline_full_truth_vs_predictions.jpg,F:\Desktop\m\projects\scopeLedger\CloudHammer_v2\outputs\baseline_pipeline_full_page_disjoint_real_20260502\whole_cloud_candidates\crops\Revision #1 - Drawing Changes\Revision_1_-_Drawing_Changes_6cbee960_p0036_whole_003_small.png,6,,,
Revision_1_-_Drawing_Changes_p0037:model_only_tiled:pred:pred_001,Revision_1_-_Drawing_Changes:p0037,model_only_tiled,false_positive,,pred_001,0.837439,0.0,0.0,0.0,,pred_001,0.0,False,,,False,pred_001 was not assigned a scoring match and no truth box overlaps it on this page.,,unreviewed,,F:\Desktop\m\projects\scopeLedger\CloudHammer_v2\outputs\baseline_human_audited_mismatch_review_20260504\overlay_packet\overlays\model_only_tiled\Revision_1_-_Drawing_Changes_p0037_model_only_tiled_truth_vs_predictions.jpg,F:\Desktop\m\projects\scopeLedger\CloudHammer_v2\outputs\baseline_model_only_tiled_page_disjoint_real_20260502\crops\Revision_1_-_Drawing_Changes_147e3aec_p0037_cloud_001.png,7,,,
Revision_1_-_Drawing_Changes_p0037:pipeline_full:pred:pred_001,Revision_1_-_Drawing_Changes:p0037,pipeline_full,false_positive,,pred_001,0.849689,0.0,0.0,0.0,,pred_001,0.0,False,,,False,pred_001 was not assigned a scoring match and no truth box overlaps it on this page.,,unreviewed,,F:\Desktop\m\projects\scopeLedger\CloudHammer_v2\outputs\baseline_human_audited_mismatch_review_20260504\overlay_packet\overlays\pipeline_full\Revision_1_-_Drawing_Changes_p0037_pipeline_full_truth_vs_predictions.jpg,F:\Desktop\m\projects\scopeLedger\CloudHammer_v2\outputs\baseline_pipeline_full_page_disjoint_real_20260502\whole_cloud_candidates\crops\Revision #1 - Drawing Changes\Revision_1_-_Drawing_Changes_6cbee960_p0037_whole_001_small.png,8,,,
Revision_1_-_Drawing_Changes_p0041:model_only_tiled:pred:pred_001,Revision_1_-_Drawing_Changes:p0041,model_only_tiled,false_positive,truth_002,pred_001,0.883256,0.150558,0.150558,0.150558,truth_002,pred_001,0.150558,False,,,False,"pred_001 was not assigned a scoring match because its nearest truth is truth_002 at IoU 0.151, below the IoU 0.25 threshold.",,unreviewed,,F:\Desktop\m\projects\scopeLedger\CloudHammer_v2\outputs\baseline_human_audited_mismatch_review_20260504\overlay_packet\overlays\model_only_tiled\Revision_1_-_Drawing_Changes_p0041_model_only_tiled_truth_vs_predictions.jpg,F:\Desktop\m\projects\scopeLedger\CloudHammer_v2\outputs\baseline_model_only_tiled_page_disjoint_real_20260502\crops\Revision_1_-_Drawing_Changes_147e3aec_p0041_cloud_001.png,9,,,
Revision_1_-_Drawing_Changes_p0041:model_only_tiled:pred:pred_002,Revision_1_-_Drawing_Changes:p0041,model_only_tiled,false_positive,truth_001,pred_002,0.860932,0.173278,0.173278,0.173278,truth_001,pred_002,0.173278,False,,,False,"pred_002 was not assigned a scoring match because its nearest truth is truth_001 at IoU 0.173, below the IoU 0.25 threshold.",,unreviewed,,F:\Desktop\m\projects\scopeLedger\CloudHammer_v2\outputs\baseline_human_audited_mismatch_review_20260504\overlay_packet\overlays\model_only_tiled\Revision_1_-_Drawing_Changes_p0041_model_only_tiled_truth_vs_predictions.jpg,F:\Desktop\m\projects\scopeLedger\CloudHammer_v2\outputs\baseline_model_only_tiled_page_disjoint_real_20260502\crops\Revision_1_-_Drawing_Changes_147e3aec_p0041_cloud_002.png,10,,,
Revision_1_-_Drawing_Changes_p0041:model_only_tiled:pred:pred_003,Revision_1_-_Drawing_Changes:p0041,model_only_tiled,false_positive,truth_002,pred_003,0.826216,0.164933,0.164933,0.164933,truth_002,pred_003,0.164933,False,,,False,"pred_003 was not assigned a scoring match because its nearest truth is truth_002 at IoU 0.165, below the IoU 0.25 threshold.",,unreviewed,,F:\Desktop\m\projects\scopeLedger\CloudHammer_v2\outputs\baseline_human_audited_mismatch_review_20260504\overlay_packet\overlays\model_only_tiled\Revision_1_-_Drawing_Changes_p0041_model_only_tiled_truth_vs_predictions.jpg,F:\Desktop\m\projects\scopeLedger\CloudHammer_v2\outputs\baseline_model_only_tiled_page_disjoint_real_20260502\crops\Revision_1_-_Drawing_Changes_147e3aec_p0041_cloud_003.png,11,,,
Revision_1_-_Drawing_Changes_p0041:model_only_tiled:pred:pred_004,Revision_1_-_Drawing_Changes:p0041,model_only_tiled,false_positive,truth_002,pred_004,0.805019,0.168991,0.168991,0.168991,truth_002,pred_004,0.168991,False,,,False,"pred_004 was not assigned a scoring match because its nearest truth is truth_002 at IoU 0.169, below the IoU 0.25 threshold.",,unreviewed,,F:\Desktop\m\projects\scopeLedger\CloudHammer_v2\outputs\baseline_human_audited_mismatch_review_20260504\overlay_packet\overlays\model_only_tiled\Revision_1_-_Drawing_Changes_p0041_model_only_tiled_truth_vs_predictions.jpg,F:\Desktop\m\projects\scopeLedger\CloudHammer_v2\outputs\baseline_model_only_tiled_page_disjoint_real_20260502\crops\Revision_1_-_Drawing_Changes_147e3aec_p0041_cloud_004.png,12,,,
Revision_1_-_Drawing_Changes_p0041:model_only_tiled:pred:pred_005,Revision_1_-_Drawing_Changes:p0041,model_only_tiled,false_positive,truth_001,pred_005,0.79744,0.212732,0.212732,0.212732,truth_001,pred_005,0.212732,False,,,False,"pred_005 was not assigned a scoring match because its nearest truth is truth_001 at IoU 0.213, below the IoU 0.25 threshold.",,unreviewed,,F:\Desktop\m\projects\scopeLedger\CloudHammer_v2\outputs\baseline_human_audited_mismatch_review_20260504\overlay_packet\overlays\model_only_tiled\Revision_1_-_Drawing_Changes_p0041_model_only_tiled_truth_vs_predictions.jpg,F:\Desktop\m\projects\scopeLedger\CloudHammer_v2\outputs\baseline_model_only_tiled_page_disjoint_real_20260502\crops\Revision_1_-_Drawing_Changes_147e3aec_p0041_cloud_005.png,13,,,
Revision_1_-_Drawing_Changes_p0041:model_only_tiled:pred:pred_006,Revision_1_-_Drawing_Changes:p0041,model_only_tiled,false_positive,truth_002,pred_006,0.794766,0.159016,0.159016,0.159016,truth_002,pred_006,0.159016,False,,,False,"pred_006 was not assigned a scoring match because its nearest truth is truth_002 at IoU 0.159, below the IoU 0.25 threshold.",,unreviewed,,F:\Desktop\m\projects\scopeLedger\CloudHammer_v2\outputs\baseline_human_audited_mismatch_review_20260504\overlay_packet\overlays\model_only_tiled\Revision_1_-_Drawing_Changes_p0041_model_only_tiled_truth_vs_predictions.jpg,F:\Desktop\m\projects\scopeLedger\CloudHammer_v2\outputs\baseline_model_only_tiled_page_disjoint_real_20260502\crops\Revision_1_-_Drawing_Changes_147e3aec_p0041_cloud_006.png,14,,,
Revision_1_-_Drawing_Changes_p0041:model_only_tiled:pred:pred_007,Revision_1_-_Drawing_Changes:p0041,model_only_tiled,false_positive,truth_002,pred_007,0.794266,0.165936,0.165936,0.165936,truth_002,pred_007,0.165936,False,,,False,"pred_007 was not assigned a scoring match because its nearest truth is truth_002 at IoU 0.166, below the IoU 0.25 threshold.",,unreviewed,,F:\Desktop\m\projects\scopeLedger\CloudHammer_v2\outputs\baseline_human_audited_mismatch_review_20260504\overlay_packet\overlays\model_only_tiled\Revision_1_-_Drawing_Changes_p0041_model_only_tiled_truth_vs_predictions.jpg,F:\Desktop\m\projects\scopeLedger\CloudHammer_v2\outputs\baseline_model_only_tiled_page_disjoint_real_20260502\crops\Revision_1_-_Drawing_Changes_147e3aec_p0041_cloud_007.png,15,,,
Revision_1_-_Drawing_Changes_p0041:model_only_tiled:pred:pred_008,Revision_1_-_Drawing_Changes:p0041,model_only_tiled,false_positive,truth_001,pred_008,0.792652,0.216559,0.216559,0.216559,truth_001,pred_008,0.216559,False,,,False,"pred_008 was not assigned a scoring match because its nearest truth is truth_001 at IoU 0.217, below the IoU 0.25 threshold.",,unreviewed,,F:\Desktop\m\projects\scopeLedger\CloudHammer_v2\outputs\baseline_human_audited_mismatch_review_20260504\overlay_packet\overlays\model_only_tiled\Revision_1_-_Drawing_Changes_p0041_model_only_tiled_truth_vs_predictions.jpg,F:\Desktop\m\projects\scopeLedger\CloudHammer_v2\outputs\baseline_model_only_tiled_page_disjoint_real_20260502\crops\Revision_1_-_Drawing_Changes_147e3aec_p0041_cloud_008.png,16,,,
Revision_1_-_Drawing_Changes_p0041:model_only_tiled:pred:pred_009,Revision_1_-_Drawing_Changes:p0041,model_only_tiled,false_positive,truth_001,pred_009,0.792271,0.063814,0.063814,0.063814,truth_001,pred_009,0.063814,False,,,False,"pred_009 was not assigned a scoring match because its nearest truth is truth_001 at IoU 0.064, below the IoU 0.25 threshold.",,unreviewed,,F:\Desktop\m\projects\scopeLedger\CloudHammer_v2\outputs\baseline_human_audited_mismatch_review_20260504\overlay_packet\overlays\model_only_tiled\Revision_1_-_Drawing_Changes_p0041_model_only_tiled_truth_vs_predictions.jpg,F:\Desktop\m\projects\scopeLedger\CloudHammer_v2\outputs\baseline_model_only_tiled_page_disjoint_real_20260502\crops\Revision_1_-_Drawing_Changes_147e3aec_p0041_cloud_009.png,17,,,
Revision_1_-_Drawing_Changes_p0041:model_only_tiled:pred:pred_010,Revision_1_-_Drawing_Changes:p0041,model_only_tiled,false_positive,truth_001,pred_010,0.777756,0.212187,0.212187,0.212187,truth_001,pred_010,0.212187,False,,,False,"pred_010 was not assigned a scoring match because its nearest truth is truth_001 at IoU 0.212, below the IoU 0.25 threshold.",,unreviewed,,F:\Desktop\m\projects\scopeLedger\CloudHammer_v2\outputs\baseline_human_audited_mismatch_review_20260504\overlay_packet\overlays\model_only_tiled\Revision_1_-_Drawing_Changes_p0041_model_only_tiled_truth_vs_predictions.jpg,F:\Desktop\m\projects\scopeLedger\CloudHammer_v2\outputs\baseline_model_only_tiled_page_disjoint_real_20260502\crops\Revision_1_-_Drawing_Changes_147e3aec_p0041_cloud_010.png,18,,,
Revision_1_-_Drawing_Changes_p0041:model_only_tiled:pred:pred_011,Revision_1_-_Drawing_Changes:p0041,model_only_tiled,false_positive,truth_001,pred_011,0.772618,0.218996,0.218996,0.218996,truth_001,pred_011,0.218996,False,,,False,"pred_011 was not assigned a scoring match because its nearest truth is truth_001 at IoU 0.219, below the IoU 0.25 threshold.",,unreviewed,,F:\Desktop\m\projects\scopeLedger\CloudHammer_v2\outputs\baseline_human_audited_mismatch_review_20260504\overlay_packet\overlays\model_only_tiled\Revision_1_-_Drawing_Changes_p0041_model_only_tiled_truth_vs_predictions.jpg,F:\Desktop\m\projects\scopeLedger\CloudHammer_v2\outputs\baseline_model_only_tiled_page_disjoint_real_20260502\crops\Revision_1_-_Drawing_Changes_147e3aec_p0041_cloud_011.png,19,,,
Revision_1_-_Drawing_Changes_p0041:model_only_tiled:pred:pred_012,Revision_1_-_Drawing_Changes:p0041,model_only_tiled,false_positive,truth_002,pred_012,0.758599,0.165316,0.165316,0.165316,truth_002,pred_012,0.165316,False,,,False,"pred_012 was not assigned a scoring match because its nearest truth is truth_002 at IoU 0.165, below the IoU 0.25 threshold.",,unreviewed,,F:\Desktop\m\projects\scopeLedger\CloudHammer_v2\outputs\baseline_human_audited_mismatch_review_20260504\overlay_packet\overlays\model_only_tiled\Revision_1_-_Drawing_Changes_p0041_model_only_tiled_truth_vs_predictions.jpg,F:\Desktop\m\projects\scopeLedger\CloudHammer_v2\outputs\baseline_model_only_tiled_page_disjoint_real_20260502\crops\Revision_1_-_Drawing_Changes_147e3aec_p0041_cloud_012.png,20,,,
Revision_1_-_Drawing_Changes_p0041:model_only_tiled:pred:pred_013,Revision_1_-_Drawing_Changes:p0041,model_only_tiled,false_positive,truth_002,pred_013,0.70033,0.05292,0.05292,0.05292,truth_002,pred_013,0.05292,False,,,False,"pred_013 was not assigned a scoring match because its nearest truth is truth_002 at IoU 0.053, below the IoU 0.25 threshold.",,unreviewed,,F:\Desktop\m\projects\scopeLedger\CloudHammer_v2\outputs\baseline_human_audited_mismatch_review_20260504\overlay_packet\overlays\model_only_tiled\Revision_1_-_Drawing_Changes_p0041_model_only_tiled_truth_vs_predictions.jpg,F:\Desktop\m\projects\scopeLedger\CloudHammer_v2\outputs\baseline_model_only_tiled_page_disjoint_real_20260502\crops\Revision_1_-_Drawing_Changes_147e3aec_p0041_cloud_013.png,21,,,
Revision_1_-_Drawing_Changes_p0041:model_only_tiled:pred:pred_014,Revision_1_-_Drawing_Changes:p0041,model_only_tiled,false_positive,truth_002,pred_014,0.669242,0.005362,0.005362,0.005362,truth_002,pred_014,0.005362,False,,,False,"pred_014 was not assigned a scoring match because its nearest truth is truth_002 at IoU 0.005, below the IoU 0.25 threshold.",,unreviewed,,F:\Desktop\m\projects\scopeLedger\CloudHammer_v2\outputs\baseline_human_audited_mismatch_review_20260504\overlay_packet\overlays\model_only_tiled\Revision_1_-_Drawing_Changes_p0041_model_only_tiled_truth_vs_predictions.jpg,F:\Desktop\m\projects\scopeLedger\CloudHammer_v2\outputs\baseline_model_only_tiled_page_disjoint_real_20260502\crops\Revision_1_-_Drawing_Changes_147e3aec_p0041_cloud_014.png,22,,,
Revision_1_-_Drawing_Changes_p0041:model_only_tiled:truth:truth_001,Revision_1_-_Drawing_Changes:p0041,model_only_tiled,false_negative,truth_001,pred_011,0.772618,0.218996,0.218996,0.218996,truth_001,pred_011,0.218996,False,,,False,truth_001 did not receive an IoU 0.25 scoring match. The nearest prediction is pred_011 at IoU 0.219.,,unreviewed,,F:\Desktop\m\projects\scopeLedger\CloudHammer_v2\outputs\baseline_human_audited_mismatch_review_20260504\overlay_packet\overlays\model_only_tiled\Revision_1_-_Drawing_Changes_p0041_model_only_tiled_truth_vs_predictions.jpg,F:\Desktop\m\projects\scopeLedger\CloudHammer_v2\outputs\baseline_model_only_tiled_page_disjoint_real_20260502\crops\Revision_1_-_Drawing_Changes_147e3aec_p0041_cloud_011.png,23,,,
Revision_1_-_Drawing_Changes_p0041:model_only_tiled:truth:truth_002,Revision_1_-_Drawing_Changes:p0041,model_only_tiled,false_negative,truth_002,pred_004,0.805019,0.168991,0.168991,0.168991,truth_002,pred_004,0.168991,False,,,False,truth_002 did not receive an IoU 0.25 scoring match. The nearest prediction is pred_004 at IoU 0.169.,,unreviewed,,F:\Desktop\m\projects\scopeLedger\CloudHammer_v2\outputs\baseline_human_audited_mismatch_review_20260504\overlay_packet\overlays\model_only_tiled\Revision_1_-_Drawing_Changes_p0041_model_only_tiled_truth_vs_predictions.jpg,F:\Desktop\m\projects\scopeLedger\CloudHammer_v2\outputs\baseline_model_only_tiled_page_disjoint_real_20260502\crops\Revision_1_-_Drawing_Changes_147e3aec_p0041_cloud_004.png,24,,,
Revision_1_-_Drawing_Changes_p0041:pipeline_full:pred:pred_001,Revision_1_-_Drawing_Changes:p0041,pipeline_full,false_positive,truth_002,pred_001,0.954572,0.146355,0.146355,0.146355,truth_002,pred_001,0.146355,False,,,False,"pred_001 was not assigned a scoring match because its nearest truth is truth_002 at IoU 0.146, below the IoU 0.25 threshold.",,unreviewed,,F:\Desktop\m\projects\scopeLedger\CloudHammer_v2\outputs\baseline_human_audited_mismatch_review_20260504\overlay_packet\overlays\pipeline_full\Revision_1_-_Drawing_Changes_p0041_pipeline_full_truth_vs_predictions.jpg,F:\Desktop\m\projects\scopeLedger\CloudHammer_v2\outputs\baseline_pipeline_full_page_disjoint_real_20260502\whole_cloud_candidates\crops\Revision #1 - Drawing Changes\Revision_1_-_Drawing_Changes_6cbee960_p0041_whole_001_xlarge.png,25,,,
Revision_1_-_Drawing_Changes_p0041:pipeline_full:pred:pred_002,Revision_1_-_Drawing_Changes:p0041,pipeline_full,false_positive,truth_001,pred_002,0.935634,0.194965,0.194965,0.194965,truth_001,pred_002,0.194965,False,,,False,"pred_002 was not assigned a scoring match because its nearest truth is truth_001 at IoU 0.195, below the IoU 0.25 threshold.",,unreviewed,,F:\Desktop\m\projects\scopeLedger\CloudHammer_v2\outputs\baseline_human_audited_mismatch_review_20260504\overlay_packet\overlays\pipeline_full\Revision_1_-_Drawing_Changes_p0041_pipeline_full_truth_vs_predictions.jpg,F:\Desktop\m\projects\scopeLedger\CloudHammer_v2\outputs\baseline_pipeline_full_page_disjoint_real_20260502\whole_cloud_candidates\crops\Revision #1 - Drawing Changes\Revision_1_-_Drawing_Changes_6cbee960_p0041_whole_002_xlarge.png,26,,,
Revision_1_-_Drawing_Changes_p0041:pipeline_full:truth:truth_001,Revision_1_-_Drawing_Changes:p0041,pipeline_full,false_negative,truth_001,pred_002,0.935634,0.194965,0.194965,0.194965,truth_001,pred_002,0.194965,False,,,False,truth_001 did not receive an IoU 0.25 scoring match. The nearest prediction is pred_002 at IoU 0.195.,,unreviewed,,F:\Desktop\m\projects\scopeLedger\CloudHammer_v2\outputs\baseline_human_audited_mismatch_review_20260504\overlay_packet\overlays\pipeline_full\Revision_1_-_Drawing_Changes_p0041_pipeline_full_truth_vs_predictions.jpg,F:\Desktop\m\projects\scopeLedger\CloudHammer_v2\outputs\baseline_pipeline_full_page_disjoint_real_20260502\whole_cloud_candidates\crops\Revision #1 - Drawing Changes\Revision_1_-_Drawing_Changes_6cbee960_p0041_whole_002_xlarge.png,27,,,
Revision_1_-_Drawing_Changes_p0041:pipeline_full:truth:truth_002,Revision_1_-_Drawing_Changes:p0041,pipeline_full,false_negative,truth_002,pred_001,0.954572,0.146355,0.146355,0.146355,truth_002,pred_001,0.146355,False,,,False,truth_002 did not receive an IoU 0.25 scoring match. The nearest prediction is pred_001 at IoU 0.146.,,unreviewed,,F:\Desktop\m\projects\scopeLedger\CloudHammer_v2\outputs\baseline_human_audited_mismatch_review_20260504\overlay_packet\overlays\pipeline_full\Revision_1_-_Drawing_Changes_p0041_pipeline_full_truth_vs_predictions.jpg,F:\Desktop\m\projects\scopeLedger\CloudHammer_v2\outputs\baseline_pipeline_full_page_disjoint_real_20260502\whole_cloud_candidates\crops\Revision #1 - Drawing Changes\Revision_1_-_Drawing_Changes_6cbee960_p0041_whole_001_xlarge.png,28,,,
260309_-_Drawing_Rev2-_Steel_Grab_Bars_p0014:model_only_tiled:pred:pred_001,260309_-_Drawing_Rev2-_Steel_Grab_Bars:p0014,model_only_tiled,localization_low_iou,truth_001,pred_001,0.835611,0.492058,0.492058,0.492058,truth_001,pred_001,0.492058,False,,,False,"pred_001 was matched to truth_001 at IoU 0.492, so it counts as a TP at IoU 0.25. It is queued because localization is below IoU 0.50.",,unreviewed,,F:\Desktop\m\projects\scopeLedger\CloudHammer_v2\outputs\baseline_human_audited_mismatch_review_20260504\overlay_packet\overlays\model_only_tiled\260309_-_Drawing_Rev2-_Steel_Grab_Bars_p0014_model_only_tiled_truth_vs_predictions.jpg,F:\Desktop\m\projects\scopeLedger\CloudHammer_v2\outputs\baseline_model_only_tiled_page_disjoint_real_20260502\crops\260309_-_Drawing_Rev2-_Steel_Grab_Bars_0a2c9d5e_p0014_cloud_001.png,29,,,
260309_-_Drawing_Rev2-_Steel_Grab_Bars_p0014:model_only_tiled:pred:pred_002,260309_-_Drawing_Rev2-_Steel_Grab_Bars:p0014,model_only_tiled,false_positive,truth_001,pred_002,0.717154,0.200442,0.200442,0.200442,truth_001,pred_001,0.492058,True,pred_001,,True,"pred_002 was not assigned the IoU 0.25 scoring match. Its nearest truth is truth_001 at IoU 0.200, but that truth was already matched to pred_001. This may be a duplicate/fragment scoring artifact.",,unreviewed,,F:\Desktop\m\projects\scopeLedger\CloudHammer_v2\outputs\baseline_human_audited_mismatch_review_20260504\overlay_packet\overlays\model_only_tiled\260309_-_Drawing_Rev2-_Steel_Grab_Bars_p0014_model_only_tiled_truth_vs_predictions.jpg,F:\Desktop\m\projects\scopeLedger\CloudHammer_v2\outputs\baseline_model_only_tiled_page_disjoint_real_20260502\crops\260309_-_Drawing_Rev2-_Steel_Grab_Bars_0a2c9d5e_p0014_cloud_002.png,30,,,
260309_-_Drawing_Rev2-_Steel_Grab_Bars_p0014:model_only_tiled:pred:pred_003,260309_-_Drawing_Rev2-_Steel_Grab_Bars:p0014,model_only_tiled,false_positive,truth_001,pred_003,0.669592,0.122395,0.122395,0.122395,truth_001,pred_001,0.492058,True,pred_001,,True,"pred_003 was not assigned the IoU 0.25 scoring match. Its nearest truth is truth_001 at IoU 0.122, but that truth was already matched to pred_001. This may be a duplicate/fragment scoring artifact.",,unreviewed,,F:\Desktop\m\projects\scopeLedger\CloudHammer_v2\outputs\baseline_human_audited_mismatch_review_20260504\overlay_packet\overlays\model_only_tiled\260309_-_Drawing_Rev2-_Steel_Grab_Bars_p0014_model_only_tiled_truth_vs_predictions.jpg,F:\Desktop\m\projects\scopeLedger\CloudHammer_v2\outputs\baseline_model_only_tiled_page_disjoint_real_20260502\crops\260309_-_Drawing_Rev2-_Steel_Grab_Bars_0a2c9d5e_p0014_cloud_003.png,31,,,
260309_-_Drawing_Rev2-_Steel_Grab_Bars_p0020:model_only_tiled:pred:pred_002,260309_-_Drawing_Rev2-_Steel_Grab_Bars:p0020,model_only_tiled,false_positive,truth_001,pred_002,0.764122,0.447592,0.447592,0.447592,truth_001,pred_001,0.986518,True,pred_001,,True,"pred_002 was not assigned the IoU 0.25 scoring match. Its nearest truth is truth_001 at IoU 0.448, but that truth was already matched to pred_001. This may be a duplicate/fragment scoring artifact.",,unreviewed,,F:\Desktop\m\projects\scopeLedger\CloudHammer_v2\outputs\baseline_human_audited_mismatch_review_20260504\overlay_packet\overlays\model_only_tiled\260309_-_Drawing_Rev2-_Steel_Grab_Bars_p0020_model_only_tiled_truth_vs_predictions.jpg,F:\Desktop\m\projects\scopeLedger\CloudHammer_v2\outputs\baseline_model_only_tiled_page_disjoint_real_20260502\crops\260309_-_Drawing_Rev2-_Steel_Grab_Bars_0a2c9d5e_p0020_cloud_002.png,32,,,
260309_-_Drawing_Rev2-_Steel_Grab_Bars_p0022:model_only_tiled:pred:pred_002,260309_-_Drawing_Rev2-_Steel_Grab_Bars:p0022,model_only_tiled,false_positive,truth_001,pred_002,0.695991,0.336861,0.336861,0.336861,truth_001,pred_001,0.983755,True,pred_001,,True,"pred_002 was not assigned the IoU 0.25 scoring match. Its nearest truth is truth_001 at IoU 0.337, but that truth was already matched to pred_001. This may be a duplicate/fragment scoring artifact.",,unreviewed,,F:\Desktop\m\projects\scopeLedger\CloudHammer_v2\outputs\baseline_human_audited_mismatch_review_20260504\overlay_packet\overlays\model_only_tiled\260309_-_Drawing_Rev2-_Steel_Grab_Bars_p0022_model_only_tiled_truth_vs_predictions.jpg,F:\Desktop\m\projects\scopeLedger\CloudHammer_v2\outputs\baseline_model_only_tiled_page_disjoint_real_20260502\crops\260309_-_Drawing_Rev2-_Steel_Grab_Bars_0a2c9d5e_p0022_cloud_002.png,33,,,
260309_-_Drawing_Rev2-_Steel_Grab_Bars_p0022:model_only_tiled:pred:pred_003,260309_-_Drawing_Rev2-_Steel_Grab_Bars:p0022,model_only_tiled,false_positive,truth_001,pred_003,0.626335,0.112132,0.112132,0.112132,truth_001,pred_001,0.983755,True,pred_001,,True,"pred_003 was not assigned the IoU 0.25 scoring match. Its nearest truth is truth_001 at IoU 0.112, but that truth was already matched to pred_001. This may be a duplicate/fragment scoring artifact.",,unreviewed,,F:\Desktop\m\projects\scopeLedger\CloudHammer_v2\outputs\baseline_human_audited_mismatch_review_20260504\overlay_packet\overlays\model_only_tiled\260309_-_Drawing_Rev2-_Steel_Grab_Bars_p0022_model_only_tiled_truth_vs_predictions.jpg,F:\Desktop\m\projects\scopeLedger\CloudHammer_v2\outputs\baseline_model_only_tiled_page_disjoint_real_20260502\crops\260309_-_Drawing_Rev2-_Steel_Grab_Bars_0a2c9d5e_p0022_cloud_003.png,34,,,
260309_-_Drawing_Rev2-_Steel_Grab_Bars_p0025:model_only_tiled:pred:pred_001,260309_-_Drawing_Rev2-_Steel_Grab_Bars:p0025,model_only_tiled,false_positive,truth_001,pred_001,0.804271,0.075177,0.075177,0.075177,truth_001,pred_004,0.345329,True,pred_004,,True,"pred_001 was not assigned the IoU 0.25 scoring match. Its nearest truth is truth_001 at IoU 0.075, but that truth was already matched to pred_004. This may be a duplicate/fragment scoring artifact.",,unreviewed,,F:\Desktop\m\projects\scopeLedger\CloudHammer_v2\outputs\baseline_human_audited_mismatch_review_20260504\overlay_packet\overlays\model_only_tiled\260309_-_Drawing_Rev2-_Steel_Grab_Bars_p0025_model_only_tiled_truth_vs_predictions.jpg,F:\Desktop\m\projects\scopeLedger\CloudHammer_v2\outputs\baseline_model_only_tiled_page_disjoint_real_20260502\crops\260309_-_Drawing_Rev2-_Steel_Grab_Bars_0a2c9d5e_p0025_cloud_001.png,35,,,
260309_-_Drawing_Rev2-_Steel_Grab_Bars_p0025:model_only_tiled:pred:pred_002,260309_-_Drawing_Rev2-_Steel_Grab_Bars:p0025,model_only_tiled,false_positive,truth_001,pred_002,0.747883,0.075777,0.075777,0.075777,truth_001,pred_004,0.345329,True,pred_004,,True,"pred_002 was not assigned the IoU 0.25 scoring match. Its nearest truth is truth_001 at IoU 0.076, but that truth was already matched to pred_004. This may be a duplicate/fragment scoring artifact.",,unreviewed,,F:\Desktop\m\projects\scopeLedger\CloudHammer_v2\outputs\baseline_human_audited_mismatch_review_20260504\overlay_packet\overlays\model_only_tiled\260309_-_Drawing_Rev2-_Steel_Grab_Bars_p0025_model_only_tiled_truth_vs_predictions.jpg,F:\Desktop\m\projects\scopeLedger\CloudHammer_v2\outputs\baseline_model_only_tiled_page_disjoint_real_20260502\crops\260309_-_Drawing_Rev2-_Steel_Grab_Bars_0a2c9d5e_p0025_cloud_002.png,36,,,
260309_-_Drawing_Rev2-_Steel_Grab_Bars_p0025:model_only_tiled:pred:pred_003,260309_-_Drawing_Rev2-_Steel_Grab_Bars:p0025,model_only_tiled,false_positive,truth_001,pred_003,0.580649,0.053675,0.053675,0.053675,truth_001,pred_004,0.345329,True,pred_004,,True,"pred_003 was not assigned the IoU 0.25 scoring match. Its nearest truth is truth_001 at IoU 0.054, but that truth was already matched to pred_004. This may be a duplicate/fragment scoring artifact.",,unreviewed,,F:\Desktop\m\projects\scopeLedger\CloudHammer_v2\outputs\baseline_human_audited_mismatch_review_20260504\overlay_packet\overlays\model_only_tiled\260309_-_Drawing_Rev2-_Steel_Grab_Bars_p0025_model_only_tiled_truth_vs_predictions.jpg,F:\Desktop\m\projects\scopeLedger\CloudHammer_v2\outputs\baseline_model_only_tiled_page_disjoint_real_20260502\crops\260309_-_Drawing_Rev2-_Steel_Grab_Bars_0a2c9d5e_p0025_cloud_003.png,37,,,
260309_-_Drawing_Rev2-_Steel_Grab_Bars_p0025:model_only_tiled:pred:pred_004,260309_-_Drawing_Rev2-_Steel_Grab_Bars:p0025,model_only_tiled,localization_low_iou,truth_001,pred_004,0.575534,0.345329,0.345329,0.345329,truth_001,pred_004,0.345329,False,,,False,"pred_004 was matched to truth_001 at IoU 0.345, so it counts as a TP at IoU 0.25. It is queued because localization is below IoU 0.50.",,unreviewed,,F:\Desktop\m\projects\scopeLedger\CloudHammer_v2\outputs\baseline_human_audited_mismatch_review_20260504\overlay_packet\overlays\model_only_tiled\260309_-_Drawing_Rev2-_Steel_Grab_Bars_p0025_model_only_tiled_truth_vs_predictions.jpg,F:\Desktop\m\projects\scopeLedger\CloudHammer_v2\outputs\baseline_model_only_tiled_page_disjoint_real_20260502\crops\260309_-_Drawing_Rev2-_Steel_Grab_Bars_0a2c9d5e_p0025_cloud_004.png,38,,,
260309_-_Drawing_Rev2-_Steel_Grab_Bars_p0025:model_only_tiled:pred:pred_005,260309_-_Drawing_Rev2-_Steel_Grab_Bars:p0025,model_only_tiled,false_positive,,pred_005,0.535695,0.0,0.0,0.0,,pred_005,0.0,False,,,False,pred_005 was not assigned a scoring match and no truth box overlaps it on this page.,,unreviewed,,F:\Desktop\m\projects\scopeLedger\CloudHammer_v2\outputs\baseline_human_audited_mismatch_review_20260504\overlay_packet\overlays\model_only_tiled\260309_-_Drawing_Rev2-_Steel_Grab_Bars_p0025_model_only_tiled_truth_vs_predictions.jpg,F:\Desktop\m\projects\scopeLedger\CloudHammer_v2\outputs\baseline_model_only_tiled_page_disjoint_real_20260502\crops\260309_-_Drawing_Rev2-_Steel_Grab_Bars_0a2c9d5e_p0025_cloud_005.png,39,,,
260309_-_Drawing_Rev2-_Steel_Grab_Bars_p0025:pipeline_full:pred:pred_001,260309_-_Drawing_Rev2-_Steel_Grab_Bars:p0025,pipeline_full,localization_low_iou,truth_001,pred_001,0.837208,0.397396,0.397396,0.397396,truth_001,pred_001,0.397396,False,,,False,"pred_001 was matched to truth_001 at IoU 0.397, so it counts as a TP at IoU 0.25. It is queued because localization is below IoU 0.50.",,unreviewed,,F:\Desktop\m\projects\scopeLedger\CloudHammer_v2\outputs\baseline_human_audited_mismatch_review_20260504\overlay_packet\overlays\pipeline_full\260309_-_Drawing_Rev2-_Steel_Grab_Bars_p0025_pipeline_full_truth_vs_predictions.jpg,F:\Desktop\m\projects\scopeLedger\CloudHammer_v2\outputs\baseline_pipeline_full_page_disjoint_real_20260502\whole_cloud_candidates\crops\260309 - Drawing Rev2- Steel Grab Bars\260309_-_Drawing_Rev2-_Steel_Grab_Bars_75d983f3_p0025_whole_001_medium.png,40,,,
260309_-_Drawing_Rev2-_Steel_Grab_Bars_p0025:pipeline_full:pred:pred_002,260309_-_Drawing_Rev2-_Steel_Grab_Bars:p0025,pipeline_full,false_positive,,pred_002,0.547945,0.0,0.0,0.0,,pred_002,0.0,False,,,False,pred_002 was not assigned a scoring match and no truth box overlaps it on this page.,,unreviewed,,F:\Desktop\m\projects\scopeLedger\CloudHammer_v2\outputs\baseline_human_audited_mismatch_review_20260504\overlay_packet\overlays\pipeline_full\260309_-_Drawing_Rev2-_Steel_Grab_Bars_p0025_pipeline_full_truth_vs_predictions.jpg,F:\Desktop\m\projects\scopeLedger\CloudHammer_v2\outputs\baseline_pipeline_full_page_disjoint_real_20260502\whole_cloud_candidates\crops\260309 - Drawing Rev2- Steel Grab Bars\260309_-_Drawing_Rev2-_Steel_Grab_Bars_75d983f3_p0025_whole_002_medium.png,41,,,
260309_-_Drawing_Rev2-_Steel_Grab_Bars_p0026:model_only_tiled:pred:pred_002,260309_-_Drawing_Rev2-_Steel_Grab_Bars:p0026,model_only_tiled,false_positive,truth_001,pred_002,0.757741,0.321389,0.321389,0.321389,truth_001,pred_001,0.537514,True,pred_001,,True,"pred_002 was not assigned the IoU 0.25 scoring match. Its nearest truth is truth_001 at IoU 0.321, but that truth was already matched to pred_001. This may be a duplicate/fragment scoring artifact.",,unreviewed,,F:\Desktop\m\projects\scopeLedger\CloudHammer_v2\outputs\baseline_human_audited_mismatch_review_20260504\overlay_packet\overlays\model_only_tiled\260309_-_Drawing_Rev2-_Steel_Grab_Bars_p0026_model_only_tiled_truth_vs_predictions.jpg,F:\Desktop\m\projects\scopeLedger\CloudHammer_v2\outputs\baseline_model_only_tiled_page_disjoint_real_20260502\crops\260309_-_Drawing_Rev2-_Steel_Grab_Bars_0a2c9d5e_p0026_cloud_002.png,42,,,
260309_-_Drawing_Rev2-_Steel_Grab_Bars_p0026:pipeline_full:pred:pred_001,260309_-_Drawing_Rev2-_Steel_Grab_Bars:p0026,pipeline_full,localization_low_iou,truth_001,pred_001,0.840408,0.357948,0.357948,0.357948,truth_001,pred_001,0.357948,False,,,False,"pred_001 was matched to truth_001 at IoU 0.358, so it counts as a TP at IoU 0.25. It is queued because localization is below IoU 0.50.",,unreviewed,,F:\Desktop\m\projects\scopeLedger\CloudHammer_v2\outputs\baseline_human_audited_mismatch_review_20260504\overlay_packet\overlays\pipeline_full\260309_-_Drawing_Rev2-_Steel_Grab_Bars_p0026_pipeline_full_truth_vs_predictions.jpg,F:\Desktop\m\projects\scopeLedger\CloudHammer_v2\outputs\baseline_pipeline_full_page_disjoint_real_20260502\whole_cloud_candidates\crops\260309 - Drawing Rev2- Steel Grab Bars\260309_-_Drawing_Rev2-_Steel_Grab_Bars_75d983f3_p0026_whole_001_medium.png,43,,,
260309_-_Drawing_Rev2-_Steel_Grab_Bars_p0027:model_only_tiled:pred:pred_001,260309_-_Drawing_Rev2-_Steel_Grab_Bars:p0027,model_only_tiled,false_positive,truth_001,pred_001,0.717966,0.507436,0.507436,0.507436,truth_001,pred_002,0.664099,True,pred_002,,True,"pred_001 was not assigned the IoU 0.25 scoring match. Its nearest truth is truth_001 at IoU 0.507, but that truth was already matched to pred_002. This may be a duplicate/fragment scoring artifact.",prediction_fragment_on_real_cloud,resolved,Prediction is on a real cloud and appears to add useful coverage beyond the accepted prediction; review merge vs suppress.,F:\Desktop\m\projects\scopeLedger\CloudHammer_v2\outputs\baseline_human_audited_mismatch_review_20260504\overlay_packet\overlays\model_only_tiled\260309_-_Drawing_Rev2-_Steel_Grab_Bars_p0027_model_only_tiled_truth_vs_predictions.jpg,F:\Desktop\m\projects\scopeLedger\CloudHammer_v2\outputs\baseline_model_only_tiled_page_disjoint_real_20260502\crops\260309_-_Drawing_Rev2-_Steel_Grab_Bars_0a2c9d5e_p0027_cloud_001.png,44,yes,medium,Prediction is on a real cloud and appears to add useful coverage beyond the accepted prediction; review merge vs suppress.
260309_-_Drawing_Rev2-_Steel_Grab_Bars_p0027:pipeline_full:pred:pred_001,260309_-_Drawing_Rev2-_Steel_Grab_Bars:p0027,pipeline_full,localization_low_iou,truth_001,pred_001,0.735047,0.448441,0.448441,0.448441,truth_001,pred_001,0.448441,False,,,False,"pred_001 was matched to truth_001 at IoU 0.448, so it counts as a TP at IoU 0.25. It is queued because localization is below IoU 0.50.",localization_too_loose,resolved,Prediction found the cloud but box is too loose and includes extra non-cloud area; review/tighten whole-cloud localization.,F:\Desktop\m\projects\scopeLedger\CloudHammer_v2\outputs\baseline_human_audited_mismatch_review_20260504\overlay_packet\overlays\pipeline_full\260309_-_Drawing_Rev2-_Steel_Grab_Bars_p0027_pipeline_full_truth_vs_predictions.jpg,F:\Desktop\m\projects\scopeLedger\CloudHammer_v2\outputs\baseline_pipeline_full_page_disjoint_real_20260502\whole_cloud_candidates\crops\260309 - Drawing Rev2- Steel Grab Bars\260309_-_Drawing_Rev2-_Steel_Grab_Bars_75d983f3_p0027_whole_001_medium.png,45,yes,high,Prediction found the cloud but box is too loose and includes extra non-cloud area; review/tighten whole-cloud localization.
260309_-_Drawing_Rev2-_Steel_Grab_Bars_p0028:model_only_tiled:pred:pred_001,260309_-_Drawing_Rev2-_Steel_Grab_Bars:p0028,model_only_tiled,false_positive,truth_001,pred_001,0.915036,0.061639,0.061639,0.061639,truth_001,pred_001,0.061639,False,,,False,"pred_001 was not assigned a scoring match because its nearest truth is truth_001 at IoU 0.062, below the IoU 0.25 threshold.",prediction_fragment_on_real_cloud,resolved,Prediction overlaps a real truth cloud but was below scoring threshold; likely fragment/loose piece needing merge or better grouping.,F:\Desktop\m\projects\scopeLedger\CloudHammer_v2\outputs\baseline_human_audited_mismatch_review_20260504\overlay_packet\overlays\model_only_tiled\260309_-_Drawing_Rev2-_Steel_Grab_Bars_p0028_model_only_tiled_truth_vs_predictions.jpg,F:\Desktop\m\projects\scopeLedger\CloudHammer_v2\outputs\baseline_model_only_tiled_page_disjoint_real_20260502\crops\260309_-_Drawing_Rev2-_Steel_Grab_Bars_0a2c9d5e_p0028_cloud_001.png,46,yes,medium,Prediction overlaps a real truth cloud but was below scoring threshold; likely fragment/loose piece needing merge or better grouping.
260309_-_Drawing_Rev2-_Steel_Grab_Bars_p0028:model_only_tiled:pred:pred_002,260309_-_Drawing_Rev2-_Steel_Grab_Bars:p0028,model_only_tiled,false_positive,truth_001,pred_002,0.865935,0.073423,0.073423,0.073423,truth_001,pred_002,0.073423,False,,,False,"pred_002 was not assigned a scoring match because its nearest truth is truth_001 at IoU 0.073, below the IoU 0.25 threshold.",prediction_fragment_on_real_cloud,resolved,Prediction overlaps a real truth cloud but was below scoring threshold; likely fragment/loose piece needing merge or better grouping.,F:\Desktop\m\projects\scopeLedger\CloudHammer_v2\outputs\baseline_human_audited_mismatch_review_20260504\overlay_packet\overlays\model_only_tiled\260309_-_Drawing_Rev2-_Steel_Grab_Bars_p0028_model_only_tiled_truth_vs_predictions.jpg,F:\Desktop\m\projects\scopeLedger\CloudHammer_v2\outputs\baseline_model_only_tiled_page_disjoint_real_20260502\crops\260309_-_Drawing_Rev2-_Steel_Grab_Bars_0a2c9d5e_p0028_cloud_002.png,47,yes,medium,Prediction overlaps a real truth cloud but was below scoring threshold; likely fragment/loose piece needing merge or better grouping.
260309_-_Drawing_Rev2-_Steel_Grab_Bars_p0028:model_only_tiled:pred:pred_003,260309_-_Drawing_Rev2-_Steel_Grab_Bars:p0028,model_only_tiled,false_positive,truth_001,pred_003,0.820989,0.046715,0.046715,0.046715,truth_001,pred_003,0.046715,False,,,False,"pred_003 was not assigned a scoring match because its nearest truth is truth_001 at IoU 0.047, below the IoU 0.25 threshold.",prediction_fragment_on_real_cloud,resolved,Prediction overlaps a real truth cloud but was below scoring threshold; likely fragment/loose piece needing merge or better grouping.,F:\Desktop\m\projects\scopeLedger\CloudHammer_v2\outputs\baseline_human_audited_mismatch_review_20260504\overlay_packet\overlays\model_only_tiled\260309_-_Drawing_Rev2-_Steel_Grab_Bars_p0028_model_only_tiled_truth_vs_predictions.jpg,F:\Desktop\m\projects\scopeLedger\CloudHammer_v2\outputs\baseline_model_only_tiled_page_disjoint_real_20260502\crops\260309_-_Drawing_Rev2-_Steel_Grab_Bars_0a2c9d5e_p0028_cloud_003.png,48,yes,medium,Prediction overlaps a real truth cloud but was below scoring threshold; likely fragment/loose piece needing merge or better grouping.
260309_-_Drawing_Rev2-_Steel_Grab_Bars_p0028:model_only_tiled:truth:truth_001,260309_-_Drawing_Rev2-_Steel_Grab_Bars:p0028,model_only_tiled,false_negative,truth_001,pred_002,0.865935,0.073423,0.073423,0.073423,truth_001,pred_002,0.073423,False,,,False,truth_001 did not receive an IoU 0.25 scoring match. The nearest prediction is pred_002 at IoU 0.073.,split_fragment,resolved,Truth cloud exists but detections are split into fragments or poorly localized; no single whole-cloud prediction matched.,F:\Desktop\m\projects\scopeLedger\CloudHammer_v2\outputs\baseline_human_audited_mismatch_review_20260504\overlay_packet\overlays\model_only_tiled\260309_-_Drawing_Rev2-_Steel_Grab_Bars_p0028_model_only_tiled_truth_vs_predictions.jpg,F:\Desktop\m\projects\scopeLedger\CloudHammer_v2\outputs\baseline_model_only_tiled_page_disjoint_real_20260502\crops\260309_-_Drawing_Rev2-_Steel_Grab_Bars_0a2c9d5e_p0028_cloud_002.png,49,yes,high,Truth cloud exists but detections are split into fragments or poorly localized; no single whole-cloud prediction matched.
260309_-_Drawing_Rev2-_Steel_Grab_Bars_p0028:pipeline_full:pred:pred_001,260309_-_Drawing_Rev2-_Steel_Grab_Bars:p0028,pipeline_full,false_positive,truth_001,pred_001,0.912869,0.226011,0.226011,0.226011,truth_001,pred_001,0.226011,False,,,False,"pred_001 was not assigned a scoring match because its nearest truth is truth_001 at IoU 0.226, below the IoU 0.25 threshold.",prediction_fragment_on_real_cloud,resolved,Prediction overlaps a real truth cloud but was below scoring threshold; likely fragment/loose piece needing merge or better grouping.,F:\Desktop\m\projects\scopeLedger\CloudHammer_v2\outputs\baseline_human_audited_mismatch_review_20260504\overlay_packet\overlays\pipeline_full\260309_-_Drawing_Rev2-_Steel_Grab_Bars_p0028_pipeline_full_truth_vs_predictions.jpg,F:\Desktop\m\projects\scopeLedger\CloudHammer_v2\outputs\baseline_pipeline_full_page_disjoint_real_20260502\whole_cloud_candidates\crops\260309 - Drawing Rev2- Steel Grab Bars\260309_-_Drawing_Rev2-_Steel_Grab_Bars_75d983f3_p0028_whole_001_large.png,50,yes,medium,Prediction overlaps a real truth cloud but was below scoring threshold; likely fragment/loose piece needing merge or better grouping.
260309_-_Drawing_Rev2-_Steel_Grab_Bars_p0028:pipeline_full:pred:pred_002,260309_-_Drawing_Rev2-_Steel_Grab_Bars:p0028,pipeline_full,false_positive,truth_001,pred_002,0.927286,0.077325,0.077325,0.077325,truth_001,pred_002,0.077325,False,,,False,"pred_002 was not assigned a scoring match because its nearest truth is truth_001 at IoU 0.077, below the IoU 0.25 threshold.",prediction_fragment_on_real_cloud,resolved,Prediction overlaps a real truth cloud but was below scoring threshold; likely fragment/loose piece needing merge or better grouping.,F:\Desktop\m\projects\scopeLedger\CloudHammer_v2\outputs\baseline_human_audited_mismatch_review_20260504\overlay_packet\overlays\pipeline_full\260309_-_Drawing_Rev2-_Steel_Grab_Bars_p0028_pipeline_full_truth_vs_predictions.jpg,F:\Desktop\m\projects\scopeLedger\CloudHammer_v2\outputs\baseline_pipeline_full_page_disjoint_real_20260502\whole_cloud_candidates\crops\260309 - Drawing Rev2- Steel Grab Bars\260309_-_Drawing_Rev2-_Steel_Grab_Bars_75d983f3_p0028_whole_002_medium.png,51,yes,medium,Prediction overlaps a real truth cloud but was below scoring threshold; likely fragment/loose piece needing merge or better grouping.
260309_-_Drawing_Rev2-_Steel_Grab_Bars_p0028:pipeline_full:truth:truth_001,260309_-_Drawing_Rev2-_Steel_Grab_Bars:p0028,pipeline_full,false_negative,truth_001,pred_001,0.912869,0.226011,0.226011,0.226011,truth_001,pred_001,0.226011,False,,,False,truth_001 did not receive an IoU 0.25 scoring match. The nearest prediction is pred_001 at IoU 0.226.,split_fragment,resolved,Truth cloud exists but detections are split into fragments or poorly localized; no single whole-cloud prediction matched.,F:\Desktop\m\projects\scopeLedger\CloudHammer_v2\outputs\baseline_human_audited_mismatch_review_20260504\overlay_packet\overlays\pipeline_full\260309_-_Drawing_Rev2-_Steel_Grab_Bars_p0028_pipeline_full_truth_vs_predictions.jpg,F:\Desktop\m\projects\scopeLedger\CloudHammer_v2\outputs\baseline_pipeline_full_page_disjoint_real_20260502\whole_cloud_candidates\crops\260309 - Drawing Rev2- Steel Grab Bars\260309_-_Drawing_Rev2-_Steel_Grab_Bars_75d983f3_p0028_whole_001_large.png,52,yes,high,Truth cloud exists but detections are split into fragments or poorly localized; no single whole-cloud prediction matched.
260313_-_VA_Biloxi_Rev_3_p0188:model_only_tiled:pred:pred_001,260313_-_VA_Biloxi_Rev_3:p0188,model_only_tiled,false_positive,truth_002,pred_001,0.938478,0.325612,0.325612,0.325612,truth_002,pred_007,0.432443,True,pred_007,,True,"pred_001 was not assigned the IoU 0.25 scoring match. Its nearest truth is truth_002 at IoU 0.326, but that truth was already matched to pred_007. This may be a duplicate/fragment scoring artifact.",prediction_fragment_on_real_cloud,resolved,Prediction is on a real cloud and appears to add useful coverage beyond the accepted prediction; review merge vs suppress.,F:\Desktop\m\projects\scopeLedger\CloudHammer_v2\outputs\baseline_human_audited_mismatch_review_20260504\overlay_packet\overlays\model_only_tiled\260313_-_VA_Biloxi_Rev_3_p0188_model_only_tiled_truth_vs_predictions.jpg,F:\Desktop\m\projects\scopeLedger\CloudHammer_v2\outputs\baseline_model_only_tiled_page_disjoint_real_20260502\crops\260313_-_VA_Biloxi_Rev_3_811badc1_p0188_cloud_001.png,53,yes,medium,Prediction is on a real cloud and appears to add useful coverage beyond the accepted prediction; review merge vs suppress.
260313_-_VA_Biloxi_Rev_3_p0188:model_only_tiled:pred:pred_002,260313_-_VA_Biloxi_Rev_3:p0188,model_only_tiled,false_positive,truth_002,pred_002,0.923123,0.346575,0.346575,0.346575,truth_002,pred_007,0.432443,True,pred_007,,True,"pred_002 was not assigned the IoU 0.25 scoring match. Its nearest truth is truth_002 at IoU 0.347, but that truth was already matched to pred_007. This may be a duplicate/fragment scoring artifact.",prediction_fragment_on_real_cloud,resolved,Prediction is on a real cloud and appears to add useful coverage beyond the accepted prediction; review merge vs suppress.,F:\Desktop\m\projects\scopeLedger\CloudHammer_v2\outputs\baseline_human_audited_mismatch_review_20260504\overlay_packet\overlays\model_only_tiled\260313_-_VA_Biloxi_Rev_3_p0188_model_only_tiled_truth_vs_predictions.jpg,F:\Desktop\m\projects\scopeLedger\CloudHammer_v2\outputs\baseline_model_only_tiled_page_disjoint_real_20260502\crops\260313_-_VA_Biloxi_Rev_3_811badc1_p0188_cloud_002.png,54,yes,medium,Prediction is on a real cloud and appears to add useful coverage beyond the accepted prediction; review merge vs suppress.
260313_-_VA_Biloxi_Rev_3_p0188:model_only_tiled:pred:pred_003,260313_-_VA_Biloxi_Rev_3:p0188,model_only_tiled,false_positive,truth_001,pred_003,0.906871,0.143762,0.143762,0.143762,truth_001,pred_008,0.545532,True,pred_008,,True,"pred_003 was not assigned the IoU 0.25 scoring match. Its nearest truth is truth_001 at IoU 0.144, but that truth was already matched to pred_008. This may be a duplicate/fragment scoring artifact.",prediction_fragment_on_real_cloud,resolved,Prediction is on a real cloud and appears to add useful coverage beyond the accepted prediction; review merge vs suppress.,F:\Desktop\m\projects\scopeLedger\CloudHammer_v2\outputs\baseline_human_audited_mismatch_review_20260504\overlay_packet\overlays\model_only_tiled\260313_-_VA_Biloxi_Rev_3_p0188_model_only_tiled_truth_vs_predictions.jpg,F:\Desktop\m\projects\scopeLedger\CloudHammer_v2\outputs\baseline_model_only_tiled_page_disjoint_real_20260502\crops\260313_-_VA_Biloxi_Rev_3_811badc1_p0188_cloud_003.png,55,yes,medium,Prediction is on a real cloud and appears to add useful coverage beyond the accepted prediction; review merge vs suppress.
260313_-_VA_Biloxi_Rev_3_p0188:model_only_tiled:pred:pred_004,260313_-_VA_Biloxi_Rev_3:p0188,model_only_tiled,false_positive,truth_002,pred_004,0.843172,0.103636,0.103636,0.103636,truth_002,pred_007,0.432443,True,pred_007,,True,"pred_004 was not assigned the IoU 0.25 scoring match. Its nearest truth is truth_002 at IoU 0.104, but that truth was already matched to pred_007. This may be a duplicate/fragment scoring artifact.",prediction_fragment_on_real_cloud,resolved,Prediction is on a real cloud and appears to add useful coverage beyond the accepted prediction; review merge vs suppress.,F:\Desktop\m\projects\scopeLedger\CloudHammer_v2\outputs\baseline_human_audited_mismatch_review_20260504\overlay_packet\overlays\model_only_tiled\260313_-_VA_Biloxi_Rev_3_p0188_model_only_tiled_truth_vs_predictions.jpg,F:\Desktop\m\projects\scopeLedger\CloudHammer_v2\outputs\baseline_model_only_tiled_page_disjoint_real_20260502\crops\260313_-_VA_Biloxi_Rev_3_811badc1_p0188_cloud_004.png,56,yes,medium,Prediction is on a real cloud and appears to add useful coverage beyond the accepted prediction; review merge vs suppress.
260313_-_VA_Biloxi_Rev_3_p0188:model_only_tiled:pred:pred_005,260313_-_VA_Biloxi_Rev_3:p0188,model_only_tiled,false_positive,truth_001,pred_005,0.841989,0.399234,0.399234,0.399234,truth_001,pred_008,0.545532,True,pred_008,,True,"pred_005 was not assigned the IoU 0.25 scoring match. Its nearest truth is truth_001 at IoU 0.399, but that truth was already matched to pred_008. This may be a duplicate/fragment scoring artifact.",prediction_fragment_on_real_cloud,resolved,Prediction is on a real cloud and appears to add useful coverage beyond the accepted prediction; review merge vs suppress.,F:\Desktop\m\projects\scopeLedger\CloudHammer_v2\outputs\baseline_human_audited_mismatch_review_20260504\overlay_packet\overlays\model_only_tiled\260313_-_VA_Biloxi_Rev_3_p0188_model_only_tiled_truth_vs_predictions.jpg,F:\Desktop\m\projects\scopeLedger\CloudHammer_v2\outputs\baseline_model_only_tiled_page_disjoint_real_20260502\crops\260313_-_VA_Biloxi_Rev_3_811badc1_p0188_cloud_005.png,57,yes,medium,Prediction is on a real cloud and appears to add useful coverage beyond the accepted prediction; review merge vs suppress.
260313_-_VA_Biloxi_Rev_3_p0188:model_only_tiled:pred:pred_006,260313_-_VA_Biloxi_Rev_3:p0188,model_only_tiled,false_positive,truth_002,pred_006,0.807545,0.105594,0.105594,0.105594,truth_002,pred_007,0.432443,True,pred_007,,True,"pred_006 was not assigned the IoU 0.25 scoring match. Its nearest truth is truth_002 at IoU 0.106, but that truth was already matched to pred_007. This may be a duplicate/fragment scoring artifact.",prediction_fragment_on_real_cloud,resolved,Prediction is on a real cloud and appears to add useful coverage beyond the accepted prediction; review merge vs suppress.,F:\Desktop\m\projects\scopeLedger\CloudHammer_v2\outputs\baseline_human_audited_mismatch_review_20260504\overlay_packet\overlays\model_only_tiled\260313_-_VA_Biloxi_Rev_3_p0188_model_only_tiled_truth_vs_predictions.jpg,F:\Desktop\m\projects\scopeLedger\CloudHammer_v2\outputs\baseline_model_only_tiled_page_disjoint_real_20260502\crops\260313_-_VA_Biloxi_Rev_3_811badc1_p0188_cloud_006.png,58,yes,medium,Prediction is on a real cloud and appears to add useful coverage beyond the accepted prediction; review merge vs suppress.
260313_-_VA_Biloxi_Rev_3_p0188:model_only_tiled:pred:pred_007,260313_-_VA_Biloxi_Rev_3:p0188,model_only_tiled,localization_low_iou,truth_002,pred_007,0.747757,0.432443,0.432443,0.432443,truth_002,pred_007,0.432443,False,,,False,"pred_007 was matched to truth_002 at IoU 0.432, so it counts as a TP at IoU 0.25. It is queued because localization is below IoU 0.50.",localization_too_tight,resolved,Prediction found the cloud but covers only part of the truth; needs merge/whole-cloud coverage.,F:\Desktop\m\projects\scopeLedger\CloudHammer_v2\outputs\baseline_human_audited_mismatch_review_20260504\overlay_packet\overlays\model_only_tiled\260313_-_VA_Biloxi_Rev_3_p0188_model_only_tiled_truth_vs_predictions.jpg,F:\Desktop\m\projects\scopeLedger\CloudHammer_v2\outputs\baseline_model_only_tiled_page_disjoint_real_20260502\crops\260313_-_VA_Biloxi_Rev_3_811badc1_p0188_cloud_007.png,59,yes,high,Prediction found the cloud but covers only part of the truth; needs merge/whole-cloud coverage.
260313_-_VA_Biloxi_Rev_3_p0188:model_only_tiled:pred:pred_009,260313_-_VA_Biloxi_Rev_3:p0188,model_only_tiled,false_positive,truth_002,pred_009,0.578081,0.12448,0.12448,0.12448,truth_002,pred_007,0.432443,True,pred_007,,True,"pred_009 was not assigned the IoU 0.25 scoring match. Its nearest truth is truth_002 at IoU 0.124, but that truth was already matched to pred_007. This may be a duplicate/fragment scoring artifact.",duplicate_prediction_on_real_cloud,resolved,Prediction is an extra box on a real cloud already claimed by another prediction; likely suppress/delete duplicate.,F:\Desktop\m\projects\scopeLedger\CloudHammer_v2\outputs\baseline_human_audited_mismatch_review_20260504\overlay_packet\overlays\model_only_tiled\260313_-_VA_Biloxi_Rev_3_p0188_model_only_tiled_truth_vs_predictions.jpg,F:\Desktop\m\projects\scopeLedger\CloudHammer_v2\outputs\baseline_model_only_tiled_page_disjoint_real_20260502\crops\260313_-_VA_Biloxi_Rev_3_811badc1_p0188_cloud_009.png,60,yes,medium,Prediction is an extra box on a real cloud already claimed by another prediction; likely suppress/delete duplicate.
260313_-_VA_Biloxi_Rev_3_p0188:model_only_tiled:pred:pred_010,260313_-_VA_Biloxi_Rev_3:p0188,model_only_tiled,false_positive,truth_002,pred_010,0.511719,0.02232,0.02232,0.02232,truth_002,pred_007,0.432443,True,pred_007,,True,"pred_010 was not assigned the IoU 0.25 scoring match. Its nearest truth is truth_002 at IoU 0.022, but that truth was already matched to pred_007. This may be a duplicate/fragment scoring artifact.",duplicate_prediction_on_real_cloud,resolved,Prediction is an extra box on a real cloud already claimed by another prediction; likely suppress/delete duplicate.,F:\Desktop\m\projects\scopeLedger\CloudHammer_v2\outputs\baseline_human_audited_mismatch_review_20260504\overlay_packet\overlays\model_only_tiled\260313_-_VA_Biloxi_Rev_3_p0188_model_only_tiled_truth_vs_predictions.jpg,F:\Desktop\m\projects\scopeLedger\CloudHammer_v2\outputs\baseline_model_only_tiled_page_disjoint_real_20260502\crops\260313_-_VA_Biloxi_Rev_3_811badc1_p0188_cloud_010.png,61,yes,medium,Prediction is an extra box on a real cloud already claimed by another prediction; likely suppress/delete duplicate.
260313_-_VA_Biloxi_Rev_3_p0188:pipeline_full:pred:pred_001,260313_-_VA_Biloxi_Rev_3:p0188,pipeline_full,localization_low_iou,truth_002,pred_001,0.977278,0.475886,0.475886,0.475886,truth_002,pred_001,0.475886,False,,,False,"pred_001 was matched to truth_002 at IoU 0.476, so it counts as a TP at IoU 0.25. It is queued because localization is below IoU 0.50.",localization_too_loose,resolved,Prediction found the cloud but box is too loose and includes extra non-cloud area; review/tighten whole-cloud localization.,F:\Desktop\m\projects\scopeLedger\CloudHammer_v2\outputs\baseline_human_audited_mismatch_review_20260504\overlay_packet\overlays\pipeline_full\260313_-_VA_Biloxi_Rev_3_p0188_pipeline_full_truth_vs_predictions.jpg,F:\Desktop\m\projects\scopeLedger\CloudHammer_v2\outputs\baseline_pipeline_full_page_disjoint_real_20260502\whole_cloud_candidates\crops\260313 - VA Biloxi Rev 3\260313_-_VA_Biloxi_Rev_3_ff19da68_p0188_whole_001_large.png,62,yes,high,Prediction found the cloud but box is too loose and includes extra non-cloud area; review/tighten whole-cloud localization.
260313_-_VA_Biloxi_Rev_3_p0188:pipeline_full:pred:pred_002,260313_-_VA_Biloxi_Rev_3:p0188,pipeline_full,localization_low_iou,truth_001,pred_002,0.937547,0.402142,0.402142,0.402142,truth_001,pred_002,0.402142,False,,,False,"pred_002 was matched to truth_001 at IoU 0.402, so it counts as a TP at IoU 0.25. It is queued because localization is below IoU 0.50.",localization_too_loose,resolved,Prediction found the cloud but box is too loose and includes extra non-cloud area; review/tighten whole-cloud localization.,F:\Desktop\m\projects\scopeLedger\CloudHammer_v2\outputs\baseline_human_audited_mismatch_review_20260504\overlay_packet\overlays\pipeline_full\260313_-_VA_Biloxi_Rev_3_p0188_pipeline_full_truth_vs_predictions.jpg,F:\Desktop\m\projects\scopeLedger\CloudHammer_v2\outputs\baseline_pipeline_full_page_disjoint_real_20260502\whole_cloud_candidates\crops\260313 - VA Biloxi Rev 3\260313_-_VA_Biloxi_Rev_3_ff19da68_p0188_whole_002_large.png,63,yes,high,Prediction found the cloud but box is too loose and includes extra non-cloud area; review/tighten whole-cloud localization.
260313_-_VA_Biloxi_Rev_3_p0197:model_only_tiled:pred:pred_003,260313_-_VA_Biloxi_Rev_3:p0197,model_only_tiled,false_positive,truth_002,pred_003,0.794024,0.258792,0.258792,0.258792,truth_002,pred_001,0.909764,True,pred_001,,True,"pred_003 was not assigned the IoU 0.25 scoring match. Its nearest truth is truth_002 at IoU 0.259, but that truth was already matched to pred_001. This may be a duplicate/fragment scoring artifact.",duplicate_prediction_on_real_cloud,resolved,Prediction is an extra box on a real cloud already claimed by another prediction; likely suppress/delete duplicate.,F:\Desktop\m\projects\scopeLedger\CloudHammer_v2\outputs\baseline_human_audited_mismatch_review_20260504\overlay_packet\overlays\model_only_tiled\260313_-_VA_Biloxi_Rev_3_p0197_model_only_tiled_truth_vs_predictions.jpg,F:\Desktop\m\projects\scopeLedger\CloudHammer_v2\outputs\baseline_model_only_tiled_page_disjoint_real_20260502\crops\260313_-_VA_Biloxi_Rev_3_811badc1_p0197_cloud_003.png,64,yes,medium,Prediction is an extra box on a real cloud already claimed by another prediction; likely suppress/delete duplicate.
260313_-_VA_Biloxi_Rev_3_p0197:pipeline_full:pred:pred_001,260313_-_VA_Biloxi_Rev_3:p0197,pipeline_full,false_positive,truth_002,pred_001,0.953992,0.140125,0.140125,0.140125,truth_002,pred_001,0.140125,False,,,False,"pred_001 was not assigned a scoring match because its nearest truth is truth_002 at IoU 0.140, below the IoU 0.25 threshold.",prediction_fragment_on_real_cloud,resolved,Prediction overlaps a real truth cloud but was below scoring threshold; likely fragment/loose piece needing merge or better grouping.,F:\Desktop\m\projects\scopeLedger\CloudHammer_v2\outputs\baseline_human_audited_mismatch_review_20260504\overlay_packet\overlays\pipeline_full\260313_-_VA_Biloxi_Rev_3_p0197_pipeline_full_truth_vs_predictions.jpg,F:\Desktop\m\projects\scopeLedger\CloudHammer_v2\outputs\baseline_pipeline_full_page_disjoint_real_20260502\whole_cloud_candidates\crops\260313 - VA Biloxi Rev 3\260313_-_VA_Biloxi_Rev_3_ff19da68_p0197_whole_001_small.png,65,yes,medium,Prediction overlaps a real truth cloud but was below scoring threshold; likely fragment/loose piece needing merge or better grouping.
260313_-_VA_Biloxi_Rev_3_p0197:pipeline_full:truth:truth_001,260313_-_VA_Biloxi_Rev_3:p0197,pipeline_full,false_negative,truth_001,pred_001,0.953992,0.091915,0.091915,0.091915,truth_001,pred_001,0.091915,False,,,False,truth_001 did not receive an IoU 0.25 scoring match. The nearest prediction is pred_001 at IoU 0.092.,split_fragment,resolved,Truth cloud exists but detections are split into fragments or poorly localized; no single whole-cloud prediction matched.,F:\Desktop\m\projects\scopeLedger\CloudHammer_v2\outputs\baseline_human_audited_mismatch_review_20260504\overlay_packet\overlays\pipeline_full\260313_-_VA_Biloxi_Rev_3_p0197_pipeline_full_truth_vs_predictions.jpg,F:\Desktop\m\projects\scopeLedger\CloudHammer_v2\outputs\baseline_pipeline_full_page_disjoint_real_20260502\whole_cloud_candidates\crops\260313 - VA Biloxi Rev 3\260313_-_VA_Biloxi_Rev_3_ff19da68_p0197_whole_001_small.png,66,yes,high,Truth cloud exists but detections are split into fragments or poorly localized; no single whole-cloud prediction matched.
260313_-_VA_Biloxi_Rev_3_p0197:pipeline_full:truth:truth_002,260313_-_VA_Biloxi_Rev_3:p0197,pipeline_full,false_negative,truth_002,pred_001,0.953992,0.140125,0.140125,0.140125,truth_002,pred_001,0.140125,False,,,False,truth_002 did not receive an IoU 0.25 scoring match. The nearest prediction is pred_001 at IoU 0.140.,split_fragment,resolved,Truth cloud exists but detections are split into fragments or poorly localized; no single whole-cloud prediction matched.,F:\Desktop\m\projects\scopeLedger\CloudHammer_v2\outputs\baseline_human_audited_mismatch_review_20260504\overlay_packet\overlays\pipeline_full\260313_-_VA_Biloxi_Rev_3_p0197_pipeline_full_truth_vs_predictions.jpg,F:\Desktop\m\projects\scopeLedger\CloudHammer_v2\outputs\baseline_pipeline_full_page_disjoint_real_20260502\whole_cloud_candidates\crops\260313 - VA Biloxi Rev 3\260313_-_VA_Biloxi_Rev_3_ff19da68_p0197_whole_001_small.png,67,yes,high,Truth cloud exists but detections are split into fragments or poorly localized; no single whole-cloud prediction matched.
260303-VA_Biloxi_Rev_5_RFI-126_p0007:model_only_tiled:pred:pred_003,260303-VA_Biloxi_Rev_5_RFI-126:p0007,model_only_tiled,false_positive,truth_002,pred_003,0.882375,0.354849,0.354849,0.354849,truth_002,pred_010,0.426987,True,pred_010,,True,"pred_003 was not assigned the IoU 0.25 scoring match. Its nearest truth is truth_002 at IoU 0.355, but that truth was already matched to pred_010. This may be a duplicate/fragment scoring artifact.",prediction_fragment_on_real_cloud,resolved,Prediction is on a real cloud and appears to add useful coverage beyond the accepted prediction; review merge vs suppress.,F:\Desktop\m\projects\scopeLedger\CloudHammer_v2\outputs\baseline_human_audited_mismatch_review_20260504\overlay_packet\overlays\model_only_tiled\260303-VA_Biloxi_Rev_5_RFI-126_p0007_model_only_tiled_truth_vs_predictions.jpg,F:\Desktop\m\projects\scopeLedger\CloudHammer_v2\outputs\baseline_model_only_tiled_page_disjoint_real_20260502\crops\260303-VA_Biloxi_Rev_5_RFI-126_21a92377_p0007_cloud_003.png,68,yes,medium,Prediction is on a real cloud and appears to add useful coverage beyond the accepted prediction; review merge vs suppress.
260303-VA_Biloxi_Rev_5_RFI-126_p0007:model_only_tiled:pred:pred_004,260303-VA_Biloxi_Rev_5_RFI-126:p0007,model_only_tiled,false_positive,truth_001,pred_004,0.874506,0.327028,0.327028,0.327028,truth_001,pred_008,0.431518,True,pred_008,,True,"pred_004 was not assigned the IoU 0.25 scoring match. Its nearest truth is truth_001 at IoU 0.327, but that truth was already matched to pred_008. This may be a duplicate/fragment scoring artifact.",prediction_fragment_on_real_cloud,resolved,Prediction is on a real cloud and appears to add useful coverage beyond the accepted prediction; review merge vs suppress.,F:\Desktop\m\projects\scopeLedger\CloudHammer_v2\outputs\baseline_human_audited_mismatch_review_20260504\overlay_packet\overlays\model_only_tiled\260303-VA_Biloxi_Rev_5_RFI-126_p0007_model_only_tiled_truth_vs_predictions.jpg,F:\Desktop\m\projects\scopeLedger\CloudHammer_v2\outputs\baseline_model_only_tiled_page_disjoint_real_20260502\crops\260303-VA_Biloxi_Rev_5_RFI-126_21a92377_p0007_cloud_004.png,69,yes,medium,Prediction is on a real cloud and appears to add useful coverage beyond the accepted prediction; review merge vs suppress.
260303-VA_Biloxi_Rev_5_RFI-126_p0007:model_only_tiled:pred:pred_005,260303-VA_Biloxi_Rev_5_RFI-126:p0007,model_only_tiled,false_positive,truth_001,pred_005,0.851732,0.111859,0.111859,0.111859,truth_001,pred_008,0.431518,True,pred_008,,True,"pred_005 was not assigned the IoU 0.25 scoring match. Its nearest truth is truth_001 at IoU 0.112, but that truth was already matched to pred_008. This may be a duplicate/fragment scoring artifact.",prediction_fragment_on_real_cloud,resolved,Prediction is on a real cloud and appears to add useful coverage beyond the accepted prediction; review merge vs suppress.,F:\Desktop\m\projects\scopeLedger\CloudHammer_v2\outputs\baseline_human_audited_mismatch_review_20260504\overlay_packet\overlays\model_only_tiled\260303-VA_Biloxi_Rev_5_RFI-126_p0007_model_only_tiled_truth_vs_predictions.jpg,F:\Desktop\m\projects\scopeLedger\CloudHammer_v2\outputs\baseline_model_only_tiled_page_disjoint_real_20260502\crops\260303-VA_Biloxi_Rev_5_RFI-126_21a92377_p0007_cloud_005.png,70,yes,medium,Prediction is on a real cloud and appears to add useful coverage beyond the accepted prediction; review merge vs suppress.
260303-VA_Biloxi_Rev_5_RFI-126_p0007:model_only_tiled:pred:pred_006,260303-VA_Biloxi_Rev_5_RFI-126:p0007,model_only_tiled,false_positive,truth_002,pred_006,0.837475,0.158745,0.158745,0.158745,truth_002,pred_010,0.426987,True,pred_010,,True,"pred_006 was not assigned the IoU 0.25 scoring match. Its nearest truth is truth_002 at IoU 0.159, but that truth was already matched to pred_010. This may be a duplicate/fragment scoring artifact.",prediction_fragment_on_real_cloud,resolved,Prediction is on a real cloud and appears to add useful coverage beyond the accepted prediction; review merge vs suppress.,F:\Desktop\m\projects\scopeLedger\CloudHammer_v2\outputs\baseline_human_audited_mismatch_review_20260504\overlay_packet\overlays\model_only_tiled\260303-VA_Biloxi_Rev_5_RFI-126_p0007_model_only_tiled_truth_vs_predictions.jpg,F:\Desktop\m\projects\scopeLedger\CloudHammer_v2\outputs\baseline_model_only_tiled_page_disjoint_real_20260502\crops\260303-VA_Biloxi_Rev_5_RFI-126_21a92377_p0007_cloud_006.png,71,yes,medium,Prediction is on a real cloud and appears to add useful coverage beyond the accepted prediction; review merge vs suppress.
260303-VA_Biloxi_Rev_5_RFI-126_p0007:model_only_tiled:pred:pred_007,260303-VA_Biloxi_Rev_5_RFI-126:p0007,model_only_tiled,false_positive,truth_004,pred_007,0.764076,0.208795,0.208795,0.208795,truth_004,pred_001,0.967879,True,pred_001,,True,"pred_007 was not assigned the IoU 0.25 scoring match. Its nearest truth is truth_004 at IoU 0.209, but that truth was already matched to pred_001. This may be a duplicate/fragment scoring artifact.",duplicate_prediction_on_real_cloud,resolved,Prediction is an extra box on a real cloud already claimed by another prediction; likely suppress/delete duplicate.,F:\Desktop\m\projects\scopeLedger\CloudHammer_v2\outputs\baseline_human_audited_mismatch_review_20260504\overlay_packet\overlays\model_only_tiled\260303-VA_Biloxi_Rev_5_RFI-126_p0007_model_only_tiled_truth_vs_predictions.jpg,F:\Desktop\m\projects\scopeLedger\CloudHammer_v2\outputs\baseline_model_only_tiled_page_disjoint_real_20260502\crops\260303-VA_Biloxi_Rev_5_RFI-126_21a92377_p0007_cloud_007.png,72,yes,medium,Prediction is an extra box on a real cloud already claimed by another prediction; likely suppress/delete duplicate.
260303-VA_Biloxi_Rev_5_RFI-126_p0007:model_only_tiled:pred:pred_008,260303-VA_Biloxi_Rev_5_RFI-126:p0007,model_only_tiled,localization_low_iou,truth_001,pred_008,0.760143,0.431518,0.431518,0.431518,truth_001,pred_008,0.431518,False,,,False,"pred_008 was matched to truth_001 at IoU 0.432, so it counts as a TP at IoU 0.25. It is queued because localization is below IoU 0.50.",localization_too_tight,resolved,Prediction found the cloud but covers only part of the truth; needs merge/whole-cloud coverage.,F:\Desktop\m\projects\scopeLedger\CloudHammer_v2\outputs\baseline_human_audited_mismatch_review_20260504\overlay_packet\overlays\model_only_tiled\260303-VA_Biloxi_Rev_5_RFI-126_p0007_model_only_tiled_truth_vs_predictions.jpg,F:\Desktop\m\projects\scopeLedger\CloudHammer_v2\outputs\baseline_model_only_tiled_page_disjoint_real_20260502\crops\260303-VA_Biloxi_Rev_5_RFI-126_21a92377_p0007_cloud_008.png,73,yes,high,Prediction found the cloud but covers only part of the truth; needs merge/whole-cloud coverage.
260303-VA_Biloxi_Rev_5_RFI-126_p0007:model_only_tiled:pred:pred_009,260303-VA_Biloxi_Rev_5_RFI-126:p0007,model_only_tiled,false_positive,truth_002,pred_009,0.725689,0.182538,0.182538,0.182538,truth_002,pred_010,0.426987,True,pred_010,,True,"pred_009 was not assigned the IoU 0.25 scoring match. Its nearest truth is truth_002 at IoU 0.183, but that truth was already matched to pred_010. This may be a duplicate/fragment scoring artifact.",duplicate_prediction_on_real_cloud,resolved,Prediction is an extra box on a real cloud already claimed by another prediction; likely suppress/delete duplicate.,F:\Desktop\m\projects\scopeLedger\CloudHammer_v2\outputs\baseline_human_audited_mismatch_review_20260504\overlay_packet\overlays\model_only_tiled\260303-VA_Biloxi_Rev_5_RFI-126_p0007_model_only_tiled_truth_vs_predictions.jpg,F:\Desktop\m\projects\scopeLedger\CloudHammer_v2\outputs\baseline_model_only_tiled_page_disjoint_real_20260502\crops\260303-VA_Biloxi_Rev_5_RFI-126_21a92377_p0007_cloud_009.png,74,yes,medium,Prediction is an extra box on a real cloud already claimed by another prediction; likely suppress/delete duplicate.
260303-VA_Biloxi_Rev_5_RFI-126_p0007:model_only_tiled:pred:pred_010,260303-VA_Biloxi_Rev_5_RFI-126:p0007,model_only_tiled,localization_low_iou,truth_002,pred_010,0.723602,0.426987,0.426987,0.426987,truth_002,pred_010,0.426987,False,,,False,"pred_010 was matched to truth_002 at IoU 0.427, so it counts as a TP at IoU 0.25. It is queued because localization is below IoU 0.50.",localization_too_tight,resolved,Prediction found the cloud but covers only part of the truth; needs merge/whole-cloud coverage.,F:\Desktop\m\projects\scopeLedger\CloudHammer_v2\outputs\baseline_human_audited_mismatch_review_20260504\overlay_packet\overlays\model_only_tiled\260303-VA_Biloxi_Rev_5_RFI-126_p0007_model_only_tiled_truth_vs_predictions.jpg,F:\Desktop\m\projects\scopeLedger\CloudHammer_v2\outputs\baseline_model_only_tiled_page_disjoint_real_20260502\crops\260303-VA_Biloxi_Rev_5_RFI-126_21a92377_p0007_cloud_010.png,75,yes,high,Prediction found the cloud but covers only part of the truth; needs merge/whole-cloud coverage.
260303-VA_Biloxi_Rev_5_RFI-126_p0007:pipeline_full:pred:pred_001,260303-VA_Biloxi_Rev_5_RFI-126:p0007,pipeline_full,localization_low_iou,truth_002,pred_001,0.959087,0.259466,0.259466,0.259466,truth_002,pred_001,0.259466,False,,,False,"pred_001 was matched to truth_002 at IoU 0.259, so it counts as a TP at IoU 0.25. It is queued because localization is below IoU 0.50.",localization_too_loose,resolved,Prediction found the cloud but box is too loose and includes extra non-cloud area; review/tighten whole-cloud localization.,F:\Desktop\m\projects\scopeLedger\CloudHammer_v2\outputs\baseline_human_audited_mismatch_review_20260504\overlay_packet\overlays\pipeline_full\260303-VA_Biloxi_Rev_5_RFI-126_p0007_pipeline_full_truth_vs_predictions.jpg,F:\Desktop\m\projects\scopeLedger\CloudHammer_v2\outputs\baseline_pipeline_full_page_disjoint_real_20260502\whole_cloud_candidates\crops\260303-VA Biloxi Rev 5 RFI-126\260303-VA_Biloxi_Rev_5_RFI-126_56f520d9_p0007_whole_001_large.png,76,yes,high,Prediction found the cloud but box is too loose and includes extra non-cloud area; review/tighten whole-cloud localization.
260303-VA_Biloxi_Rev_5_RFI-126_p0007:pipeline_full:truth:truth_001,260303-VA_Biloxi_Rev_5_RFI-126:p0007,pipeline_full,false_negative,truth_001,pred_001,0.959087,0.124499,0.124499,0.124499,truth_001,pred_001,0.124499,True,,truth_002,False,"truth_001 did not receive an IoU 0.25 scoring match. The nearest prediction is pred_001 at IoU 0.124, but that prediction was matched to truth_002.",overmerged_grouping,resolved,Truth cloud was missed because nearest prediction was matched to another truth; review as overmerge/grouping/localization issue.,F:\Desktop\m\projects\scopeLedger\CloudHammer_v2\outputs\baseline_human_audited_mismatch_review_20260504\overlay_packet\overlays\pipeline_full\260303-VA_Biloxi_Rev_5_RFI-126_p0007_pipeline_full_truth_vs_predictions.jpg,F:\Desktop\m\projects\scopeLedger\CloudHammer_v2\outputs\baseline_pipeline_full_page_disjoint_real_20260502\whole_cloud_candidates\crops\260303-VA Biloxi Rev 5 RFI-126\260303-VA_Biloxi_Rev_5_RFI-126_56f520d9_p0007_whole_001_large.png,77,yes,medium,Truth cloud was missed because nearest prediction was matched to another truth; review as overmerge/grouping/localization issue.
