review_item_id,source_page_key,eval_mode,mismatch_type,truth_id,prediction_id,confidence,iou_25,best_iou,nearest_truth_iou,nearest_truth_id,nearest_prediction_id,nearest_prediction_iou,matched_elsewhere,matched_elsewhere_prediction_id,matched_elsewhere_truth_id,possible_duplicate_prediction,mismatch_reason_raw,human_error_bucket,human_review_status,human_notes,overlay_path,crop_path
Revision_1_-_Drawing_Changes_p0003:model_only_tiled:pred:pred_001,Revision_1_-_Drawing_Changes:p0003,model_only_tiled,false_positive,truth_001,pred_001,0.841649,0.233938,0.233938,0.233938,truth_001,pred_002,0.664997,true,pred_002,,true,"pred_001 was not assigned the IoU 0.25 scoring match. Its nearest truth is truth_001 at IoU 0.234, but that truth was already matched to pred_002. This may be a duplicate/fragment scoring artifact.",prediction_fragment_on_real_cloud,resolved,"Red is a useful fragment on same real cloud; should merge with blue to improve final whole-cloud coverage. Blue claimed scoring match, but merged blue+red would better match truth.",CloudHammer_v2/outputs/baseline_human_audited_mismatch_review_20260504/overlay_packet/overlays/model_only_tiled/Revision_1_-_Drawing_Changes_p0003_model_only_tiled_truth_vs_predictions.jpg,CloudHammer_v2/outputs/baseline_model_only_tiled_page_disjoint_real_20260502/crops/Revision_1_-_Drawing_Changes_147e3aec_p0003_cloud_001.png
Revision_1_-_Drawing_Changes_p0032:pipeline_full:pred:pred_002,Revision_1_-_Drawing_Changes:p0032,pipeline_full,localization_low_iou,truth_001,pred_002,0.81505,0.498914,0.498914,0.498914,truth_001,pred_002,0.498914,false,,,false,"pred_002 was matched to truth_001 at IoU 0.499, so it counts as a TP at IoU 0.25. It is queued because localization is below IoU 0.50.",localization_too_loose,resolved,Prediction found cloud but box is larger than truth; acceptable but loose.,CloudHammer_v2/outputs/baseline_human_audited_mismatch_review_20260504/overlay_packet/overlays/pipeline_full/Revision_1_-_Drawing_Changes_p0032_pipeline_full_truth_vs_predictions.jpg,CloudHammer_v2/outputs/baseline_pipeline_full_page_disjoint_real_20260502/whole_cloud_candidates/crops/Revision #1 - Drawing Changes/Revision_1_-_Drawing_Changes_6cbee960_p0032_whole_002_small.png
Revision_1_-_Drawing_Changes_p0033:model_only_tiled:pred:pred_003,Revision_1_-_Drawing_Changes:p0033,model_only_tiled,false_positive,truth_001,pred_003,0.66184,0.497707,0.497707,0.497707,truth_001,pred_001,0.938836,true,pred_001,,true,"pred_003 was not assigned the IoU 0.25 scoring match. Its nearest truth is truth_001 at IoU 0.498, but that truth was already matched to pred_001. This may be a duplicate/fragment scoring artifact.",duplicate_prediction_on_real_cloud,resolved,Red is duplicate fragment on same real cloud; should be merged/suppressed with blue.,CloudHammer_v2/outputs/baseline_human_audited_mismatch_review_20260504/overlay_packet/overlays/model_only_tiled/Revision_1_-_Drawing_Changes_p0033_model_only_tiled_truth_vs_predictions.jpg,CloudHammer_v2/outputs/baseline_model_only_tiled_page_disjoint_real_20260502/crops/Revision_1_-_Drawing_Changes_147e3aec_p0033_cloud_003.png
Revision_1_-_Drawing_Changes_p0033:pipeline_full:pred:pred_001,Revision_1_-_Drawing_Changes:p0033,pipeline_full,localization_low_iou,truth_001,pred_001,0.827298,0.495742,0.495742,0.495742,truth_001,pred_001,0.495742,false,,,false,"pred_001 was matched to truth_001 at IoU 0.496, so it counts as a TP at IoU 0.25. It is queued because localization is below IoU 0.50.",localization_too_loose,resolved,Prediction found cloud but box is larger than truth; acceptable but loose.,CloudHammer_v2/outputs/baseline_human_audited_mismatch_review_20260504/overlay_packet/overlays/pipeline_full/Revision_1_-_Drawing_Changes_p0033_pipeline_full_truth_vs_predictions.jpg,CloudHammer_v2/outputs/baseline_pipeline_full_page_disjoint_real_20260502/whole_cloud_candidates/crops/Revision #1 - Drawing Changes/Revision_1_-_Drawing_Changes_6cbee960_p0033_whole_001_small.png
Revision_1_-_Drawing_Changes_p0036:model_only_tiled:pred:pred_003,Revision_1_-_Drawing_Changes:p0036,model_only_tiled,false_positive,,pred_003,0.714391,0,0,0,,pred_003,0,false,,,false,pred_003 was not assigned a scoring match and no truth box overlaps it on this page.,crossing_line_x_patterns,resolved,Real FP on repeated V/X crossing-line hatch pattern; no revision cloud.,CloudHammer_v2/outputs/baseline_human_audited_mismatch_review_20260504/overlay_packet/overlays/model_only_tiled/Revision_1_-_Drawing_Changes_p0036_model_only_tiled_truth_vs_predictions.jpg,CloudHammer_v2/outputs/baseline_model_only_tiled_page_disjoint_real_20260502/crops/Revision_1_-_Drawing_Changes_147e3aec_p0036_cloud_003.png
Revision_1_-_Drawing_Changes_p0036:pipeline_full:pred:pred_003,Revision_1_-_Drawing_Changes:p0036,pipeline_full,false_positive,,pred_003,0.726641,0,0,0,,pred_003,0,false,,,false,pred_003 was not assigned a scoring match and no truth box overlaps it on this page.,crossing_line_x_patterns,resolved,Same repeated V/X crossing-line hatch FP as prior row; larger duplicate/overlapping box.,CloudHammer_v2/outputs/baseline_human_audited_mismatch_review_20260504/overlay_packet/overlays/pipeline_full/Revision_1_-_Drawing_Changes_p0036_pipeline_full_truth_vs_predictions.jpg,CloudHammer_v2/outputs/baseline_pipeline_full_page_disjoint_real_20260502/whole_cloud_candidates/crops/Revision #1 - Drawing Changes/Revision_1_-_Drawing_Changes_6cbee960_p0036_whole_003_small.png
Revision_1_-_Drawing_Changes_p0037:model_only_tiled:pred:pred_001,Revision_1_-_Drawing_Changes:p0037,model_only_tiled,false_positive,,pred_001,0.837439,0,0,0,,pred_001,0,false,,,false,pred_001 was not assigned a scoring match and no truth box overlaps it on this page.,truth_box_needs_recheck,truth_followup,"Prediction is a real cloud, but no truth box exists here. Prior truth review likely missed this cloud; queue frozen truth correction and rerun eval.",CloudHammer_v2/outputs/baseline_human_audited_mismatch_review_20260504/overlay_packet/overlays/model_only_tiled/Revision_1_-_Drawing_Changes_p0037_model_only_tiled_truth_vs_predictions.jpg,CloudHammer_v2/outputs/baseline_model_only_tiled_page_disjoint_real_20260502/crops/Revision_1_-_Drawing_Changes_147e3aec_p0037_cloud_001.png
Revision_1_-_Drawing_Changes_p0037:pipeline_full:pred:pred_001,Revision_1_-_Drawing_Changes:p0037,pipeline_full,false_positive,,pred_001,0.849689,0,0,0,,pred_001,0,false,,,false,pred_001 was not assigned a scoring match and no truth box overlaps it on this page.,truth_box_needs_recheck,truth_followup,"Same missed truth cloud as prior row; larger duplicate prediction around real unlabeled cloud. Queue frozen truth correction, then rerun eval.",CloudHammer_v2/outputs/baseline_human_audited_mismatch_review_20260504/overlay_packet/overlays/pipeline_full/Revision_1_-_Drawing_Changes_p0037_pipeline_full_truth_vs_predictions.jpg,CloudHammer_v2/outputs/baseline_pipeline_full_page_disjoint_real_20260502/whole_cloud_candidates/crops/Revision #1 - Drawing Changes/Revision_1_-_Drawing_Changes_6cbee960_p0037_whole_001_small.png
Revision_1_-_Drawing_Changes_p0041:model_only_tiled:pred:pred_001,Revision_1_-_Drawing_Changes:p0041,model_only_tiled,false_positive,truth_002,pred_001,0.883256,0.150558,0.150558,0.150558,truth_002,pred_001,0.150558,false,,,false,"pred_001 was not assigned a scoring match because its nearest truth is truth_002 at IoU 0.151, below the IoU 0.25 threshold.",prediction_fragment_on_real_cloud,resolved,Red prediction is a fragment on a real orange truth cloud; should be grouped/merged into one whole-cloud prediction.,CloudHammer_v2/outputs/baseline_human_audited_mismatch_review_20260504/overlay_packet/overlays/model_only_tiled/Revision_1_-_Drawing_Changes_p0041_model_only_tiled_truth_vs_predictions.jpg,CloudHammer_v2/outputs/baseline_model_only_tiled_page_disjoint_real_20260502/crops/Revision_1_-_Drawing_Changes_147e3aec_p0041_cloud_001.png
Revision_1_-_Drawing_Changes_p0041:model_only_tiled:pred:pred_002,Revision_1_-_Drawing_Changes:p0041,model_only_tiled,false_positive,truth_001,pred_002,0.860932,0.173278,0.173278,0.173278,truth_001,pred_002,0.173278,false,,,false,"pred_002 was not assigned a scoring match because its nearest truth is truth_001 at IoU 0.173, below the IoU 0.25 threshold.",prediction_fragment_on_real_cloud,resolved,Fragment prediction on real long cloud; should be grouped/merged into one whole-cloud prediction.,CloudHammer_v2/outputs/baseline_human_audited_mismatch_review_20260504/overlay_packet/overlays/model_only_tiled/Revision_1_-_Drawing_Changes_p0041_model_only_tiled_truth_vs_predictions.jpg,CloudHammer_v2/outputs/baseline_model_only_tiled_page_disjoint_real_20260502/crops/Revision_1_-_Drawing_Changes_147e3aec_p0041_cloud_002.png
Revision_1_-_Drawing_Changes_p0041:model_only_tiled:pred:pred_003,Revision_1_-_Drawing_Changes:p0041,model_only_tiled,false_positive,truth_002,pred_003,0.826216,0.164933,0.164933,0.164933,truth_002,pred_003,0.164933,false,,,false,"pred_003 was not assigned a scoring match because its nearest truth is truth_002 at IoU 0.165, below the IoU 0.25 threshold.",prediction_fragment_on_real_cloud,resolved,Fragment prediction on real long cloud; should be grouped/merged into one whole-cloud prediction.,CloudHammer_v2/outputs/baseline_human_audited_mismatch_review_20260504/overlay_packet/overlays/model_only_tiled/Revision_1_-_Drawing_Changes_p0041_model_only_tiled_truth_vs_predictions.jpg,CloudHammer_v2/outputs/baseline_model_only_tiled_page_disjoint_real_20260502/crops/Revision_1_-_Drawing_Changes_147e3aec_p0041_cloud_003.png
Revision_1_-_Drawing_Changes_p0041:model_only_tiled:pred:pred_004,Revision_1_-_Drawing_Changes:p0041,model_only_tiled,false_positive,truth_002,pred_004,0.805019,0.168991,0.168991,0.168991,truth_002,pred_004,0.168991,false,,,false,"pred_004 was not assigned a scoring match because its nearest truth is truth_002 at IoU 0.169, below the IoU 0.25 threshold.",prediction_fragment_on_real_cloud,resolved,Fragment prediction on real long cloud; should be grouped/merged into one whole-cloud prediction.,CloudHammer_v2/outputs/baseline_human_audited_mismatch_review_20260504/overlay_packet/overlays/model_only_tiled/Revision_1_-_Drawing_Changes_p0041_model_only_tiled_truth_vs_predictions.jpg,CloudHammer_v2/outputs/baseline_model_only_tiled_page_disjoint_real_20260502/crops/Revision_1_-_Drawing_Changes_147e3aec_p0041_cloud_004.png
Revision_1_-_Drawing_Changes_p0041:model_only_tiled:pred:pred_005,Revision_1_-_Drawing_Changes:p0041,model_only_tiled,false_positive,truth_001,pred_005,0.79744,0.212732,0.212732,0.212732,truth_001,pred_005,0.212732,false,,,false,"pred_005 was not assigned a scoring match because its nearest truth is truth_001 at IoU 0.213, below the IoU 0.25 threshold.",prediction_fragment_on_real_cloud,resolved,Fragment prediction on real long cloud; should be grouped/merged into one whole-cloud prediction.,CloudHammer_v2/outputs/baseline_human_audited_mismatch_review_20260504/overlay_packet/overlays/model_only_tiled/Revision_1_-_Drawing_Changes_p0041_model_only_tiled_truth_vs_predictions.jpg,CloudHammer_v2/outputs/baseline_model_only_tiled_page_disjoint_real_20260502/crops/Revision_1_-_Drawing_Changes_147e3aec_p0041_cloud_005.png
Revision_1_-_Drawing_Changes_p0041:model_only_tiled:pred:pred_006,Revision_1_-_Drawing_Changes:p0041,model_only_tiled,false_positive,truth_002,pred_006,0.794766,0.159016,0.159016,0.159016,truth_002,pred_006,0.159016,false,,,false,"pred_006 was not assigned a scoring match because its nearest truth is truth_002 at IoU 0.159, below the IoU 0.25 threshold.",prediction_fragment_on_real_cloud,resolved,Fragment prediction on real long cloud; should be grouped/merged into one whole-cloud prediction.,CloudHammer_v2/outputs/baseline_human_audited_mismatch_review_20260504/overlay_packet/overlays/model_only_tiled/Revision_1_-_Drawing_Changes_p0041_model_only_tiled_truth_vs_predictions.jpg,CloudHammer_v2/outputs/baseline_model_only_tiled_page_disjoint_real_20260502/crops/Revision_1_-_Drawing_Changes_147e3aec_p0041_cloud_006.png
Revision_1_-_Drawing_Changes_p0041:model_only_tiled:pred:pred_007,Revision_1_-_Drawing_Changes:p0041,model_only_tiled,false_positive,truth_002,pred_007,0.794266,0.165936,0.165936,0.165936,truth_002,pred_007,0.165936,false,,,false,"pred_007 was not assigned a scoring match because its nearest truth is truth_002 at IoU 0.166, below the IoU 0.25 threshold.",prediction_fragment_on_real_cloud,resolved,Fragment prediction on real long cloud; should be grouped/merged into one whole-cloud prediction.,CloudHammer_v2/outputs/baseline_human_audited_mismatch_review_20260504/overlay_packet/overlays/model_only_tiled/Revision_1_-_Drawing_Changes_p0041_model_only_tiled_truth_vs_predictions.jpg,CloudHammer_v2/outputs/baseline_model_only_tiled_page_disjoint_real_20260502/crops/Revision_1_-_Drawing_Changes_147e3aec_p0041_cloud_007.png
Revision_1_-_Drawing_Changes_p0041:model_only_tiled:pred:pred_008,Revision_1_-_Drawing_Changes:p0041,model_only_tiled,false_positive,truth_001,pred_008,0.792652,0.216559,0.216559,0.216559,truth_001,pred_008,0.216559,false,,,false,"pred_008 was not assigned a scoring match because its nearest truth is truth_001 at IoU 0.217, below the IoU 0.25 threshold.",prediction_fragment_on_real_cloud,resolved,Fragment prediction on real long cloud; should be grouped/merged into one whole-cloud prediction.,CloudHammer_v2/outputs/baseline_human_audited_mismatch_review_20260504/overlay_packet/overlays/model_only_tiled/Revision_1_-_Drawing_Changes_p0041_model_only_tiled_truth_vs_predictions.jpg,CloudHammer_v2/outputs/baseline_model_only_tiled_page_disjoint_real_20260502/crops/Revision_1_-_Drawing_Changes_147e3aec_p0041_cloud_008.png
Revision_1_-_Drawing_Changes_p0041:model_only_tiled:pred:pred_009,Revision_1_-_Drawing_Changes:p0041,model_only_tiled,false_positive,truth_001,pred_009,0.792271,0.063814,0.063814,0.063814,truth_001,pred_009,0.063814,false,,,false,"pred_009 was not assigned a scoring match because its nearest truth is truth_001 at IoU 0.064, below the IoU 0.25 threshold.",prediction_fragment_on_real_cloud,resolved,Fragment prediction on real long cloud; should be grouped/merged into one whole-cloud prediction.,CloudHammer_v2/outputs/baseline_human_audited_mismatch_review_20260504/overlay_packet/overlays/model_only_tiled/Revision_1_-_Drawing_Changes_p0041_model_only_tiled_truth_vs_predictions.jpg,CloudHammer_v2/outputs/baseline_model_only_tiled_page_disjoint_real_20260502/crops/Revision_1_-_Drawing_Changes_147e3aec_p0041_cloud_009.png
Revision_1_-_Drawing_Changes_p0041:model_only_tiled:pred:pred_010,Revision_1_-_Drawing_Changes:p0041,model_only_tiled,false_positive,truth_001,pred_010,0.777756,0.212187,0.212187,0.212187,truth_001,pred_010,0.212187,false,,,false,"pred_010 was not assigned a scoring match because its nearest truth is truth_001 at IoU 0.212, below the IoU 0.25 threshold.",prediction_fragment_on_real_cloud,resolved,Fragment prediction on real long cloud; should be grouped/merged into one whole-cloud prediction.,CloudHammer_v2/outputs/baseline_human_audited_mismatch_review_20260504/overlay_packet/overlays/model_only_tiled/Revision_1_-_Drawing_Changes_p0041_model_only_tiled_truth_vs_predictions.jpg,CloudHammer_v2/outputs/baseline_model_only_tiled_page_disjoint_real_20260502/crops/Revision_1_-_Drawing_Changes_147e3aec_p0041_cloud_010.png
Revision_1_-_Drawing_Changes_p0041:model_only_tiled:pred:pred_011,Revision_1_-_Drawing_Changes:p0041,model_only_tiled,false_positive,truth_001,pred_011,0.772618,0.218996,0.218996,0.218996,truth_001,pred_011,0.218996,false,,,false,"pred_011 was not assigned a scoring match because its nearest truth is truth_001 at IoU 0.219, below the IoU 0.25 threshold.",prediction_fragment_on_real_cloud,resolved,Fragment prediction on real long cloud; should be grouped/merged into one whole-cloud prediction.,CloudHammer_v2/outputs/baseline_human_audited_mismatch_review_20260504/overlay_packet/overlays/model_only_tiled/Revision_1_-_Drawing_Changes_p0041_model_only_tiled_truth_vs_predictions.jpg,CloudHammer_v2/outputs/baseline_model_only_tiled_page_disjoint_real_20260502/crops/Revision_1_-_Drawing_Changes_147e3aec_p0041_cloud_011.png
Revision_1_-_Drawing_Changes_p0041:model_only_tiled:pred:pred_012,Revision_1_-_Drawing_Changes:p0041,model_only_tiled,false_positive,truth_002,pred_012,0.758599,0.165316,0.165316,0.165316,truth_002,pred_012,0.165316,false,,,false,"pred_012 was not assigned a scoring match because its nearest truth is truth_002 at IoU 0.165, below the IoU 0.25 threshold.",prediction_fragment_on_real_cloud,resolved,Fragment prediction on real long cloud; should be grouped/merged into one whole-cloud prediction.,CloudHammer_v2/outputs/baseline_human_audited_mismatch_review_20260504/overlay_packet/overlays/model_only_tiled/Revision_1_-_Drawing_Changes_p0041_model_only_tiled_truth_vs_predictions.jpg,CloudHammer_v2/outputs/baseline_model_only_tiled_page_disjoint_real_20260502/crops/Revision_1_-_Drawing_Changes_147e3aec_p0041_cloud_012.png
Revision_1_-_Drawing_Changes_p0041:model_only_tiled:pred:pred_013,Revision_1_-_Drawing_Changes:p0041,model_only_tiled,false_positive,truth_002,pred_013,0.70033,0.05292,0.05292,0.05292,truth_002,pred_013,0.05292,false,,,false,"pred_013 was not assigned a scoring match because its nearest truth is truth_002 at IoU 0.053, below the IoU 0.25 threshold.",prediction_fragment_on_real_cloud,resolved,Fragment prediction on real long cloud; should be grouped/merged into one whole-cloud prediction.,CloudHammer_v2/outputs/baseline_human_audited_mismatch_review_20260504/overlay_packet/overlays/model_only_tiled/Revision_1_-_Drawing_Changes_p0041_model_only_tiled_truth_vs_predictions.jpg,CloudHammer_v2/outputs/baseline_model_only_tiled_page_disjoint_real_20260502/crops/Revision_1_-_Drawing_Changes_147e3aec_p0041_cloud_013.png
Revision_1_-_Drawing_Changes_p0041:model_only_tiled:pred:pred_014,Revision_1_-_Drawing_Changes:p0041,model_only_tiled,false_positive,truth_002,pred_014,0.669242,0.005362,0.005362,0.005362,truth_002,pred_014,0.005362,false,,,false,"pred_014 was not assigned a scoring match because its nearest truth is truth_002 at IoU 0.005, below the IoU 0.25 threshold.",prediction_fragment_on_real_cloud,resolved,Fragment prediction on real long cloud; should be grouped/merged into one whole-cloud prediction.,CloudHammer_v2/outputs/baseline_human_audited_mismatch_review_20260504/overlay_packet/overlays/model_only_tiled/Revision_1_-_Drawing_Changes_p0041_model_only_tiled_truth_vs_predictions.jpg,CloudHammer_v2/outputs/baseline_model_only_tiled_page_disjoint_real_20260502/crops/Revision_1_-_Drawing_Changes_147e3aec_p0041_cloud_014.png
Revision_1_-_Drawing_Changes_p0041:model_only_tiled:truth:truth_001,Revision_1_-_Drawing_Changes:p0041,model_only_tiled,false_negative,truth_001,pred_011,0.772618,0.218996,0.218996,0.218996,truth_001,pred_011,0.218996,false,,,false,truth_001 did not receive an IoU 0.25 scoring match. The nearest prediction is pred_011 at IoU 0.219.,split_fragment,resolved,Truth cloud exists but detections are split into fragments; no whole-cloud prediction matched.,CloudHammer_v2/outputs/baseline_human_audited_mismatch_review_20260504/overlay_packet/overlays/model_only_tiled/Revision_1_-_Drawing_Changes_p0041_model_only_tiled_truth_vs_predictions.jpg,CloudHammer_v2/outputs/baseline_model_only_tiled_page_disjoint_real_20260502/crops/Revision_1_-_Drawing_Changes_147e3aec_p0041_cloud_011.png
Revision_1_-_Drawing_Changes_p0041:model_only_tiled:truth:truth_002,Revision_1_-_Drawing_Changes:p0041,model_only_tiled,false_negative,truth_002,pred_004,0.805019,0.168991,0.168991,0.168991,truth_002,pred_004,0.168991,false,,,false,truth_002 did not receive an IoU 0.25 scoring match. The nearest prediction is pred_004 at IoU 0.169.,split_fragment,resolved,Truth cloud exists but detections are split into fragments; no whole-cloud prediction matched.,CloudHammer_v2/outputs/baseline_human_audited_mismatch_review_20260504/overlay_packet/overlays/model_only_tiled/Revision_1_-_Drawing_Changes_p0041_model_only_tiled_truth_vs_predictions.jpg,CloudHammer_v2/outputs/baseline_model_only_tiled_page_disjoint_real_20260502/crops/Revision_1_-_Drawing_Changes_147e3aec_p0041_cloud_004.png
Revision_1_-_Drawing_Changes_p0041:pipeline_full:pred:pred_001,Revision_1_-_Drawing_Changes:p0041,pipeline_full,false_positive,truth_002,pred_001,0.954572,0.146355,0.146355,0.146355,truth_002,pred_001,0.146355,false,,,false,"pred_001 was not assigned a scoring match because its nearest truth is truth_002 at IoU 0.146, below the IoU 0.25 threshold.",prediction_fragment_on_real_cloud,resolved,Very loose fragment/strip prediction on real long cloud; does not localize the orange truth and should be merged/suppressed by whole-cloud grouping.,CloudHammer_v2/outputs/baseline_human_audited_mismatch_review_20260504/overlay_packet/overlays/pipeline_full/Revision_1_-_Drawing_Changes_p0041_pipeline_full_truth_vs_predictions.jpg,CloudHammer_v2/outputs/baseline_pipeline_full_page_disjoint_real_20260502/whole_cloud_candidates/crops/Revision #1 - Drawing Changes/Revision_1_-_Drawing_Changes_6cbee960_p0041_whole_001_xlarge.png
Revision_1_-_Drawing_Changes_p0041:pipeline_full:pred:pred_002,Revision_1_-_Drawing_Changes:p0041,pipeline_full,false_positive,truth_001,pred_002,0.935634,0.194965,0.194965,0.194965,truth_001,pred_002,0.194965,false,,,false,"pred_002 was not assigned a scoring match because its nearest truth is truth_001 at IoU 0.195, below the IoU 0.25 threshold.",prediction_fragment_on_real_cloud,resolved,Very loose fragment/strip prediction on real long cloud; does not localize the orange truth and should be merged/suppressed by whole-cloud grouping.,CloudHammer_v2/outputs/baseline_human_audited_mismatch_review_20260504/overlay_packet/overlays/pipeline_full/Revision_1_-_Drawing_Changes_p0041_pipeline_full_truth_vs_predictions.jpg,CloudHammer_v2/outputs/baseline_pipeline_full_page_disjoint_real_20260502/whole_cloud_candidates/crops/Revision #1 - Drawing Changes/Revision_1_-_Drawing_Changes_6cbee960_p0041_whole_002_xlarge.png
Revision_1_-_Drawing_Changes_p0041:pipeline_full:truth:truth_001,Revision_1_-_Drawing_Changes:p0041,pipeline_full,false_negative,truth_001,pred_002,0.935634,0.194965,0.194965,0.194965,truth_001,pred_002,0.194965,false,,,false,truth_001 did not receive an IoU 0.25 scoring match. The nearest prediction is pred_002 at IoU 0.195.,split_fragment,resolved,"Long truth cloud exists, but detections are fragmented/poorly localized; no whole-cloud prediction matched.",CloudHammer_v2/outputs/baseline_human_audited_mismatch_review_20260504/overlay_packet/overlays/pipeline_full/Revision_1_-_Drawing_Changes_p0041_pipeline_full_truth_vs_predictions.jpg,CloudHammer_v2/outputs/baseline_pipeline_full_page_disjoint_real_20260502/whole_cloud_candidates/crops/Revision #1 - Drawing Changes/Revision_1_-_Drawing_Changes_6cbee960_p0041_whole_002_xlarge.png
Revision_1_-_Drawing_Changes_p0041:pipeline_full:truth:truth_002,Revision_1_-_Drawing_Changes:p0041,pipeline_full,false_negative,truth_002,pred_001,0.954572,0.146355,0.146355,0.146355,truth_002,pred_001,0.146355,false,,,false,truth_002 did not receive an IoU 0.25 scoring match. The nearest prediction is pred_001 at IoU 0.146.,split_fragment,resolved,"Long truth cloud exists, but detections are fragmented/poorly localized; no whole-cloud prediction matched.",CloudHammer_v2/outputs/baseline_human_audited_mismatch_review_20260504/overlay_packet/overlays/pipeline_full/Revision_1_-_Drawing_Changes_p0041_pipeline_full_truth_vs_predictions.jpg,CloudHammer_v2/outputs/baseline_pipeline_full_page_disjoint_real_20260502/whole_cloud_candidates/crops/Revision #1 - Drawing Changes/Revision_1_-_Drawing_Changes_6cbee960_p0041_whole_001_xlarge.png
260309_-_Drawing_Rev2-_Steel_Grab_Bars_p0014:model_only_tiled:pred:pred_001,260309_-_Drawing_Rev2-_Steel_Grab_Bars:p0014,model_only_tiled,localization_low_iou,truth_001,pred_001,0.835611,0.492058,0.492058,0.492058,truth_001,pred_001,0.492058,false,,,false,"pred_001 was matched to truth_001 at IoU 0.492, so it counts as a TP at IoU 0.25. It is queued because localization is below IoU 0.50.",localization_too_tight,resolved,Purple prediction is good but covers only part of the truth cloud. Bottom-right red fragment should merge with purple for better whole-cloud coverage; bottom-left red is duplicate/unneeded.,CloudHammer_v2/outputs/baseline_human_audited_mismatch_review_20260504/overlay_packet/overlays/model_only_tiled/260309_-_Drawing_Rev2-_Steel_Grab_Bars_p0014_model_only_tiled_truth_vs_predictions.jpg,CloudHammer_v2/outputs/baseline_model_only_tiled_page_disjoint_real_20260502/crops/260309_-_Drawing_Rev2-_Steel_Grab_Bars_0a2c9d5e_p0014_cloud_001.png
260309_-_Drawing_Rev2-_Steel_Grab_Bars_p0014:model_only_tiled:pred:pred_002,260309_-_Drawing_Rev2-_Steel_Grab_Bars:p0014,model_only_tiled,false_positive,truth_001,pred_002,0.717154,0.200442,0.200442,0.200442,truth_001,pred_001,0.492058,true,pred_001,,true,"pred_002 was not assigned the IoU 0.25 scoring match. Its nearest truth is truth_001 at IoU 0.200, but that truth was already matched to pred_001. This may be a duplicate/fragment scoring artifact.",prediction_fragment_on_real_cloud,resolved,Lower-right red fragment on real cloud; should merge with purple prediction for better whole-cloud coverage.,CloudHammer_v2/outputs/baseline_human_audited_mismatch_review_20260504/overlay_packet/overlays/model_only_tiled/260309_-_Drawing_Rev2-_Steel_Grab_Bars_p0014_model_only_tiled_truth_vs_predictions.jpg,CloudHammer_v2/outputs/baseline_model_only_tiled_page_disjoint_real_20260502/crops/260309_-_Drawing_Rev2-_Steel_Grab_Bars_0a2c9d5e_p0014_cloud_002.png
260309_-_Drawing_Rev2-_Steel_Grab_Bars_p0014:model_only_tiled:pred:pred_003,260309_-_Drawing_Rev2-_Steel_Grab_Bars:p0014,model_only_tiled,false_positive,truth_001,pred_003,0.669592,0.122395,0.122395,0.122395,truth_001,pred_001,0.492058,true,pred_001,,true,"pred_003 was not assigned the IoU 0.25 scoring match. Its nearest truth is truth_001 at IoU 0.122, but that truth was already matched to pred_001. This may be a duplicate/fragment scoring artifact.",duplicate_prediction_on_real_cloud,resolved,Red is true duplicate on real cloud and should be suppressed; it does not add useful coverage.,CloudHammer_v2/outputs/baseline_human_audited_mismatch_review_20260504/overlay_packet/overlays/model_only_tiled/260309_-_Drawing_Rev2-_Steel_Grab_Bars_p0014_model_only_tiled_truth_vs_predictions.jpg,CloudHammer_v2/outputs/baseline_model_only_tiled_page_disjoint_real_20260502/crops/260309_-_Drawing_Rev2-_Steel_Grab_Bars_0a2c9d5e_p0014_cloud_003.png
260309_-_Drawing_Rev2-_Steel_Grab_Bars_p0020:model_only_tiled:pred:pred_002,260309_-_Drawing_Rev2-_Steel_Grab_Bars:p0020,model_only_tiled,false_positive,truth_001,pred_002,0.764122,0.447592,0.447592,0.447592,truth_001,pred_001,0.986518,true,pred_001,,true,"pred_002 was not assigned the IoU 0.25 scoring match. Its nearest truth is truth_001 at IoU 0.448, but that truth was already matched to pred_001. This may be a duplicate/fragment scoring artifact.",duplicate_prediction_on_real_cloud,resolved,Red is true duplicate on real cloud and should be suppressed; blue is the true prediction.,CloudHammer_v2/outputs/baseline_human_audited_mismatch_review_20260504/overlay_packet/overlays/model_only_tiled/260309_-_Drawing_Rev2-_Steel_Grab_Bars_p0020_model_only_tiled_truth_vs_predictions.jpg,CloudHammer_v2/outputs/baseline_model_only_tiled_page_disjoint_real_20260502/crops/260309_-_Drawing_Rev2-_Steel_Grab_Bars_0a2c9d5e_p0020_cloud_002.png
260309_-_Drawing_Rev2-_Steel_Grab_Bars_p0022:model_only_tiled:pred:pred_002,260309_-_Drawing_Rev2-_Steel_Grab_Bars:p0022,model_only_tiled,false_positive,truth_001,pred_002,0.695991,0.336861,0.336861,0.336861,truth_001,pred_001,0.983755,true,pred_001,,true,"pred_002 was not assigned the IoU 0.25 scoring match. Its nearest truth is truth_001 at IoU 0.337, but that truth was already matched to pred_001. This may be a duplicate/fragment scoring artifact.",duplicate_prediction_on_real_cloud,resolved,Red is true duplicate on real cloud and should be suppressed; adds no useful coverage.,CloudHammer_v2/outputs/baseline_human_audited_mismatch_review_20260504/overlay_packet/overlays/model_only_tiled/260309_-_Drawing_Rev2-_Steel_Grab_Bars_p0022_model_only_tiled_truth_vs_predictions.jpg,CloudHammer_v2/outputs/baseline_model_only_tiled_page_disjoint_real_20260502/crops/260309_-_Drawing_Rev2-_Steel_Grab_Bars_0a2c9d5e_p0022_cloud_002.png
260309_-_Drawing_Rev2-_Steel_Grab_Bars_p0022:model_only_tiled:pred:pred_003,260309_-_Drawing_Rev2-_Steel_Grab_Bars:p0022,model_only_tiled,false_positive,truth_001,pred_003,0.626335,0.112132,0.112132,0.112132,truth_001,pred_001,0.983755,true,pred_001,,true,"pred_003 was not assigned the IoU 0.25 scoring match. Its nearest truth is truth_001 at IoU 0.112, but that truth was already matched to pred_001. This may be a duplicate/fragment scoring artifact.",duplicate_prediction_on_real_cloud,resolved,Red is true duplicate on real cloud and should be suppressed; adds no useful coverage.,CloudHammer_v2/outputs/baseline_human_audited_mismatch_review_20260504/overlay_packet/overlays/model_only_tiled/260309_-_Drawing_Rev2-_Steel_Grab_Bars_p0022_model_only_tiled_truth_vs_predictions.jpg,CloudHammer_v2/outputs/baseline_model_only_tiled_page_disjoint_real_20260502/crops/260309_-_Drawing_Rev2-_Steel_Grab_Bars_0a2c9d5e_p0022_cloud_003.png
260309_-_Drawing_Rev2-_Steel_Grab_Bars_p0025:model_only_tiled:pred:pred_001,260309_-_Drawing_Rev2-_Steel_Grab_Bars:p0025,model_only_tiled,false_positive,truth_001,pred_001,0.804271,0.075177,0.075177,0.075177,truth_001,pred_004,0.345329,true,pred_004,,true,"pred_001 was not assigned the IoU 0.25 scoring match. Its nearest truth is truth_001 at IoU 0.075, but that truth was already matched to pred_004. This may be a duplicate/fragment scoring artifact.",prediction_fragment_on_real_cloud,resolved,Right red fragment is on real cloud and adds useful coverage; should merge with other fragments/accepted prediction into one whole-cloud box. Purple prediction is too loose/partial but not the current row.,CloudHammer_v2/outputs/baseline_human_audited_mismatch_review_20260504/overlay_packet/overlays/model_only_tiled/260309_-_Drawing_Rev2-_Steel_Grab_Bars_p0025_model_only_tiled_truth_vs_predictions.jpg,CloudHammer_v2/outputs/baseline_model_only_tiled_page_disjoint_real_20260502/crops/260309_-_Drawing_Rev2-_Steel_Grab_Bars_0a2c9d5e_p0025_cloud_001.png
260309_-_Drawing_Rev2-_Steel_Grab_Bars_p0025:model_only_tiled:pred:pred_002,260309_-_Drawing_Rev2-_Steel_Grab_Bars:p0025,model_only_tiled,false_positive,truth_001,pred_002,0.747883,0.075777,0.075777,0.075777,truth_001,pred_004,0.345329,true,pred_004,,true,"pred_002 was not assigned the IoU 0.25 scoring match. Its nearest truth is truth_001 at IoU 0.076, but that truth was already matched to pred_004. This may be a duplicate/fragment scoring artifact.",prediction_fragment_on_real_cloud,resolved,Lower right red fragment is on real cloud and adds useful coverage; should merge with other fragments/accepted prediction into one whole-cloud box. Purple prediction is too loose/partial but not the current row.,CloudHammer_v2/outputs/baseline_human_audited_mismatch_review_20260504/overlay_packet/overlays/model_only_tiled/260309_-_Drawing_Rev2-_Steel_Grab_Bars_p0025_model_only_tiled_truth_vs_predictions.jpg,CloudHammer_v2/outputs/baseline_model_only_tiled_page_disjoint_real_20260502/crops/260309_-_Drawing_Rev2-_Steel_Grab_Bars_0a2c9d5e_p0025_cloud_002.png
260309_-_Drawing_Rev2-_Steel_Grab_Bars_p0025:model_only_tiled:pred:pred_003,260309_-_Drawing_Rev2-_Steel_Grab_Bars:p0025,model_only_tiled,false_positive,truth_001,pred_003,0.580649,0.053675,0.053675,0.053675,truth_001,pred_004,0.345329,true,pred_004,,true,"pred_003 was not assigned the IoU 0.25 scoring match. Its nearest truth is truth_001 at IoU 0.054, but that truth was already matched to pred_004. This may be a duplicate/fragment scoring artifact.",prediction_fragment_on_real_cloud,resolved,lower left red fragment is on real cloud and adds useful coverage; should merge with other fragments/accepted prediction into one whole-cloud box. Purple prediction is too loose/partial but not the current row.,CloudHammer_v2/outputs/baseline_human_audited_mismatch_review_20260504/overlay_packet/overlays/model_only_tiled/260309_-_Drawing_Rev2-_Steel_Grab_Bars_p0025_model_only_tiled_truth_vs_predictions.jpg,CloudHammer_v2/outputs/baseline_model_only_tiled_page_disjoint_real_20260502/crops/260309_-_Drawing_Rev2-_Steel_Grab_Bars_0a2c9d5e_p0025_cloud_003.png
260309_-_Drawing_Rev2-_Steel_Grab_Bars_p0025:model_only_tiled:pred:pred_004,260309_-_Drawing_Rev2-_Steel_Grab_Bars:p0025,model_only_tiled,localization_low_iou,truth_001,pred_004,0.575534,0.345329,0.345329,0.345329,truth_001,pred_004,0.345329,false,,,false,"pred_004 was matched to truth_001 at IoU 0.345, so it counts as a TP at IoU 0.25. It is queued because localization is below IoU 0.50.",localization_too_loose,resolved,Purple prediction found the cloud but is far too loose and includes substantial non-cloud area; needs better whole-cloud grouping/box tightening with real cloud fragments.,CloudHammer_v2/outputs/baseline_human_audited_mismatch_review_20260504/overlay_packet/overlays/model_only_tiled/260309_-_Drawing_Rev2-_Steel_Grab_Bars_p0025_model_only_tiled_truth_vs_predictions.jpg,CloudHammer_v2/outputs/baseline_model_only_tiled_page_disjoint_real_20260502/crops/260309_-_Drawing_Rev2-_Steel_Grab_Bars_0a2c9d5e_p0025_cloud_004.png
260309_-_Drawing_Rev2-_Steel_Grab_Bars_p0025:model_only_tiled:pred:pred_005,260309_-_Drawing_Rev2-_Steel_Grab_Bars:p0025,model_only_tiled,false_positive,,pred_005,0.535695,0,0,0,,pred_005,0,false,,,false,pred_005 was not assigned a scoring match and no truth box overlaps it on this page.,crossing_line_x_patterns,resolved,Real FP on repeated V/X crossing-line hatch pattern; no revision cloud.,CloudHammer_v2/outputs/baseline_human_audited_mismatch_review_20260504/overlay_packet/overlays/model_only_tiled/260309_-_Drawing_Rev2-_Steel_Grab_Bars_p0025_model_only_tiled_truth_vs_predictions.jpg,CloudHammer_v2/outputs/baseline_model_only_tiled_page_disjoint_real_20260502/crops/260309_-_Drawing_Rev2-_Steel_Grab_Bars_0a2c9d5e_p0025_cloud_005.png
260309_-_Drawing_Rev2-_Steel_Grab_Bars_p0025:pipeline_full:pred:pred_001,260309_-_Drawing_Rev2-_Steel_Grab_Bars:p0025,pipeline_full,localization_low_iou,truth_001,pred_001,0.837208,0.397396,0.397396,0.397396,truth_001,pred_001,0.397396,false,,,false,"pred_001 was matched to truth_001 at IoU 0.397, so it counts as a TP at IoU 0.25. It is queued because localization is below IoU 0.50.",localization_too_loose,resolved,Prediction found the cloud but box is extremely loose and includes large non-cloud area; needs tighter whole-cloud localization.,CloudHammer_v2/outputs/baseline_human_audited_mismatch_review_20260504/overlay_packet/overlays/pipeline_full/260309_-_Drawing_Rev2-_Steel_Grab_Bars_p0025_pipeline_full_truth_vs_predictions.jpg,CloudHammer_v2/outputs/baseline_pipeline_full_page_disjoint_real_20260502/whole_cloud_candidates/crops/260309 - Drawing Rev2- Steel Grab Bars/260309_-_Drawing_Rev2-_Steel_Grab_Bars_75d983f3_p0025_whole_001_medium.png
260309_-_Drawing_Rev2-_Steel_Grab_Bars_p0025:pipeline_full:pred:pred_002,260309_-_Drawing_Rev2-_Steel_Grab_Bars:p0025,pipeline_full,false_positive,,pred_002,0.547945,0,0,0,,pred_002,0,false,,,false,pred_002 was not assigned a scoring match and no truth box overlaps it on this page.,crossing_line_x_patterns,resolved,Real FP on repeated V/X crossing-line hatch pattern; no revision cloud.,CloudHammer_v2/outputs/baseline_human_audited_mismatch_review_20260504/overlay_packet/overlays/pipeline_full/260309_-_Drawing_Rev2-_Steel_Grab_Bars_p0025_pipeline_full_truth_vs_predictions.jpg,CloudHammer_v2/outputs/baseline_pipeline_full_page_disjoint_real_20260502/whole_cloud_candidates/crops/260309 - Drawing Rev2- Steel Grab Bars/260309_-_Drawing_Rev2-_Steel_Grab_Bars_75d983f3_p0025_whole_002_medium.png
260309_-_Drawing_Rev2-_Steel_Grab_Bars_p0026:model_only_tiled:pred:pred_002,260309_-_Drawing_Rev2-_Steel_Grab_Bars:p0026,model_only_tiled,false_positive,truth_001,pred_002,0.757741,0.321389,0.321389,0.321389,truth_001,pred_001,0.537514,true,pred_001,,true,"pred_002 was not assigned the IoU 0.25 scoring match. Its nearest truth is truth_001 at IoU 0.321, but that truth was already matched to pred_001. This may be a duplicate/fragment scoring artifact.",prediction_fragment_on_real_cloud,resolved,Red is useful fragment on real cloud; should merge with other predicted fragment/accepted blue prediction for full cloud coverage. Blue is not the current row.,CloudHammer_v2/outputs/baseline_human_audited_mismatch_review_20260504/overlay_packet/overlays/model_only_tiled/260309_-_Drawing_Rev2-_Steel_Grab_Bars_p0026_model_only_tiled_truth_vs_predictions.jpg,CloudHammer_v2/outputs/baseline_model_only_tiled_page_disjoint_real_20260502/crops/260309_-_Drawing_Rev2-_Steel_Grab_Bars_0a2c9d5e_p0026_cloud_002.png
260309_-_Drawing_Rev2-_Steel_Grab_Bars_p0026:pipeline_full:pred:pred_001,260309_-_Drawing_Rev2-_Steel_Grab_Bars:p0026,pipeline_full,localization_low_iou,truth_001,pred_001,0.840408,0.357948,0.357948,0.357948,truth_001,pred_001,0.357948,false,,,false,"pred_001 was matched to truth_001 at IoU 0.358, so it counts as a TP at IoU 0.25. It is queued because localization is below IoU 0.50.",localization_too_loose,resolved,Prediction found the cloud but box is too loose and includes substantial non-cloud area; needs tighter whole-cloud localization.,CloudHammer_v2/outputs/baseline_human_audited_mismatch_review_20260504/overlay_packet/overlays/pipeline_full/260309_-_Drawing_Rev2-_Steel_Grab_Bars_p0026_pipeline_full_truth_vs_predictions.jpg,CloudHammer_v2/outputs/baseline_pipeline_full_page_disjoint_real_20260502/whole_cloud_candidates/crops/260309 - Drawing Rev2- Steel Grab Bars/260309_-_Drawing_Rev2-_Steel_Grab_Bars_75d983f3_p0026_whole_001_medium.png
260309_-_Drawing_Rev2-_Steel_Grab_Bars_p0027:model_only_tiled:pred:pred_001,260309_-_Drawing_Rev2-_Steel_Grab_Bars:p0027,model_only_tiled,false_positive,truth_001,pred_001,0.717966,0.507436,0.507436,0.507436,truth_001,pred_002,0.664099,true,pred_002,,true,"pred_001 was not assigned the IoU 0.25 scoring match. Its nearest truth is truth_001 at IoU 0.507, but that truth was already matched to pred_002. This may be a duplicate/fragment scoring artifact.",prediction_fragment_on_real_cloud,resolved,Prediction is on a real cloud and appears to add useful coverage beyond the accepted prediction; review merge vs suppress.,CloudHammer_v2/outputs/baseline_human_audited_mismatch_review_20260504/overlay_packet/overlays/model_only_tiled/260309_-_Drawing_Rev2-_Steel_Grab_Bars_p0027_model_only_tiled_truth_vs_predictions.jpg,CloudHammer_v2/outputs/baseline_model_only_tiled_page_disjoint_real_20260502/crops/260309_-_Drawing_Rev2-_Steel_Grab_Bars_0a2c9d5e_p0027_cloud_001.png
260309_-_Drawing_Rev2-_Steel_Grab_Bars_p0027:pipeline_full:pred:pred_001,260309_-_Drawing_Rev2-_Steel_Grab_Bars:p0027,pipeline_full,localization_low_iou,truth_001,pred_001,0.735047,0.448441,0.448441,0.448441,truth_001,pred_001,0.448441,false,,,false,"pred_001 was matched to truth_001 at IoU 0.448, so it counts as a TP at IoU 0.25. It is queued because localization is below IoU 0.50.",localization_too_loose,resolved,Prediction found the cloud but box is too loose and includes extra non-cloud area; review/tighten whole-cloud localization.,CloudHammer_v2/outputs/baseline_human_audited_mismatch_review_20260504/overlay_packet/overlays/pipeline_full/260309_-_Drawing_Rev2-_Steel_Grab_Bars_p0027_pipeline_full_truth_vs_predictions.jpg,CloudHammer_v2/outputs/baseline_pipeline_full_page_disjoint_real_20260502/whole_cloud_candidates/crops/260309 - Drawing Rev2- Steel Grab Bars/260309_-_Drawing_Rev2-_Steel_Grab_Bars_75d983f3_p0027_whole_001_medium.png
260309_-_Drawing_Rev2-_Steel_Grab_Bars_p0028:model_only_tiled:pred:pred_001,260309_-_Drawing_Rev2-_Steel_Grab_Bars:p0028,model_only_tiled,false_positive,truth_001,pred_001,0.915036,0.061639,0.061639,0.061639,truth_001,pred_001,0.061639,false,,,false,"pred_001 was not assigned a scoring match because its nearest truth is truth_001 at IoU 0.062, below the IoU 0.25 threshold.",prediction_fragment_on_real_cloud,resolved,"small fragment on real large cloud; should merge into a larger whole-cloud prediction, not stand alone.",CloudHammer_v2/outputs/baseline_human_audited_mismatch_review_20260504/overlay_packet/overlays/model_only_tiled/260309_-_Drawing_Rev2-_Steel_Grab_Bars_p0028_model_only_tiled_truth_vs_predictions.jpg,CloudHammer_v2/outputs/baseline_model_only_tiled_page_disjoint_real_20260502/crops/260309_-_Drawing_Rev2-_Steel_Grab_Bars_0a2c9d5e_p0028_cloud_001.png
260309_-_Drawing_Rev2-_Steel_Grab_Bars_p0028:model_only_tiled:pred:pred_002,260309_-_Drawing_Rev2-_Steel_Grab_Bars:p0028,model_only_tiled,false_positive,truth_001,pred_002,0.865935,0.073423,0.073423,0.073423,truth_001,pred_002,0.073423,false,,,false,"pred_002 was not assigned a scoring match because its nearest truth is truth_001 at IoU 0.073, below the IoU 0.25 threshold.",prediction_fragment_on_real_cloud,resolved,"small fragment on real large cloud; should merge into a larger whole-cloud prediction, not stand alone.",CloudHammer_v2/outputs/baseline_human_audited_mismatch_review_20260504/overlay_packet/overlays/model_only_tiled/260309_-_Drawing_Rev2-_Steel_Grab_Bars_p0028_model_only_tiled_truth_vs_predictions.jpg,CloudHammer_v2/outputs/baseline_model_only_tiled_page_disjoint_real_20260502/crops/260309_-_Drawing_Rev2-_Steel_Grab_Bars_0a2c9d5e_p0028_cloud_002.png
260309_-_Drawing_Rev2-_Steel_Grab_Bars_p0028:model_only_tiled:pred:pred_003,260309_-_Drawing_Rev2-_Steel_Grab_Bars:p0028,model_only_tiled,false_positive,truth_001,pred_003,0.820989,0.046715,0.046715,0.046715,truth_001,pred_003,0.046715,false,,,false,"pred_003 was not assigned a scoring match because its nearest truth is truth_001 at IoU 0.047, below the IoU 0.25 threshold.",prediction_fragment_on_real_cloud,resolved,"small fragment on real large cloud; should merge into a larger whole-cloud prediction, not stand alone.",CloudHammer_v2/outputs/baseline_human_audited_mismatch_review_20260504/overlay_packet/overlays/model_only_tiled/260309_-_Drawing_Rev2-_Steel_Grab_Bars_p0028_model_only_tiled_truth_vs_predictions.jpg,CloudHammer_v2/outputs/baseline_model_only_tiled_page_disjoint_real_20260502/crops/260309_-_Drawing_Rev2-_Steel_Grab_Bars_0a2c9d5e_p0028_cloud_003.png
260309_-_Drawing_Rev2-_Steel_Grab_Bars_p0028:model_only_tiled:truth:truth_001,260309_-_Drawing_Rev2-_Steel_Grab_Bars:p0028,model_only_tiled,false_negative,truth_001,pred_002,0.865935,0.073423,0.073423,0.073423,truth_001,pred_002,0.073423,false,,,false,truth_001 did not receive an IoU 0.25 scoring match. The nearest prediction is pred_002 at IoU 0.073.,split_fragment,resolved,Truth cloud exists but detections are split into fragments or poorly localized; no single whole-cloud prediction matched.,CloudHammer_v2/outputs/baseline_human_audited_mismatch_review_20260504/overlay_packet/overlays/model_only_tiled/260309_-_Drawing_Rev2-_Steel_Grab_Bars_p0028_model_only_tiled_truth_vs_predictions.jpg,CloudHammer_v2/outputs/baseline_model_only_tiled_page_disjoint_real_20260502/crops/260309_-_Drawing_Rev2-_Steel_Grab_Bars_0a2c9d5e_p0028_cloud_002.png
260309_-_Drawing_Rev2-_Steel_Grab_Bars_p0028:pipeline_full:pred:pred_001,260309_-_Drawing_Rev2-_Steel_Grab_Bars:p0028,pipeline_full,false_positive,truth_001,pred_001,0.912869,0.226011,0.226011,0.226011,truth_001,pred_001,0.226011,false,,,false,"pred_001 was not assigned a scoring match because its nearest truth is truth_001 at IoU 0.226, below the IoU 0.25 threshold.",prediction_fragment_on_real_cloud,resolved,Prediction overlaps a real truth cloud but was below scoring threshold; likely fragment/loose piece needing merge or better grouping.,CloudHammer_v2/outputs/baseline_human_audited_mismatch_review_20260504/overlay_packet/overlays/pipeline_full/260309_-_Drawing_Rev2-_Steel_Grab_Bars_p0028_pipeline_full_truth_vs_predictions.jpg,CloudHammer_v2/outputs/baseline_pipeline_full_page_disjoint_real_20260502/whole_cloud_candidates/crops/260309 - Drawing Rev2- Steel Grab Bars/260309_-_Drawing_Rev2-_Steel_Grab_Bars_75d983f3_p0028_whole_001_large.png
260309_-_Drawing_Rev2-_Steel_Grab_Bars_p0028:pipeline_full:pred:pred_002,260309_-_Drawing_Rev2-_Steel_Grab_Bars:p0028,pipeline_full,false_positive,truth_001,pred_002,0.927286,0.077325,0.077325,0.077325,truth_001,pred_002,0.077325,false,,,false,"pred_002 was not assigned a scoring match because its nearest truth is truth_001 at IoU 0.077, below the IoU 0.25 threshold.",duplicate_prediction_on_real_cloud,resolved,Mostly duplicate prediction on same real cloud; overlaps prior fragment/box but is looser on right and bottom. Suppress or merge only if useful for whole-cloud reconstruction.,CloudHammer_v2/outputs/baseline_human_audited_mismatch_review_20260504/overlay_packet/overlays/pipeline_full/260309_-_Drawing_Rev2-_Steel_Grab_Bars_p0028_pipeline_full_truth_vs_predictions.jpg,CloudHammer_v2/outputs/baseline_pipeline_full_page_disjoint_real_20260502/whole_cloud_candidates/crops/260309 - Drawing Rev2- Steel Grab Bars/260309_-_Drawing_Rev2-_Steel_Grab_Bars_75d983f3_p0028_whole_002_medium.png
260309_-_Drawing_Rev2-_Steel_Grab_Bars_p0028:pipeline_full:truth:truth_001,260309_-_Drawing_Rev2-_Steel_Grab_Bars:p0028,pipeline_full,false_negative,truth_001,pred_001,0.912869,0.226011,0.226011,0.226011,truth_001,pred_001,0.226011,false,,,false,truth_001 did not receive an IoU 0.25 scoring match. The nearest prediction is pred_001 at IoU 0.226.,split_fragment,resolved,Truth cloud exists but detections are split into fragments or poorly localized; no single whole-cloud prediction matched.,CloudHammer_v2/outputs/baseline_human_audited_mismatch_review_20260504/overlay_packet/overlays/pipeline_full/260309_-_Drawing_Rev2-_Steel_Grab_Bars_p0028_pipeline_full_truth_vs_predictions.jpg,CloudHammer_v2/outputs/baseline_pipeline_full_page_disjoint_real_20260502/whole_cloud_candidates/crops/260309 - Drawing Rev2- Steel Grab Bars/260309_-_Drawing_Rev2-_Steel_Grab_Bars_75d983f3_p0028_whole_001_large.png
260313_-_VA_Biloxi_Rev_3_p0188:model_only_tiled:pred:pred_001,260313_-_VA_Biloxi_Rev_3:p0188,model_only_tiled,false_positive,truth_002,pred_001,0.938478,0.325612,0.325612,0.325612,truth_002,pred_007,0.432443,true,pred_007,,true,"pred_001 was not assigned the IoU 0.25 scoring match. Its nearest truth is truth_002 at IoU 0.326, but that truth was already matched to pred_007. This may be a duplicate/fragment scoring artifact.",prediction_fragment_on_real_cloud,resolved,Prediction is on a real cloud and appears to add useful coverage beyond the accepted prediction; review merge.,CloudHammer_v2/outputs/baseline_human_audited_mismatch_review_20260504/overlay_packet/overlays/model_only_tiled/260313_-_VA_Biloxi_Rev_3_p0188_model_only_tiled_truth_vs_predictions.jpg,CloudHammer_v2/outputs/baseline_model_only_tiled_page_disjoint_real_20260502/crops/260313_-_VA_Biloxi_Rev_3_811badc1_p0188_cloud_001.png
260313_-_VA_Biloxi_Rev_3_p0188:model_only_tiled:pred:pred_002,260313_-_VA_Biloxi_Rev_3:p0188,model_only_tiled,false_positive,truth_002,pred_002,0.923123,0.346575,0.346575,0.346575,truth_002,pred_007,0.432443,true,pred_007,,true,"pred_002 was not assigned the IoU 0.25 scoring match. Its nearest truth is truth_002 at IoU 0.347, but that truth was already matched to pred_007. This may be a duplicate/fragment scoring artifact.",prediction_fragment_on_real_cloud,resolved,Prediction is on a real cloud and appears to add useful coverage beyond the accepted prediction; review merge.,CloudHammer_v2/outputs/baseline_human_audited_mismatch_review_20260504/overlay_packet/overlays/model_only_tiled/260313_-_VA_Biloxi_Rev_3_p0188_model_only_tiled_truth_vs_predictions.jpg,CloudHammer_v2/outputs/baseline_model_only_tiled_page_disjoint_real_20260502/crops/260313_-_VA_Biloxi_Rev_3_811badc1_p0188_cloud_002.png
260313_-_VA_Biloxi_Rev_3_p0188:model_only_tiled:pred:pred_003,260313_-_VA_Biloxi_Rev_3:p0188,model_only_tiled,false_positive,truth_001,pred_003,0.906871,0.143762,0.143762,0.143762,truth_001,pred_008,0.545532,true,pred_008,,true,"pred_003 was not assigned the IoU 0.25 scoring match. Its nearest truth is truth_001 at IoU 0.144, but that truth was already matched to pred_008. This may be a duplicate/fragment scoring artifact.",prediction_fragment_on_real_cloud,resolved,Prediction is on a real cloud and appears to add useful coverage beyond the accepted prediction; review merge with blue.,CloudHammer_v2/outputs/baseline_human_audited_mismatch_review_20260504/overlay_packet/overlays/model_only_tiled/260313_-_VA_Biloxi_Rev_3_p0188_model_only_tiled_truth_vs_predictions.jpg,CloudHammer_v2/outputs/baseline_model_only_tiled_page_disjoint_real_20260502/crops/260313_-_VA_Biloxi_Rev_3_811badc1_p0188_cloud_003.png
260313_-_VA_Biloxi_Rev_3_p0188:model_only_tiled:pred:pred_004,260313_-_VA_Biloxi_Rev_3:p0188,model_only_tiled,false_positive,truth_002,pred_004,0.843172,0.103636,0.103636,0.103636,truth_002,pred_007,0.432443,true,pred_007,,true,"pred_004 was not assigned the IoU 0.25 scoring match. Its nearest truth is truth_002 at IoU 0.104, but that truth was already matched to pred_007. This may be a duplicate/fragment scoring artifact.",duplicate_prediction_on_real_cloud,resolved,"Should suppress, is overlapping real cloud but is less useful than overlapping prediction fragment.",CloudHammer_v2/outputs/baseline_human_audited_mismatch_review_20260504/overlay_packet/overlays/model_only_tiled/260313_-_VA_Biloxi_Rev_3_p0188_model_only_tiled_truth_vs_predictions.jpg,CloudHammer_v2/outputs/baseline_model_only_tiled_page_disjoint_real_20260502/crops/260313_-_VA_Biloxi_Rev_3_811badc1_p0188_cloud_004.png
260313_-_VA_Biloxi_Rev_3_p0188:model_only_tiled:pred:pred_005,260313_-_VA_Biloxi_Rev_3:p0188,model_only_tiled,false_positive,truth_001,pred_005,0.841989,0.399234,0.399234,0.399234,truth_001,pred_008,0.545532,true,pred_008,,true,"pred_005 was not assigned the IoU 0.25 scoring match. Its nearest truth is truth_001 at IoU 0.399, but that truth was already matched to pred_008. This may be a duplicate/fragment scoring artifact.",prediction_fragment_on_real_cloud,resolved,Prediction is on a real cloud and appears to add useful coverage beyond the accepted prediction; merge with blue.,CloudHammer_v2/outputs/baseline_human_audited_mismatch_review_20260504/overlay_packet/overlays/model_only_tiled/260313_-_VA_Biloxi_Rev_3_p0188_model_only_tiled_truth_vs_predictions.jpg,CloudHammer_v2/outputs/baseline_model_only_tiled_page_disjoint_real_20260502/crops/260313_-_VA_Biloxi_Rev_3_811badc1_p0188_cloud_005.png
260313_-_VA_Biloxi_Rev_3_p0188:model_only_tiled:pred:pred_006,260313_-_VA_Biloxi_Rev_3:p0188,model_only_tiled,false_positive,truth_002,pred_006,0.807545,0.105594,0.105594,0.105594,truth_002,pred_007,0.432443,true,pred_007,,true,"pred_006 was not assigned the IoU 0.25 scoring match. Its nearest truth is truth_002 at IoU 0.106, but that truth was already matched to pred_007. This may be a duplicate/fragment scoring artifact.",duplicate_prediction_on_real_cloud,resolved,"Should suppress, is overlapping real cloud but is less useful than overlapping prediction fragment.",CloudHammer_v2/outputs/baseline_human_audited_mismatch_review_20260504/overlay_packet/overlays/model_only_tiled/260313_-_VA_Biloxi_Rev_3_p0188_model_only_tiled_truth_vs_predictions.jpg,CloudHammer_v2/outputs/baseline_model_only_tiled_page_disjoint_real_20260502/crops/260313_-_VA_Biloxi_Rev_3_811badc1_p0188_cloud_006.png
260313_-_VA_Biloxi_Rev_3_p0188:model_only_tiled:pred:pred_007,260313_-_VA_Biloxi_Rev_3:p0188,model_only_tiled,localization_low_iou,truth_002,pred_007,0.747757,0.432443,0.432443,0.432443,truth_002,pred_007,0.432443,false,,,false,"pred_007 was matched to truth_002 at IoU 0.432, so it counts as a TP at IoU 0.25. It is queued because localization is below IoU 0.50.",localization_too_tight,resolved,Prediction found the cloud but covers only part of the truth; needs merge/whole-cloud coverage.,CloudHammer_v2/outputs/baseline_human_audited_mismatch_review_20260504/overlay_packet/overlays/model_only_tiled/260313_-_VA_Biloxi_Rev_3_p0188_model_only_tiled_truth_vs_predictions.jpg,CloudHammer_v2/outputs/baseline_model_only_tiled_page_disjoint_real_20260502/crops/260313_-_VA_Biloxi_Rev_3_811badc1_p0188_cloud_007.png
260313_-_VA_Biloxi_Rev_3_p0188:model_only_tiled:pred:pred_009,260313_-_VA_Biloxi_Rev_3:p0188,model_only_tiled,false_positive,truth_002,pred_009,0.578081,0.12448,0.12448,0.12448,truth_002,pred_007,0.432443,true,pred_007,,true,"pred_009 was not assigned the IoU 0.25 scoring match. Its nearest truth is truth_002 at IoU 0.124, but that truth was already matched to pred_007. This may be a duplicate/fragment scoring artifact.",duplicate_prediction_on_real_cloud,resolved,Prediction is an extra box on a real cloud already claimed by another prediction; likely suppress/delete duplicate.,CloudHammer_v2/outputs/baseline_human_audited_mismatch_review_20260504/overlay_packet/overlays/model_only_tiled/260313_-_VA_Biloxi_Rev_3_p0188_model_only_tiled_truth_vs_predictions.jpg,CloudHammer_v2/outputs/baseline_model_only_tiled_page_disjoint_real_20260502/crops/260313_-_VA_Biloxi_Rev_3_811badc1_p0188_cloud_009.png
260313_-_VA_Biloxi_Rev_3_p0188:model_only_tiled:pred:pred_010,260313_-_VA_Biloxi_Rev_3:p0188,model_only_tiled,false_positive,truth_002,pred_010,0.511719,0.02232,0.02232,0.02232,truth_002,pred_007,0.432443,true,pred_007,,true,"pred_010 was not assigned the IoU 0.25 scoring match. Its nearest truth is truth_002 at IoU 0.022, but that truth was already matched to pred_007. This may be a duplicate/fragment scoring artifact.",duplicate_prediction_on_real_cloud,resolved,Prediction is an extra box on a real cloud already claimed by another prediction; likely suppress/delete duplicate.,CloudHammer_v2/outputs/baseline_human_audited_mismatch_review_20260504/overlay_packet/overlays/model_only_tiled/260313_-_VA_Biloxi_Rev_3_p0188_model_only_tiled_truth_vs_predictions.jpg,CloudHammer_v2/outputs/baseline_model_only_tiled_page_disjoint_real_20260502/crops/260313_-_VA_Biloxi_Rev_3_811badc1_p0188_cloud_010.png
260313_-_VA_Biloxi_Rev_3_p0188:pipeline_full:pred:pred_001,260313_-_VA_Biloxi_Rev_3:p0188,pipeline_full,localization_low_iou,truth_002,pred_001,0.977278,0.475886,0.475886,0.475886,truth_002,pred_001,0.475886,false,,,false,"pred_001 was matched to truth_002 at IoU 0.476, so it counts as a TP at IoU 0.25. It is queued because localization is below IoU 0.50.",localization_too_loose,resolved,Prediction found the cloud but box is too loose and includes extra non-cloud area; need to tighten box,CloudHammer_v2/outputs/baseline_human_audited_mismatch_review_20260504/overlay_packet/overlays/pipeline_full/260313_-_VA_Biloxi_Rev_3_p0188_pipeline_full_truth_vs_predictions.jpg,CloudHammer_v2/outputs/baseline_pipeline_full_page_disjoint_real_20260502/whole_cloud_candidates/crops/260313 - VA Biloxi Rev 3/260313_-_VA_Biloxi_Rev_3_ff19da68_p0188_whole_001_large.png
260313_-_VA_Biloxi_Rev_3_p0188:pipeline_full:pred:pred_002,260313_-_VA_Biloxi_Rev_3:p0188,pipeline_full,localization_low_iou,truth_001,pred_002,0.937547,0.402142,0.402142,0.402142,truth_001,pred_002,0.402142,false,,,false,"pred_002 was matched to truth_001 at IoU 0.402, so it counts as a TP at IoU 0.25. It is queued because localization is below IoU 0.50.",localization_too_loose,resolved,Prediction found the cloud but box is too loose and includes extra non-cloud area; tighten whole-cloud localization.,CloudHammer_v2/outputs/baseline_human_audited_mismatch_review_20260504/overlay_packet/overlays/pipeline_full/260313_-_VA_Biloxi_Rev_3_p0188_pipeline_full_truth_vs_predictions.jpg,CloudHammer_v2/outputs/baseline_pipeline_full_page_disjoint_real_20260502/whole_cloud_candidates/crops/260313 - VA Biloxi Rev 3/260313_-_VA_Biloxi_Rev_3_ff19da68_p0188_whole_002_large.png
260313_-_VA_Biloxi_Rev_3_p0197:model_only_tiled:pred:pred_003,260313_-_VA_Biloxi_Rev_3:p0197,model_only_tiled,false_positive,truth_002,pred_003,0.794024,0.258792,0.258792,0.258792,truth_002,pred_001,0.909764,true,pred_001,,true,"pred_003 was not assigned the IoU 0.25 scoring match. Its nearest truth is truth_002 at IoU 0.259, but that truth was already matched to pred_001. This may be a duplicate/fragment scoring artifact.",duplicate_prediction_on_real_cloud,resolved,Prediction is an extra box on a real cloud already claimed by another prediction; likely suppress/delete duplicate.,CloudHammer_v2/outputs/baseline_human_audited_mismatch_review_20260504/overlay_packet/overlays/model_only_tiled/260313_-_VA_Biloxi_Rev_3_p0197_model_only_tiled_truth_vs_predictions.jpg,CloudHammer_v2/outputs/baseline_model_only_tiled_page_disjoint_real_20260502/crops/260313_-_VA_Biloxi_Rev_3_811badc1_p0197_cloud_003.png
260313_-_VA_Biloxi_Rev_3_p0197:pipeline_full:pred:pred_001,260313_-_VA_Biloxi_Rev_3:p0197,pipeline_full,false_positive,truth_002,pred_001,0.953992,0.140125,0.140125,0.140125,truth_002,pred_001,0.140125,false,,,false,"pred_001 was not assigned a scoring match because its nearest truth is truth_002 at IoU 0.140, below the IoU 0.25 threshold.",overmerged_grouping,resolved,Prediction merged two separate real clouds into one large box. Should split into two independent cloud predictions.,CloudHammer_v2/outputs/baseline_human_audited_mismatch_review_20260504/overlay_packet/overlays/pipeline_full/260313_-_VA_Biloxi_Rev_3_p0197_pipeline_full_truth_vs_predictions.jpg,CloudHammer_v2/outputs/baseline_pipeline_full_page_disjoint_real_20260502/whole_cloud_candidates/crops/260313 - VA Biloxi Rev 3/260313_-_VA_Biloxi_Rev_3_ff19da68_p0197_whole_001_small.png
260313_-_VA_Biloxi_Rev_3_p0197:pipeline_full:truth:truth_001,260313_-_VA_Biloxi_Rev_3:p0197,pipeline_full,false_negative,truth_001,pred_001,0.953992,0.091915,0.091915,0.091915,truth_001,pred_001,0.091915,false,,,false,truth_001 did not receive an IoU 0.25 scoring match. The nearest prediction is pred_001 at IoU 0.092.,overmerged_grouping,resolved,"Truth box is correct. Miss caused by one prediction overmerging this cloud with another separate cloud, so no separate matched prediction exists for this truth.",CloudHammer_v2/outputs/baseline_human_audited_mismatch_review_20260504/overlay_packet/overlays/pipeline_full/260313_-_VA_Biloxi_Rev_3_p0197_pipeline_full_truth_vs_predictions.jpg,CloudHammer_v2/outputs/baseline_pipeline_full_page_disjoint_real_20260502/whole_cloud_candidates/crops/260313 - VA Biloxi Rev 3/260313_-_VA_Biloxi_Rev_3_ff19da68_p0197_whole_001_small.png
260313_-_VA_Biloxi_Rev_3_p0197:pipeline_full:truth:truth_002,260313_-_VA_Biloxi_Rev_3:p0197,pipeline_full,false_negative,truth_002,pred_001,0.953992,0.140125,0.140125,0.140125,truth_002,pred_001,0.140125,false,,,false,truth_002 did not receive an IoU 0.25 scoring match. The nearest prediction is pred_001 at IoU 0.140.,overmerged_grouping,resolved,"Truth box is correct. Miss caused by one prediction overmerging this cloud with another separate cloud, so no separate matched prediction exists for this truth.",CloudHammer_v2/outputs/baseline_human_audited_mismatch_review_20260504/overlay_packet/overlays/pipeline_full/260313_-_VA_Biloxi_Rev_3_p0197_pipeline_full_truth_vs_predictions.jpg,CloudHammer_v2/outputs/baseline_pipeline_full_page_disjoint_real_20260502/whole_cloud_candidates/crops/260313 - VA Biloxi Rev 3/260313_-_VA_Biloxi_Rev_3_ff19da68_p0197_whole_001_small.png
260303-VA_Biloxi_Rev_5_RFI-126_p0007:model_only_tiled:pred:pred_003,260303-VA_Biloxi_Rev_5_RFI-126:p0007,model_only_tiled,false_positive,truth_002,pred_003,0.882375,0.354849,0.354849,0.354849,truth_002,pred_010,0.426987,true,pred_010,,true,"pred_003 was not assigned the IoU 0.25 scoring match. Its nearest truth is truth_002 at IoU 0.355, but that truth was already matched to pred_010. This may be a duplicate/fragment scoring artifact.",prediction_fragment_on_real_cloud,resolved,Prediction is on a real cloud and appears to add useful coverage beyond the accepted prediction; merge.,CloudHammer_v2/outputs/baseline_human_audited_mismatch_review_20260504/overlay_packet/overlays/model_only_tiled/260303-VA_Biloxi_Rev_5_RFI-126_p0007_model_only_tiled_truth_vs_predictions.jpg,CloudHammer_v2/outputs/baseline_model_only_tiled_page_disjoint_real_20260502/crops/260303-VA_Biloxi_Rev_5_RFI-126_21a92377_p0007_cloud_003.png
260303-VA_Biloxi_Rev_5_RFI-126_p0007:model_only_tiled:pred:pred_004,260303-VA_Biloxi_Rev_5_RFI-126:p0007,model_only_tiled,false_positive,truth_001,pred_004,0.874506,0.327028,0.327028,0.327028,truth_001,pred_008,0.431518,true,pred_008,,true,"pred_004 was not assigned the IoU 0.25 scoring match. Its nearest truth is truth_001 at IoU 0.327, but that truth was already matched to pred_008. This may be a duplicate/fragment scoring artifact.",prediction_fragment_on_real_cloud,resolved,Prediction is on a real cloud and appears to add useful coverage beyond the accepted prediction; merge.,CloudHammer_v2/outputs/baseline_human_audited_mismatch_review_20260504/overlay_packet/overlays/model_only_tiled/260303-VA_Biloxi_Rev_5_RFI-126_p0007_model_only_tiled_truth_vs_predictions.jpg,CloudHammer_v2/outputs/baseline_model_only_tiled_page_disjoint_real_20260502/crops/260303-VA_Biloxi_Rev_5_RFI-126_21a92377_p0007_cloud_004.png
260303-VA_Biloxi_Rev_5_RFI-126_p0007:model_only_tiled:pred:pred_005,260303-VA_Biloxi_Rev_5_RFI-126:p0007,model_only_tiled,false_positive,truth_001,pred_005,0.851732,0.111859,0.111859,0.111859,truth_001,pred_008,0.431518,true,pred_008,,true,"pred_005 was not assigned the IoU 0.25 scoring match. Its nearest truth is truth_001 at IoU 0.112, but that truth was already matched to pred_008. This may be a duplicate/fragment scoring artifact.",prediction_fragment_on_real_cloud,resolved,Prediction is on a real cloud and appears to add useful coverage beyond the accepted prediction; review merge vs suppress.,CloudHammer_v2/outputs/baseline_human_audited_mismatch_review_20260504/overlay_packet/overlays/model_only_tiled/260303-VA_Biloxi_Rev_5_RFI-126_p0007_model_only_tiled_truth_vs_predictions.jpg,CloudHammer_v2/outputs/baseline_model_only_tiled_page_disjoint_real_20260502/crops/260303-VA_Biloxi_Rev_5_RFI-126_21a92377_p0007_cloud_005.png
260303-VA_Biloxi_Rev_5_RFI-126_p0007:model_only_tiled:pred:pred_006,260303-VA_Biloxi_Rev_5_RFI-126:p0007,model_only_tiled,false_positive,truth_002,pred_006,0.837475,0.158745,0.158745,0.158745,truth_002,pred_010,0.426987,true,pred_010,,true,"pred_006 was not assigned the IoU 0.25 scoring match. Its nearest truth is truth_002 at IoU 0.159, but that truth was already matched to pred_010. This may be a duplicate/fragment scoring artifact.",prediction_fragment_on_real_cloud,resolved,Prediction is on a real cloud and appears to add useful coverage beyond the accepted prediction; merge.,CloudHammer_v2/outputs/baseline_human_audited_mismatch_review_20260504/overlay_packet/overlays/model_only_tiled/260303-VA_Biloxi_Rev_5_RFI-126_p0007_model_only_tiled_truth_vs_predictions.jpg,CloudHammer_v2/outputs/baseline_model_only_tiled_page_disjoint_real_20260502/crops/260303-VA_Biloxi_Rev_5_RFI-126_21a92377_p0007_cloud_006.png
260303-VA_Biloxi_Rev_5_RFI-126_p0007:model_only_tiled:pred:pred_007,260303-VA_Biloxi_Rev_5_RFI-126:p0007,model_only_tiled,false_positive,truth_004,pred_007,0.764076,0.208795,0.208795,0.208795,truth_004,pred_001,0.967879,true,pred_001,,true,"pred_007 was not assigned the IoU 0.25 scoring match. Its nearest truth is truth_004 at IoU 0.209, but that truth was already matched to pred_001. This may be a duplicate/fragment scoring artifact.",duplicate_prediction_on_real_cloud,resolved,Prediction is an extra box on a real cloud already claimed by another prediction; likely suppress/delete duplicate.,CloudHammer_v2/outputs/baseline_human_audited_mismatch_review_20260504/overlay_packet/overlays/model_only_tiled/260303-VA_Biloxi_Rev_5_RFI-126_p0007_model_only_tiled_truth_vs_predictions.jpg,CloudHammer_v2/outputs/baseline_model_only_tiled_page_disjoint_real_20260502/crops/260303-VA_Biloxi_Rev_5_RFI-126_21a92377_p0007_cloud_007.png
260303-VA_Biloxi_Rev_5_RFI-126_p0007:model_only_tiled:pred:pred_008,260303-VA_Biloxi_Rev_5_RFI-126:p0007,model_only_tiled,localization_low_iou,truth_001,pred_008,0.760143,0.431518,0.431518,0.431518,truth_001,pred_008,0.431518,false,,,false,"pred_008 was matched to truth_001 at IoU 0.432, so it counts as a TP at IoU 0.25. It is queued because localization is below IoU 0.50.",localization_too_tight,resolved,Prediction found the cloud but covers only part of the truth; needs merge/whole-cloud coverage.,CloudHammer_v2/outputs/baseline_human_audited_mismatch_review_20260504/overlay_packet/overlays/model_only_tiled/260303-VA_Biloxi_Rev_5_RFI-126_p0007_model_only_tiled_truth_vs_predictions.jpg,CloudHammer_v2/outputs/baseline_model_only_tiled_page_disjoint_real_20260502/crops/260303-VA_Biloxi_Rev_5_RFI-126_21a92377_p0007_cloud_008.png
260303-VA_Biloxi_Rev_5_RFI-126_p0007:model_only_tiled:pred:pred_009,260303-VA_Biloxi_Rev_5_RFI-126:p0007,model_only_tiled,false_positive,truth_002,pred_009,0.725689,0.182538,0.182538,0.182538,truth_002,pred_010,0.426987,true,pred_010,,true,"pred_009 was not assigned the IoU 0.25 scoring match. Its nearest truth is truth_002 at IoU 0.183, but that truth was already matched to pred_010. This may be a duplicate/fragment scoring artifact.",prediction_fragment_on_real_cloud,resolved,Prediction is on a real cloud and appears to add useful coverage beyond the accepted prediction; merge.,CloudHammer_v2/outputs/baseline_human_audited_mismatch_review_20260504/overlay_packet/overlays/model_only_tiled/260303-VA_Biloxi_Rev_5_RFI-126_p0007_model_only_tiled_truth_vs_predictions.jpg,CloudHammer_v2/outputs/baseline_model_only_tiled_page_disjoint_real_20260502/crops/260303-VA_Biloxi_Rev_5_RFI-126_21a92377_p0007_cloud_009.png
260303-VA_Biloxi_Rev_5_RFI-126_p0007:model_only_tiled:pred:pred_010,260303-VA_Biloxi_Rev_5_RFI-126:p0007,model_only_tiled,localization_low_iou,truth_002,pred_010,0.723602,0.426987,0.426987,0.426987,truth_002,pred_010,0.426987,false,,,false,"pred_010 was matched to truth_002 at IoU 0.427, so it counts as a TP at IoU 0.25. It is queued because localization is below IoU 0.50.",localization_too_tight,resolved,Prediction found the cloud but covers only part of the truth; needs merge/whole-cloud coverage.,CloudHammer_v2/outputs/baseline_human_audited_mismatch_review_20260504/overlay_packet/overlays/model_only_tiled/260303-VA_Biloxi_Rev_5_RFI-126_p0007_model_only_tiled_truth_vs_predictions.jpg,CloudHammer_v2/outputs/baseline_model_only_tiled_page_disjoint_real_20260502/crops/260303-VA_Biloxi_Rev_5_RFI-126_21a92377_p0007_cloud_010.png
260303-VA_Biloxi_Rev_5_RFI-126_p0007:pipeline_full:pred:pred_001,260303-VA_Biloxi_Rev_5_RFI-126:p0007,pipeline_full,localization_low_iou,truth_002,pred_001,0.959087,0.259466,0.259466,0.259466,truth_002,pred_001,0.259466,false,,,false,"pred_001 was matched to truth_002 at IoU 0.259, so it counts as a TP at IoU 0.25. It is queued because localization is below IoU 0.50.",overmerged_grouping,resolved,"Prediction overmerged two separate real clouds. One truth was matched, but the same prediction also absorbs a second cloud that remains missed/orange. Should split into two independent predictions.",CloudHammer_v2/outputs/baseline_human_audited_mismatch_review_20260504/overlay_packet/overlays/pipeline_full/260303-VA_Biloxi_Rev_5_RFI-126_p0007_pipeline_full_truth_vs_predictions.jpg,CloudHammer_v2/outputs/baseline_pipeline_full_page_disjoint_real_20260502/whole_cloud_candidates/crops/260303-VA Biloxi Rev 5 RFI-126/260303-VA_Biloxi_Rev_5_RFI-126_56f520d9_p0007_whole_001_large.png
260303-VA_Biloxi_Rev_5_RFI-126_p0007:pipeline_full:truth:truth_001,260303-VA_Biloxi_Rev_5_RFI-126:p0007,pipeline_full,false_negative,truth_001,pred_001,0.959087,0.124499,0.124499,0.124499,truth_001,pred_001,0.124499,true,,truth_002,false,"truth_001 did not receive an IoU 0.25 scoring match. The nearest prediction is pred_001 at IoU 0.124, but that prediction was matched to truth_002.",overmerged_grouping,resolved,"Truth box is correct. Miss is caused by nearby prediction overmerging this cloud with another truth; scorer matched the merged prediction to the other cloud, leaving this one unmatched.",CloudHammer_v2/outputs/baseline_human_audited_mismatch_review_20260504/overlay_packet/overlays/pipeline_full/260303-VA_Biloxi_Rev_5_RFI-126_p0007_pipeline_full_truth_vs_predictions.jpg,CloudHammer_v2/outputs/baseline_pipeline_full_page_disjoint_real_20260502/whole_cloud_candidates/crops/260303-VA Biloxi Rev 5 RFI-126/260303-VA_Biloxi_Rev_5_RFI-126_56f520d9_p0007_whole_001_large.png
