cloud_roi_id,review_bucket,revision,candidate_source,source_image_path,local_image_path,gpt_label_path,local_label_path,gpt_overlay_path,local_overlay_path,pdf_path,page_index,page_number,sheet_id,sheet_title,accepted_box_count,max_confidence,visual_types,human_quick_label,human_notes
260313_-_VA_Biloxi_Rev_3_ff19da68_p0176_m001,high_conf_positive,Revision #3 - EHRM Drawings,target_marker_neighborhood,F:\Desktop\m\projects\kevision\CloudHammer\data\cloud_roi_images_broad_20260427\260313_-_VA_Biloxi_Rev_3_ff19da68_p0176_m001.png,F:\Desktop\m\projects\kevision\CloudHammer\data\review_queues\broad_gpt_20260427_deduped\high_conf_positive\images\260313_-_VA_Biloxi_Rev_3_ff19da68_p0176_m001.png,F:\Desktop\m\projects\kevision\CloudHammer\data\gpt_prelabel_broad_20260427\gpt_labels\260313_-_VA_Biloxi_Rev_3_ff19da68_p0176_m001.txt,F:\Desktop\m\projects\kevision\CloudHammer\data\review_queues\broad_gpt_20260427_deduped\high_conf_positive\labels\260313_-_VA_Biloxi_Rev_3_ff19da68_p0176_m001.txt,F:\Desktop\m\projects\kevision\CloudHammer\data\gpt_prelabel_broad_20260427\gpt_review\260313_-_VA_Biloxi_Rev_3_ff19da68_p0176_m001.jpg,F:\Desktop\m\projects\kevision\CloudHammer\data\review_queues\broad_gpt_20260427_deduped\high_conf_positive\gpt_overlays\260313_-_VA_Biloxi_Rev_3_ff19da68_p0176_m001.jpg,F:\Desktop\m\projects\kevision\revision_sets\Revision #3 - EHRM Drawings\260313 - VA Biloxi Rev 3.pdf,176,,,,2,0.9800,bold,,
260309_-_Drawing_Rev2-_Steel_Grab_Bars_75d983f3_p0021_random_0024,high_conf_positive,Revision #2 - Mod 5 grab bar supports,random_standard_drawing_crop,F:\Desktop\m\projects\kevision\CloudHammer\data\random_drawing_crops_broad_20260427\images\260309_-_Drawing_Rev2-_Steel_Grab_Bars_75d983f3_p0021_random_0024.png,F:\Desktop\m\projects\kevision\CloudHammer\data\review_queues\broad_gpt_20260427_deduped\high_conf_positive\images\260309_-_Drawing_Rev2-_Steel_Grab_Bars_75d983f3_p0021_random_0024.png,F:\Desktop\m\projects\kevision\CloudHammer\data\gpt_prelabel_broad_20260427\gpt_labels\260309_-_Drawing_Rev2-_Steel_Grab_Bars_75d983f3_p0021_random_0024.txt,F:\Desktop\m\projects\kevision\CloudHammer\data\review_queues\broad_gpt_20260427_deduped\high_conf_positive\labels\260309_-_Drawing_Rev2-_Steel_Grab_Bars_75d983f3_p0021_random_0024.txt,F:\Desktop\m\projects\kevision\CloudHammer\data\gpt_prelabel_broad_20260427\gpt_review\260309_-_Drawing_Rev2-_Steel_Grab_Bars_75d983f3_p0021_random_0024.jpg,F:\Desktop\m\projects\kevision\CloudHammer\data\review_queues\broad_gpt_20260427_deduped\high_conf_positive\gpt_overlays\260309_-_Drawing_Rev2-_Steel_Grab_Bars_75d983f3_p0021_random_0024.jpg,F:\Desktop\m\projects\kevision\revision_sets\Revision #2 - Mod 5 grab bar supports\260309 - Drawing Rev2- Steel Grab Bars.pdf,21,22,P-418,FD-C,1,0.9400,bold,,
260219_-_VA_Biloxi_Rev_4_Plumbing_1_bed93137_p0004_m053,high_conf_positive,Revision #4 - Dental Air,target_marker_neighborhood,F:\Desktop\m\projects\kevision\CloudHammer\data\cloud_roi_images_broad_20260427\260219_-_VA_Biloxi_Rev_4_Plumbing_1_bed93137_p0004_m053.png,F:\Desktop\m\projects\kevision\CloudHammer\data\review_queues\broad_gpt_20260427_deduped\high_conf_positive\images\260219_-_VA_Biloxi_Rev_4_Plumbing_1_bed93137_p0004_m053.png,F:\Desktop\m\projects\kevision\CloudHammer\data\gpt_prelabel_broad_20260427\gpt_labels\260219_-_VA_Biloxi_Rev_4_Plumbing_1_bed93137_p0004_m053.txt,F:\Desktop\m\projects\kevision\CloudHammer\data\review_queues\broad_gpt_20260427_deduped\high_conf_positive\labels\260219_-_VA_Biloxi_Rev_4_Plumbing_1_bed93137_p0004_m053.txt,F:\Desktop\m\projects\kevision\CloudHammer\data\gpt_prelabel_broad_20260427\gpt_review\260219_-_VA_Biloxi_Rev_4_Plumbing_1_bed93137_p0004_m053.jpg,F:\Desktop\m\projects\kevision\CloudHammer\data\review_queues\broad_gpt_20260427_deduped\high_conf_positive\gpt_overlays\260219_-_VA_Biloxi_Rev_4_Plumbing_1_bed93137_p0004_m053.jpg,F:\Desktop\m\projects\kevision\revision_sets\Revision #4 - Dental Air\260219 - VA Biloxi Rev 4_Plumbing 1.pdf,4,,,,2,0.9500,bold,,
260219_-_VA_Biloxi_Rev_4_Plumbing_1_bed93137_p0002_random_0585,high_conf_positive,Revision #4 - Dental Air,random_standard_drawing_crop,F:\Desktop\m\projects\kevision\CloudHammer\data\random_drawing_crops_broad_20260427\images\260219_-_VA_Biloxi_Rev_4_Plumbing_1_bed93137_p0002_random_0585.png,F:\Desktop\m\projects\kevision\CloudHammer\data\review_queues\broad_gpt_20260427_deduped\high_conf_positive\images\260219_-_VA_Biloxi_Rev_4_Plumbing_1_bed93137_p0002_random_0585.png,F:\Desktop\m\projects\kevision\CloudHammer\data\gpt_prelabel_broad_20260427\gpt_labels\260219_-_VA_Biloxi_Rev_4_Plumbing_1_bed93137_p0002_random_0585.txt,F:\Desktop\m\projects\kevision\CloudHammer\data\review_queues\broad_gpt_20260427_deduped\high_conf_positive\labels\260219_-_VA_Biloxi_Rev_4_Plumbing_1_bed93137_p0002_random_0585.txt,F:\Desktop\m\projects\kevision\CloudHammer\data\gpt_prelabel_broad_20260427\gpt_review\260219_-_VA_Biloxi_Rev_4_Plumbing_1_bed93137_p0002_random_0585.jpg,F:\Desktop\m\projects\kevision\CloudHammer\data\review_queues\broad_gpt_20260427_deduped\high_conf_positive\gpt_overlays\260219_-_VA_Biloxi_Rev_4_Plumbing_1_bed93137_p0002_random_0585.jpg,F:\Desktop\m\projects\kevision\revision_sets\Revision #4 - Dental Air\260219 - VA Biloxi Rev 4_Plumbing 1.pdf,2,3,PL306,5TH FLOOR - MED GAS,1,0.9800,bold,,
260313_-_VA_Biloxi_Rev_3_ff19da68_p0196_random_0152,high_conf_positive,Revision #3 - EHRM Drawings,random_standard_drawing_crop,F:\Desktop\m\projects\kevision\CloudHammer\data\random_drawing_crops_broad_20260427\images\260313_-_VA_Biloxi_Rev_3_ff19da68_p0196_random_0152.png,F:\Desktop\m\projects\kevision\CloudHammer\data\review_queues\broad_gpt_20260427_deduped\high_conf_positive\images\260313_-_VA_Biloxi_Rev_3_ff19da68_p0196_random_0152.png,F:\Desktop\m\projects\kevision\CloudHammer\data\gpt_prelabel_broad_20260427\gpt_labels\260313_-_VA_Biloxi_Rev_3_ff19da68_p0196_random_0152.txt,F:\Desktop\m\projects\kevision\CloudHammer\data\review_queues\broad_gpt_20260427_deduped\high_conf_positive\labels\260313_-_VA_Biloxi_Rev_3_ff19da68_p0196_random_0152.txt,F:\Desktop\m\projects\kevision\CloudHammer\data\gpt_prelabel_broad_20260427\gpt_review\260313_-_VA_Biloxi_Rev_3_ff19da68_p0196_random_0152.jpg,F:\Desktop\m\projects\kevision\CloudHammer\data\review_queues\broad_gpt_20260427_deduped\high_conf_positive\gpt_overlays\260313_-_VA_Biloxi_Rev_3_ff19da68_p0196_random_0152.jpg,F:\Desktop\m\projects\kevision\revision_sets\Revision #3 - EHRM Drawings\260313 - VA Biloxi Rev 3.pdf,196,197,E001,SYMBOLS  LIST.,2,0.9700,bold,,
260303-VA_Biloxi_Rev_5_RFI-126_56f520d9_p0003_random_0313,high_conf_positive,Revision #5 - RFI 126 - Concrete Repairs,random_standard_drawing_crop,F:\Desktop\m\projects\kevision\CloudHammer\data\random_drawing_crops_broad_20260427\images\260303-VA_Biloxi_Rev_5_RFI-126_56f520d9_p0003_random_0313.png,F:\Desktop\m\projects\kevision\CloudHammer\data\review_queues\broad_gpt_20260427_deduped\high_conf_positive\images\260303-VA_Biloxi_Rev_5_RFI-126_56f520d9_p0003_random_0313.png,F:\Desktop\m\projects\kevision\CloudHammer\data\gpt_prelabel_broad_20260427\gpt_labels\260303-VA_Biloxi_Rev_5_RFI-126_56f520d9_p0003_random_0313.txt,F:\Desktop\m\projects\kevision\CloudHammer\data\review_queues\broad_gpt_20260427_deduped\high_conf_positive\labels\260303-VA_Biloxi_Rev_5_RFI-126_56f520d9_p0003_random_0313.txt,F:\Desktop\m\projects\kevision\CloudHammer\data\gpt_prelabel_broad_20260427\gpt_review\260303-VA_Biloxi_Rev_5_RFI-126_56f520d9_p0003_random_0313.jpg,F:\Desktop\m\projects\kevision\CloudHammer\data\review_queues\broad_gpt_20260427_deduped\high_conf_positive\gpt_overlays\260303-VA_Biloxi_Rev_5_RFI-126_56f520d9_p0003_random_0313.jpg,F:\Desktop\m\projects\kevision\revision_sets\Revision #5 - RFI 126 - Concrete Repairs\260303-VA Biloxi Rev 5 RFI-126.pdf,3,4,S160,"AEMS, PLLC",1,0.9800,bold,,
260309_-_Drawing_Rev2-_Steel_Grab_Bars_75d983f3_p0023_m002,high_conf_positive,Revision #2 - Mod 5 grab bar supports,target_marker_neighborhood,F:\Desktop\m\projects\kevision\CloudHammer\data\cloud_roi_images_broad_20260427\260309_-_Drawing_Rev2-_Steel_Grab_Bars_75d983f3_p0023_m002.png,F:\Desktop\m\projects\kevision\CloudHammer\data\review_queues\broad_gpt_20260427_deduped\high_conf_positive\images\260309_-_Drawing_Rev2-_Steel_Grab_Bars_75d983f3_p0023_m002.png,F:\Desktop\m\projects\kevision\CloudHammer\data\gpt_prelabel_broad_20260427\gpt_labels\260309_-_Drawing_Rev2-_Steel_Grab_Bars_75d983f3_p0023_m002.txt,F:\Desktop\m\projects\kevision\CloudHammer\data\review_queues\broad_gpt_20260427_deduped\high_conf_positive\labels\260309_-_Drawing_Rev2-_Steel_Grab_Bars_75d983f3_p0023_m002.txt,F:\Desktop\m\projects\kevision\CloudHammer\data\gpt_prelabel_broad_20260427\gpt_review\260309_-_Drawing_Rev2-_Steel_Grab_Bars_75d983f3_p0023_m002.jpg,F:\Desktop\m\projects\kevision\CloudHammer\data\review_queues\broad_gpt_20260427_deduped\high_conf_positive\gpt_overlays\260309_-_Drawing_Rev2-_Steel_Grab_Bars_75d983f3_p0023_m002.jpg,F:\Desktop\m\projects\kevision\revision_sets\Revision #2 - Mod 5 grab bar supports\260309 - Drawing Rev2- Steel Grab Bars.pdf,23,,,,1,0.9800,bold,,
Revision_1_-_Drawing_Changes_6cbee960_p0007_m060,high_conf_positive,Revision #1 - Drawing Changes,target_marker_neighborhood,F:\Desktop\m\projects\kevision\CloudHammer\data\cloud_roi_images_broad_20260427\Revision_1_-_Drawing_Changes_6cbee960_p0007_m060.png,F:\Desktop\m\projects\kevision\CloudHammer\data\review_queues\broad_gpt_20260427_deduped\high_conf_positive\images\Revision_1_-_Drawing_Changes_6cbee960_p0007_m060.png,F:\Desktop\m\projects\kevision\CloudHammer\data\gpt_prelabel_broad_20260427\gpt_labels\Revision_1_-_Drawing_Changes_6cbee960_p0007_m060.txt,F:\Desktop\m\projects\kevision\CloudHammer\data\review_queues\broad_gpt_20260427_deduped\high_conf_positive\labels\Revision_1_-_Drawing_Changes_6cbee960_p0007_m060.txt,F:\Desktop\m\projects\kevision\CloudHammer\data\gpt_prelabel_broad_20260427\gpt_review\Revision_1_-_Drawing_Changes_6cbee960_p0007_m060.jpg,F:\Desktop\m\projects\kevision\CloudHammer\data\review_queues\broad_gpt_20260427_deduped\high_conf_positive\gpt_overlays\Revision_1_-_Drawing_Changes_6cbee960_p0007_m060.jpg,F:\Desktop\m\projects\kevision\revision_sets\Revision #1 - Drawing Changes\Revision #1 - Drawing Changes.pdf,7,,,,2,0.9800,bold,,
260313_-_VA_Biloxi_Rev_3_ff19da68_p0184_m007,high_conf_positive,Revision #3 - EHRM Drawings,target_marker_neighborhood,F:\Desktop\m\projects\kevision\CloudHammer\data\cloud_roi_images_broad_20260427\260313_-_VA_Biloxi_Rev_3_ff19da68_p0184_m007.png,F:\Desktop\m\projects\kevision\CloudHammer\data\review_queues\broad_gpt_20260427_deduped\high_conf_positive\images\260313_-_VA_Biloxi_Rev_3_ff19da68_p0184_m007.png,F:\Desktop\m\projects\kevision\CloudHammer\data\gpt_prelabel_broad_20260427\gpt_labels\260313_-_VA_Biloxi_Rev_3_ff19da68_p0184_m007.txt,F:\Desktop\m\projects\kevision\CloudHammer\data\review_queues\broad_gpt_20260427_deduped\high_conf_positive\labels\260313_-_VA_Biloxi_Rev_3_ff19da68_p0184_m007.txt,F:\Desktop\m\projects\kevision\CloudHammer\data\gpt_prelabel_broad_20260427\gpt_review\260313_-_VA_Biloxi_Rev_3_ff19da68_p0184_m007.jpg,F:\Desktop\m\projects\kevision\CloudHammer\data\review_queues\broad_gpt_20260427_deduped\high_conf_positive\gpt_overlays\260313_-_VA_Biloxi_Rev_3_ff19da68_p0184_m007.jpg,F:\Desktop\m\projects\kevision\revision_sets\Revision #3 - EHRM Drawings\260313 - VA Biloxi Rev 3.pdf,184,,,,2,0.9500,bold,,
260219_-_VA_Biloxi_Rev_4_Plumbing_1_bed93137_p0001_m029,high_conf_positive,Revision #4 - Dental Air,target_marker_neighborhood,F:\Desktop\m\projects\kevision\CloudHammer\data\cloud_roi_images_broad_20260427\260219_-_VA_Biloxi_Rev_4_Plumbing_1_bed93137_p0001_m029.png,F:\Desktop\m\projects\kevision\CloudHammer\data\review_queues\broad_gpt_20260427_deduped\high_conf_positive\images\260219_-_VA_Biloxi_Rev_4_Plumbing_1_bed93137_p0001_m029.png,F:\Desktop\m\projects\kevision\CloudHammer\data\gpt_prelabel_broad_20260427\gpt_labels\260219_-_VA_Biloxi_Rev_4_Plumbing_1_bed93137_p0001_m029.txt,F:\Desktop\m\projects\kevision\CloudHammer\data\review_queues\broad_gpt_20260427_deduped\high_conf_positive\labels\260219_-_VA_Biloxi_Rev_4_Plumbing_1_bed93137_p0001_m029.txt,F:\Desktop\m\projects\kevision\CloudHammer\data\gpt_prelabel_broad_20260427\gpt_review\260219_-_VA_Biloxi_Rev_4_Plumbing_1_bed93137_p0001_m029.jpg,F:\Desktop\m\projects\kevision\CloudHammer\data\review_queues\broad_gpt_20260427_deduped\high_conf_positive\gpt_overlays\260219_-_VA_Biloxi_Rev_4_Plumbing_1_bed93137_p0001_m029.jpg,F:\Desktop\m\projects\kevision\revision_sets\Revision #4 - Dental Air\260219 - VA Biloxi Rev 4_Plumbing 1.pdf,1,,,,1,0.9800,bold,,
260219_-_VA_Biloxi_Rev_4_Plumbing_1_bed93137_p0003_random_0123,high_conf_positive,Revision #4 - Dental Air,random_standard_drawing_crop,F:\Desktop\m\projects\kevision\CloudHammer\data\random_drawing_crops_broad_20260427\images\260219_-_VA_Biloxi_Rev_4_Plumbing_1_bed93137_p0003_random_0123.png,F:\Desktop\m\projects\kevision\CloudHammer\data\review_queues\broad_gpt_20260427_deduped\high_conf_positive\images\260219_-_VA_Biloxi_Rev_4_Plumbing_1_bed93137_p0003_random_0123.png,F:\Desktop\m\projects\kevision\CloudHammer\data\gpt_prelabel_broad_20260427\gpt_labels\260219_-_VA_Biloxi_Rev_4_Plumbing_1_bed93137_p0003_random_0123.txt,F:\Desktop\m\projects\kevision\CloudHammer\data\review_queues\broad_gpt_20260427_deduped\high_conf_positive\labels\260219_-_VA_Biloxi_Rev_4_Plumbing_1_bed93137_p0003_random_0123.txt,F:\Desktop\m\projects\kevision\CloudHammer\data\gpt_prelabel_broad_20260427\gpt_review\260219_-_VA_Biloxi_Rev_4_Plumbing_1_bed93137_p0003_random_0123.jpg,F:\Desktop\m\projects\kevision\CloudHammer\data\review_queues\broad_gpt_20260427_deduped\high_conf_positive\gpt_overlays\260219_-_VA_Biloxi_Rev_4_Plumbing_1_bed93137_p0003_random_0123.jpg,F:\Desktop\m\projects\kevision\revision_sets\Revision #4 - Dental Air\260219 - VA Biloxi Rev 4_Plumbing 1.pdf,3,4,PL307,ATTIC - MED GAS,1,0.9800,bold,,
260313_-_VA_Biloxi_Rev_3_ff19da68_p0172_random_0218,high_conf_positive,Revision #3 - EHRM Drawings,random_standard_drawing_crop,F:\Desktop\m\projects\kevision\CloudHammer\data\random_drawing_crops_broad_20260427\images\260313_-_VA_Biloxi_Rev_3_ff19da68_p0172_random_0218.png,F:\Desktop\m\projects\kevision\CloudHammer\data\review_queues\broad_gpt_20260427_deduped\high_conf_positive\images\260313_-_VA_Biloxi_Rev_3_ff19da68_p0172_random_0218.png,F:\Desktop\m\projects\kevision\CloudHammer\data\gpt_prelabel_broad_20260427\gpt_labels\260313_-_VA_Biloxi_Rev_3_ff19da68_p0172_random_0218.txt,F:\Desktop\m\projects\kevision\CloudHammer\data\review_queues\broad_gpt_20260427_deduped\high_conf_positive\labels\260313_-_VA_Biloxi_Rev_3_ff19da68_p0172_random_0218.txt,F:\Desktop\m\projects\kevision\CloudHammer\data\gpt_prelabel_broad_20260427\gpt_review\260313_-_VA_Biloxi_Rev_3_ff19da68_p0172_random_0218.jpg,F:\Desktop\m\projects\kevision\CloudHammer\data\review_queues\broad_gpt_20260427_deduped\high_conf_positive\gpt_overlays\260313_-_VA_Biloxi_Rev_3_ff19da68_p0172_random_0218.jpg,F:\Desktop\m\projects\kevision\revision_sets\Revision #3 - EHRM Drawings\260313 - VA Biloxi Rev 3.pdf,172,173,P-418,"1/2"" CW,",1,0.9900,bold,,
260303-VA_Biloxi_Rev_5_RFI-126_56f520d9_p0004_random_0175,high_conf_positive,Revision #5 - RFI 126 - Concrete Repairs,random_standard_drawing_crop,F:\Desktop\m\projects\kevision\CloudHammer\data\random_drawing_crops_broad_20260427\images\260303-VA_Biloxi_Rev_5_RFI-126_56f520d9_p0004_random_0175.png,F:\Desktop\m\projects\kevision\CloudHammer\data\review_queues\broad_gpt_20260427_deduped\high_conf_positive\images\260303-VA_Biloxi_Rev_5_RFI-126_56f520d9_p0004_random_0175.png,F:\Desktop\m\projects\kevision\CloudHammer\data\gpt_prelabel_broad_20260427\gpt_labels\260303-VA_Biloxi_Rev_5_RFI-126_56f520d9_p0004_random_0175.txt,F:\Desktop\m\projects\kevision\CloudHammer\data\review_queues\broad_gpt_20260427_deduped\high_conf_positive\labels\260303-VA_Biloxi_Rev_5_RFI-126_56f520d9_p0004_random_0175.txt,F:\Desktop\m\projects\kevision\CloudHammer\data\gpt_prelabel_broad_20260427\gpt_review\260303-VA_Biloxi_Rev_5_RFI-126_56f520d9_p0004_random_0175.jpg,F:\Desktop\m\projects\kevision\CloudHammer\data\review_queues\broad_gpt_20260427_deduped\high_conf_positive\gpt_overlays\260303-VA_Biloxi_Rev_5_RFI-126_56f520d9_p0004_random_0175.jpg,F:\Desktop\m\projects\kevision\revision_sets\Revision #5 - RFI 126 - Concrete Repairs\260303-VA Biloxi Rev 5 RFI-126.pdf,4,5,S140,"(E) BRACE FRAME, STITCH WELD CHANNEL TO TOP TUBE OF FRAME WITH BEVEL",1,0.9800,bold,,
260309_-_Drawing_Rev2-_Steel_Grab_Bars_75d983f3_p0010_m002,high_conf_positive,Revision #2 - Mod 5 grab bar supports,target_marker_neighborhood,F:\Desktop\m\projects\kevision\CloudHammer\data\cloud_roi_images_broad_20260427\260309_-_Drawing_Rev2-_Steel_Grab_Bars_75d983f3_p0010_m002.png,F:\Desktop\m\projects\kevision\CloudHammer\data\review_queues\broad_gpt_20260427_deduped\high_conf_positive\images\260309_-_Drawing_Rev2-_Steel_Grab_Bars_75d983f3_p0010_m002.png,F:\Desktop\m\projects\kevision\CloudHammer\data\gpt_prelabel_broad_20260427\gpt_labels\260309_-_Drawing_Rev2-_Steel_Grab_Bars_75d983f3_p0010_m002.txt,F:\Desktop\m\projects\kevision\CloudHammer\data\review_queues\broad_gpt_20260427_deduped\high_conf_positive\labels\260309_-_Drawing_Rev2-_Steel_Grab_Bars_75d983f3_p0010_m002.txt,F:\Desktop\m\projects\kevision\CloudHammer\data\gpt_prelabel_broad_20260427\gpt_review\260309_-_Drawing_Rev2-_Steel_Grab_Bars_75d983f3_p0010_m002.jpg,F:\Desktop\m\projects\kevision\CloudHammer\data\review_queues\broad_gpt_20260427_deduped\high_conf_positive\gpt_overlays\260309_-_Drawing_Rev2-_Steel_Grab_Bars_75d983f3_p0010_m002.jpg,F:\Desktop\m\projects\kevision\revision_sets\Revision #2 - Mod 5 grab bar supports\260309 - Drawing Rev2- Steel Grab Bars.pdf,10,,,,1,0.9700,bold,,
Revision_1_-_Drawing_Changes_6cbee960_p0044_m005,high_conf_positive,Revision #1 - Drawing Changes,target_marker_neighborhood,F:\Desktop\m\projects\kevision\CloudHammer\data\cloud_roi_images_broad_20260427\Revision_1_-_Drawing_Changes_6cbee960_p0044_m005.png,F:\Desktop\m\projects\kevision\CloudHammer\data\review_queues\broad_gpt_20260427_deduped\high_conf_positive\images\Revision_1_-_Drawing_Changes_6cbee960_p0044_m005.png,F:\Desktop\m\projects\kevision\CloudHammer\data\gpt_prelabel_broad_20260427\gpt_labels\Revision_1_-_Drawing_Changes_6cbee960_p0044_m005.txt,F:\Desktop\m\projects\kevision\CloudHammer\data\review_queues\broad_gpt_20260427_deduped\high_conf_positive\labels\Revision_1_-_Drawing_Changes_6cbee960_p0044_m005.txt,F:\Desktop\m\projects\kevision\CloudHammer\data\gpt_prelabel_broad_20260427\gpt_review\Revision_1_-_Drawing_Changes_6cbee960_p0044_m005.jpg,F:\Desktop\m\projects\kevision\CloudHammer\data\review_queues\broad_gpt_20260427_deduped\high_conf_positive\gpt_overlays\Revision_1_-_Drawing_Changes_6cbee960_p0044_m005.jpg,F:\Desktop\m\projects\kevision\revision_sets\Revision #1 - Drawing Changes\Revision #1 - Drawing Changes.pdf,44,,,,2,0.9800,bold,,
260313_-_VA_Biloxi_Rev_3_ff19da68_p0180_m003,high_conf_positive,Revision #3 - EHRM Drawings,target_marker_neighborhood,F:\Desktop\m\projects\kevision\CloudHammer\data\cloud_roi_images_broad_20260427\260313_-_VA_Biloxi_Rev_3_ff19da68_p0180_m003.png,F:\Desktop\m\projects\kevision\CloudHammer\data\review_queues\broad_gpt_20260427_deduped\high_conf_positive\images\260313_-_VA_Biloxi_Rev_3_ff19da68_p0180_m003.png,F:\Desktop\m\projects\kevision\CloudHammer\data\gpt_prelabel_broad_20260427\gpt_labels\260313_-_VA_Biloxi_Rev_3_ff19da68_p0180_m003.txt,F:\Desktop\m\projects\kevision\CloudHammer\data\review_queues\broad_gpt_20260427_deduped\high_conf_positive\labels\260313_-_VA_Biloxi_Rev_3_ff19da68_p0180_m003.txt,F:\Desktop\m\projects\kevision\CloudHammer\data\gpt_prelabel_broad_20260427\gpt_review\260313_-_VA_Biloxi_Rev_3_ff19da68_p0180_m003.jpg,F:\Desktop\m\projects\kevision\CloudHammer\data\review_queues\broad_gpt_20260427_deduped\high_conf_positive\gpt_overlays\260313_-_VA_Biloxi_Rev_3_ff19da68_p0180_m003.jpg,F:\Desktop\m\projects\kevision\revision_sets\Revision #3 - EHRM Drawings\260313 - VA Biloxi Rev 3.pdf,180,,,,1,0.9900,bold,,
260219_-_VA_Biloxi_Rev_4_Plumbing_1_bed93137_p0004_m014,high_conf_positive,Revision #4 - Dental Air,target_marker_neighborhood,F:\Desktop\m\projects\kevision\CloudHammer\data\cloud_roi_images_broad_20260427\260219_-_VA_Biloxi_Rev_4_Plumbing_1_bed93137_p0004_m014.png,F:\Desktop\m\projects\kevision\CloudHammer\data\review_queues\broad_gpt_20260427_deduped\high_conf_positive\images\260219_-_VA_Biloxi_Rev_4_Plumbing_1_bed93137_p0004_m014.png,F:\Desktop\m\projects\kevision\CloudHammer\data\gpt_prelabel_broad_20260427\gpt_labels\260219_-_VA_Biloxi_Rev_4_Plumbing_1_bed93137_p0004_m014.txt,F:\Desktop\m\projects\kevision\CloudHammer\data\review_queues\broad_gpt_20260427_deduped\high_conf_positive\labels\260219_-_VA_Biloxi_Rev_4_Plumbing_1_bed93137_p0004_m014.txt,F:\Desktop\m\projects\kevision\CloudHammer\data\gpt_prelabel_broad_20260427\gpt_review\260219_-_VA_Biloxi_Rev_4_Plumbing_1_bed93137_p0004_m014.jpg,F:\Desktop\m\projects\kevision\CloudHammer\data\review_queues\broad_gpt_20260427_deduped\high_conf_positive\gpt_overlays\260219_-_VA_Biloxi_Rev_4_Plumbing_1_bed93137_p0004_m014.jpg,F:\Desktop\m\projects\kevision\revision_sets\Revision #4 - Dental Air\260219 - VA Biloxi Rev 4_Plumbing 1.pdf,4,,,,1,0.9700,bold,,
260219_-_VA_Biloxi_Rev_4_Plumbing_1_bed93137_p0003_random_0267,high_conf_positive,Revision #4 - Dental Air,random_standard_drawing_crop,F:\Desktop\m\projects\kevision\CloudHammer\data\random_drawing_crops_broad_20260427\images\260219_-_VA_Biloxi_Rev_4_Plumbing_1_bed93137_p0003_random_0267.png,F:\Desktop\m\projects\kevision\CloudHammer\data\review_queues\broad_gpt_20260427_deduped\high_conf_positive\images\260219_-_VA_Biloxi_Rev_4_Plumbing_1_bed93137_p0003_random_0267.png,F:\Desktop\m\projects\kevision\CloudHammer\data\gpt_prelabel_broad_20260427\gpt_labels\260219_-_VA_Biloxi_Rev_4_Plumbing_1_bed93137_p0003_random_0267.txt,F:\Desktop\m\projects\kevision\CloudHammer\data\review_queues\broad_gpt_20260427_deduped\high_conf_positive\labels\260219_-_VA_Biloxi_Rev_4_Plumbing_1_bed93137_p0003_random_0267.txt,F:\Desktop\m\projects\kevision\CloudHammer\data\gpt_prelabel_broad_20260427\gpt_review\260219_-_VA_Biloxi_Rev_4_Plumbing_1_bed93137_p0003_random_0267.jpg,F:\Desktop\m\projects\kevision\CloudHammer\data\review_queues\broad_gpt_20260427_deduped\high_conf_positive\gpt_overlays\260219_-_VA_Biloxi_Rev_4_Plumbing_1_bed93137_p0003_random_0267.jpg,F:\Desktop\m\projects\kevision\revision_sets\Revision #4 - Dental Air\260219 - VA Biloxi Rev 4_Plumbing 1.pdf,3,4,PL307,ATTIC - MED GAS,1,0.9800,bold,,
260313_-_VA_Biloxi_Rev_3_ff19da68_p0194_random_0320,high_conf_positive,Revision #3 - EHRM Drawings,random_standard_drawing_crop,F:\Desktop\m\projects\kevision\CloudHammer\data\random_drawing_crops_broad_20260427\images\260313_-_VA_Biloxi_Rev_3_ff19da68_p0194_random_0320.png,F:\Desktop\m\projects\kevision\CloudHammer\data\review_queues\broad_gpt_20260427_deduped\high_conf_positive\images\260313_-_VA_Biloxi_Rev_3_ff19da68_p0194_random_0320.png,F:\Desktop\m\projects\kevision\CloudHammer\data\gpt_prelabel_broad_20260427\gpt_labels\260313_-_VA_Biloxi_Rev_3_ff19da68_p0194_random_0320.txt,F:\Desktop\m\projects\kevision\CloudHammer\data\review_queues\broad_gpt_20260427_deduped\high_conf_positive\labels\260313_-_VA_Biloxi_Rev_3_ff19da68_p0194_random_0320.txt,F:\Desktop\m\projects\kevision\CloudHammer\data\gpt_prelabel_broad_20260427\gpt_review\260313_-_VA_Biloxi_Rev_3_ff19da68_p0194_random_0320.jpg,F:\Desktop\m\projects\kevision\CloudHammer\data\review_queues\broad_gpt_20260427_deduped\high_conf_positive\gpt_overlays\260313_-_VA_Biloxi_Rev_3_ff19da68_p0194_random_0320.jpg,F:\Desktop\m\projects\kevision\revision_sets\Revision #3 - EHRM Drawings\260313 - VA Biloxi Rev 3.pdf,194,195,EP103,"72""",1,0.9900,bold,,
260303-VA_Biloxi_Rev_5_RFI-126_56f520d9_p0006_random_0571,high_conf_positive,Revision #5 - RFI 126 - Concrete Repairs,random_standard_drawing_crop,F:\Desktop\m\projects\kevision\CloudHammer\data\random_drawing_crops_broad_20260427\images\260303-VA_Biloxi_Rev_5_RFI-126_56f520d9_p0006_random_0571.png,F:\Desktop\m\projects\kevision\CloudHammer\data\review_queues\broad_gpt_20260427_deduped\high_conf_positive\images\260303-VA_Biloxi_Rev_5_RFI-126_56f520d9_p0006_random_0571.png,F:\Desktop\m\projects\kevision\CloudHammer\data\gpt_prelabel_broad_20260427\gpt_labels\260303-VA_Biloxi_Rev_5_RFI-126_56f520d9_p0006_random_0571.txt,F:\Desktop\m\projects\kevision\CloudHammer\data\review_queues\broad_gpt_20260427_deduped\high_conf_positive\labels\260303-VA_Biloxi_Rev_5_RFI-126_56f520d9_p0006_random_0571.txt,F:\Desktop\m\projects\kevision\CloudHammer\data\gpt_prelabel_broad_20260427\gpt_review\260303-VA_Biloxi_Rev_5_RFI-126_56f520d9_p0006_random_0571.jpg,F:\Desktop\m\projects\kevision\CloudHammer\data\review_queues\broad_gpt_20260427_deduped\high_conf_positive\gpt_overlays\260303-VA_Biloxi_Rev_5_RFI-126_56f520d9_p0006_random_0571.jpg,F:\Desktop\m\projects\kevision\revision_sets\Revision #5 - RFI 126 - Concrete Repairs\260303-VA Biloxi Rev 5 RFI-126.pdf,6,7,S142,NOTE:,1,0.9600,bold,,
260309_-_Drawing_Rev2-_Steel_Grab_Bars_75d983f3_p0010_m003,high_conf_positive,Revision #2 - Mod 5 grab bar supports,target_marker_neighborhood,F:\Desktop\m\projects\kevision\CloudHammer\data\cloud_roi_images_broad_20260427\260309_-_Drawing_Rev2-_Steel_Grab_Bars_75d983f3_p0010_m003.png,F:\Desktop\m\projects\kevision\CloudHammer\data\review_queues\broad_gpt_20260427_deduped\high_conf_positive\images\260309_-_Drawing_Rev2-_Steel_Grab_Bars_75d983f3_p0010_m003.png,F:\Desktop\m\projects\kevision\CloudHammer\data\gpt_prelabel_broad_20260427\gpt_labels\260309_-_Drawing_Rev2-_Steel_Grab_Bars_75d983f3_p0010_m003.txt,F:\Desktop\m\projects\kevision\CloudHammer\data\review_queues\broad_gpt_20260427_deduped\high_conf_positive\labels\260309_-_Drawing_Rev2-_Steel_Grab_Bars_75d983f3_p0010_m003.txt,F:\Desktop\m\projects\kevision\CloudHammer\data\gpt_prelabel_broad_20260427\gpt_review\260309_-_Drawing_Rev2-_Steel_Grab_Bars_75d983f3_p0010_m003.jpg,F:\Desktop\m\projects\kevision\CloudHammer\data\review_queues\broad_gpt_20260427_deduped\high_conf_positive\gpt_overlays\260309_-_Drawing_Rev2-_Steel_Grab_Bars_75d983f3_p0010_m003.jpg,F:\Desktop\m\projects\kevision\revision_sets\Revision #2 - Mod 5 grab bar supports\260309 - Drawing Rev2- Steel Grab Bars.pdf,10,,,,1,0.9700,bold,,
Revision_1_-_Drawing_Changes_6cbee960_p0040_m002,high_conf_positive,Revision #1 - Drawing Changes,target_marker_neighborhood,F:\Desktop\m\projects\kevision\CloudHammer\data\cloud_roi_images_broad_20260427\Revision_1_-_Drawing_Changes_6cbee960_p0040_m002.png,F:\Desktop\m\projects\kevision\CloudHammer\data\review_queues\broad_gpt_20260427_deduped\high_conf_positive\images\Revision_1_-_Drawing_Changes_6cbee960_p0040_m002.png,F:\Desktop\m\projects\kevision\CloudHammer\data\gpt_prelabel_broad_20260427\gpt_labels\Revision_1_-_Drawing_Changes_6cbee960_p0040_m002.txt,F:\Desktop\m\projects\kevision\CloudHammer\data\review_queues\broad_gpt_20260427_deduped\high_conf_positive\labels\Revision_1_-_Drawing_Changes_6cbee960_p0040_m002.txt,F:\Desktop\m\projects\kevision\CloudHammer\data\gpt_prelabel_broad_20260427\gpt_review\Revision_1_-_Drawing_Changes_6cbee960_p0040_m002.jpg,F:\Desktop\m\projects\kevision\CloudHammer\data\review_queues\broad_gpt_20260427_deduped\high_conf_positive\gpt_overlays\Revision_1_-_Drawing_Changes_6cbee960_p0040_m002.jpg,F:\Desktop\m\projects\kevision\revision_sets\Revision #1 - Drawing Changes\Revision #1 - Drawing Changes.pdf,40,,,,2,0.9700,bold,,
260313_-_VA_Biloxi_Rev_3_ff19da68_p0174_m003,high_conf_positive,Revision #3 - EHRM Drawings,target_marker_neighborhood,F:\Desktop\m\projects\kevision\CloudHammer\data\cloud_roi_images_broad_20260427\260313_-_VA_Biloxi_Rev_3_ff19da68_p0174_m003.png,F:\Desktop\m\projects\kevision\CloudHammer\data\review_queues\broad_gpt_20260427_deduped\high_conf_positive\images\260313_-_VA_Biloxi_Rev_3_ff19da68_p0174_m003.png,F:\Desktop\m\projects\kevision\CloudHammer\data\gpt_prelabel_broad_20260427\gpt_labels\260313_-_VA_Biloxi_Rev_3_ff19da68_p0174_m003.txt,F:\Desktop\m\projects\kevision\CloudHammer\data\review_queues\broad_gpt_20260427_deduped\high_conf_positive\labels\260313_-_VA_Biloxi_Rev_3_ff19da68_p0174_m003.txt,F:\Desktop\m\projects\kevision\CloudHammer\data\gpt_prelabel_broad_20260427\gpt_review\260313_-_VA_Biloxi_Rev_3_ff19da68_p0174_m003.jpg,F:\Desktop\m\projects\kevision\CloudHammer\data\review_queues\broad_gpt_20260427_deduped\high_conf_positive\gpt_overlays\260313_-_VA_Biloxi_Rev_3_ff19da68_p0174_m003.jpg,F:\Desktop\m\projects\kevision\revision_sets\Revision #3 - EHRM Drawings\260313 - VA Biloxi Rev 3.pdf,174,,,,1,0.9800,bold,,
260219_-_VA_Biloxi_Rev_4_Plumbing_1_bed93137_p0004_m045,high_conf_positive,Revision #4 - Dental Air,target_marker_neighborhood,F:\Desktop\m\projects\kevision\CloudHammer\data\cloud_roi_images_broad_20260427\260219_-_VA_Biloxi_Rev_4_Plumbing_1_bed93137_p0004_m045.png,F:\Desktop\m\projects\kevision\CloudHammer\data\review_queues\broad_gpt_20260427_deduped\high_conf_positive\images\260219_-_VA_Biloxi_Rev_4_Plumbing_1_bed93137_p0004_m045.png,F:\Desktop\m\projects\kevision\CloudHammer\data\gpt_prelabel_broad_20260427\gpt_labels\260219_-_VA_Biloxi_Rev_4_Plumbing_1_bed93137_p0004_m045.txt,F:\Desktop\m\projects\kevision\CloudHammer\data\review_queues\broad_gpt_20260427_deduped\high_conf_positive\labels\260219_-_VA_Biloxi_Rev_4_Plumbing_1_bed93137_p0004_m045.txt,F:\Desktop\m\projects\kevision\CloudHammer\data\gpt_prelabel_broad_20260427\gpt_review\260219_-_VA_Biloxi_Rev_4_Plumbing_1_bed93137_p0004_m045.jpg,F:\Desktop\m\projects\kevision\CloudHammer\data\review_queues\broad_gpt_20260427_deduped\high_conf_positive\gpt_overlays\260219_-_VA_Biloxi_Rev_4_Plumbing_1_bed93137_p0004_m045.jpg,F:\Desktop\m\projects\kevision\revision_sets\Revision #4 - Dental Air\260219 - VA Biloxi Rev 4_Plumbing 1.pdf,4,,,,1,0.9700,bold,,
260219_-_VA_Biloxi_Rev_4_Plumbing_1_bed93137_p0000_random_0393,high_conf_positive,Revision #4 - Dental Air,random_standard_drawing_crop,F:\Desktop\m\projects\kevision\CloudHammer\data\random_drawing_crops_broad_20260427\images\260219_-_VA_Biloxi_Rev_4_Plumbing_1_bed93137_p0000_random_0393.png,F:\Desktop\m\projects\kevision\CloudHammer\data\review_queues\broad_gpt_20260427_deduped\high_conf_positive\images\260219_-_VA_Biloxi_Rev_4_Plumbing_1_bed93137_p0000_random_0393.png,F:\Desktop\m\projects\kevision\CloudHammer\data\gpt_prelabel_broad_20260427\gpt_labels\260219_-_VA_Biloxi_Rev_4_Plumbing_1_bed93137_p0000_random_0393.txt,F:\Desktop\m\projects\kevision\CloudHammer\data\review_queues\broad_gpt_20260427_deduped\high_conf_positive\labels\260219_-_VA_Biloxi_Rev_4_Plumbing_1_bed93137_p0000_random_0393.txt,F:\Desktop\m\projects\kevision\CloudHammer\data\gpt_prelabel_broad_20260427\gpt_review\260219_-_VA_Biloxi_Rev_4_Plumbing_1_bed93137_p0000_random_0393.jpg,F:\Desktop\m\projects\kevision\CloudHammer\data\review_queues\broad_gpt_20260427_deduped\high_conf_positive\gpt_overlays\260219_-_VA_Biloxi_Rev_4_Plumbing_1_bed93137_p0000_random_0393.jpg,F:\Desktop\m\projects\kevision\revision_sets\Revision #4 - Dental Air\260219 - VA Biloxi Rev 4_Plumbing 1.pdf,0,1,PL302,EXISTING 1ST FLOOR - MED GAS,1,0.9700,bold,,
260313_-_VA_Biloxi_Rev_3_ff19da68_p0172_random_0020,high_conf_positive,Revision #3 - EHRM Drawings,random_standard_drawing_crop,F:\Desktop\m\projects\kevision\CloudHammer\data\random_drawing_crops_broad_20260427\images\260313_-_VA_Biloxi_Rev_3_ff19da68_p0172_random_0020.png,F:\Desktop\m\projects\kevision\CloudHammer\data\review_queues\broad_gpt_20260427_deduped\high_conf_positive\images\260313_-_VA_Biloxi_Rev_3_ff19da68_p0172_random_0020.png,F:\Desktop\m\projects\kevision\CloudHammer\data\gpt_prelabel_broad_20260427\gpt_labels\260313_-_VA_Biloxi_Rev_3_ff19da68_p0172_random_0020.txt,F:\Desktop\m\projects\kevision\CloudHammer\data\review_queues\broad_gpt_20260427_deduped\high_conf_positive\labels\260313_-_VA_Biloxi_Rev_3_ff19da68_p0172_random_0020.txt,F:\Desktop\m\projects\kevision\CloudHammer\data\gpt_prelabel_broad_20260427\gpt_review\260313_-_VA_Biloxi_Rev_3_ff19da68_p0172_random_0020.jpg,F:\Desktop\m\projects\kevision\CloudHammer\data\review_queues\broad_gpt_20260427_deduped\high_conf_positive\gpt_overlays\260313_-_VA_Biloxi_Rev_3_ff19da68_p0172_random_0020.jpg,F:\Desktop\m\projects\kevision\revision_sets\Revision #3 - EHRM Drawings\260313 - VA Biloxi Rev 3.pdf,172,173,P-418,"1/2"" CW,",1,0.9800,bold,,
260309_-_Drawing_Rev2-_Steel_Grab_Bars_75d983f3_p0015_m004,high_conf_positive,Revision #2 - Mod 5 grab bar supports,target_marker_neighborhood,F:\Desktop\m\projects\kevision\CloudHammer\data\cloud_roi_images_broad_20260427\260309_-_Drawing_Rev2-_Steel_Grab_Bars_75d983f3_p0015_m004.png,F:\Desktop\m\projects\kevision\CloudHammer\data\review_queues\broad_gpt_20260427_deduped\high_conf_positive\images\260309_-_Drawing_Rev2-_Steel_Grab_Bars_75d983f3_p0015_m004.png,F:\Desktop\m\projects\kevision\CloudHammer\data\gpt_prelabel_broad_20260427\gpt_labels\260309_-_Drawing_Rev2-_Steel_Grab_Bars_75d983f3_p0015_m004.txt,F:\Desktop\m\projects\kevision\CloudHammer\data\review_queues\broad_gpt_20260427_deduped\high_conf_positive\labels\260309_-_Drawing_Rev2-_Steel_Grab_Bars_75d983f3_p0015_m004.txt,F:\Desktop\m\projects\kevision\CloudHammer\data\gpt_prelabel_broad_20260427\gpt_review\260309_-_Drawing_Rev2-_Steel_Grab_Bars_75d983f3_p0015_m004.jpg,F:\Desktop\m\projects\kevision\CloudHammer\data\review_queues\broad_gpt_20260427_deduped\high_conf_positive\gpt_overlays\260309_-_Drawing_Rev2-_Steel_Grab_Bars_75d983f3_p0015_m004.jpg,F:\Desktop\m\projects\kevision\revision_sets\Revision #2 - Mod 5 grab bar supports\260309 - Drawing Rev2- Steel Grab Bars.pdf,15,,,,1,0.9600,bold,,
Revision_1_-_Drawing_Changes_6cbee960_p0028_m007,high_conf_positive,Revision #1 - Drawing Changes,target_marker_neighborhood,F:\Desktop\m\projects\kevision\CloudHammer\data\cloud_roi_images_broad_20260427\Revision_1_-_Drawing_Changes_6cbee960_p0028_m007.png,F:\Desktop\m\projects\kevision\CloudHammer\data\review_queues\broad_gpt_20260427_deduped\high_conf_positive\images\Revision_1_-_Drawing_Changes_6cbee960_p0028_m007.png,F:\Desktop\m\projects\kevision\CloudHammer\data\gpt_prelabel_broad_20260427\gpt_labels\Revision_1_-_Drawing_Changes_6cbee960_p0028_m007.txt,F:\Desktop\m\projects\kevision\CloudHammer\data\review_queues\broad_gpt_20260427_deduped\high_conf_positive\labels\Revision_1_-_Drawing_Changes_6cbee960_p0028_m007.txt,F:\Desktop\m\projects\kevision\CloudHammer\data\gpt_prelabel_broad_20260427\gpt_review\Revision_1_-_Drawing_Changes_6cbee960_p0028_m007.jpg,F:\Desktop\m\projects\kevision\CloudHammer\data\review_queues\broad_gpt_20260427_deduped\high_conf_positive\gpt_overlays\Revision_1_-_Drawing_Changes_6cbee960_p0028_m007.jpg,F:\Desktop\m\projects\kevision\revision_sets\Revision #1 - Drawing Changes\Revision #1 - Drawing Changes.pdf,28,,,,2,0.9600,bold,,
260313_-_VA_Biloxi_Rev_3_ff19da68_p0179_m004,high_conf_positive,Revision #3 - EHRM Drawings,target_marker_neighborhood,F:\Desktop\m\projects\kevision\CloudHammer\data\cloud_roi_images_broad_20260427\260313_-_VA_Biloxi_Rev_3_ff19da68_p0179_m004.png,F:\Desktop\m\projects\kevision\CloudHammer\data\review_queues\broad_gpt_20260427_deduped\high_conf_positive\images\260313_-_VA_Biloxi_Rev_3_ff19da68_p0179_m004.png,F:\Desktop\m\projects\kevision\CloudHammer\data\gpt_prelabel_broad_20260427\gpt_labels\260313_-_VA_Biloxi_Rev_3_ff19da68_p0179_m004.txt,F:\Desktop\m\projects\kevision\CloudHammer\data\review_queues\broad_gpt_20260427_deduped\high_conf_positive\labels\260313_-_VA_Biloxi_Rev_3_ff19da68_p0179_m004.txt,F:\Desktop\m\projects\kevision\CloudHammer\data\gpt_prelabel_broad_20260427\gpt_review\260313_-_VA_Biloxi_Rev_3_ff19da68_p0179_m004.jpg,F:\Desktop\m\projects\kevision\CloudHammer\data\review_queues\broad_gpt_20260427_deduped\high_conf_positive\gpt_overlays\260313_-_VA_Biloxi_Rev_3_ff19da68_p0179_m004.jpg,F:\Desktop\m\projects\kevision\revision_sets\Revision #3 - EHRM Drawings\260313 - VA Biloxi Rev 3.pdf,179,,,,1,0.9800,bold,,
260219_-_VA_Biloxi_Rev_4_Plumbing_1_bed93137_p0004_m012,high_conf_positive,Revision #4 - Dental Air,target_marker_neighborhood,F:\Desktop\m\projects\kevision\CloudHammer\data\cloud_roi_images_broad_20260427\260219_-_VA_Biloxi_Rev_4_Plumbing_1_bed93137_p0004_m012.png,F:\Desktop\m\projects\kevision\CloudHammer\data\review_queues\broad_gpt_20260427_deduped\high_conf_positive\images\260219_-_VA_Biloxi_Rev_4_Plumbing_1_bed93137_p0004_m012.png,F:\Desktop\m\projects\kevision\CloudHammer\data\gpt_prelabel_broad_20260427\gpt_labels\260219_-_VA_Biloxi_Rev_4_Plumbing_1_bed93137_p0004_m012.txt,F:\Desktop\m\projects\kevision\CloudHammer\data\review_queues\broad_gpt_20260427_deduped\high_conf_positive\labels\260219_-_VA_Biloxi_Rev_4_Plumbing_1_bed93137_p0004_m012.txt,F:\Desktop\m\projects\kevision\CloudHammer\data\gpt_prelabel_broad_20260427\gpt_review\260219_-_VA_Biloxi_Rev_4_Plumbing_1_bed93137_p0004_m012.jpg,F:\Desktop\m\projects\kevision\CloudHammer\data\review_queues\broad_gpt_20260427_deduped\high_conf_positive\gpt_overlays\260219_-_VA_Biloxi_Rev_4_Plumbing_1_bed93137_p0004_m012.jpg,F:\Desktop\m\projects\kevision\revision_sets\Revision #4 - Dental Air\260219 - VA Biloxi Rev 4_Plumbing 1.pdf,4,,,,1,0.9600,bold,,
260219_-_VA_Biloxi_Rev_4_Plumbing_1_bed93137_p0002_random_0375,high_conf_positive,Revision #4 - Dental Air,random_standard_drawing_crop,F:\Desktop\m\projects\kevision\CloudHammer\data\random_drawing_crops_broad_20260427\images\260219_-_VA_Biloxi_Rev_4_Plumbing_1_bed93137_p0002_random_0375.png,F:\Desktop\m\projects\kevision\CloudHammer\data\review_queues\broad_gpt_20260427_deduped\high_conf_positive\images\260219_-_VA_Biloxi_Rev_4_Plumbing_1_bed93137_p0002_random_0375.png,F:\Desktop\m\projects\kevision\CloudHammer\data\gpt_prelabel_broad_20260427\gpt_labels\260219_-_VA_Biloxi_Rev_4_Plumbing_1_bed93137_p0002_random_0375.txt,F:\Desktop\m\projects\kevision\CloudHammer\data\review_queues\broad_gpt_20260427_deduped\high_conf_positive\labels\260219_-_VA_Biloxi_Rev_4_Plumbing_1_bed93137_p0002_random_0375.txt,F:\Desktop\m\projects\kevision\CloudHammer\data\gpt_prelabel_broad_20260427\gpt_review\260219_-_VA_Biloxi_Rev_4_Plumbing_1_bed93137_p0002_random_0375.jpg,F:\Desktop\m\projects\kevision\CloudHammer\data\review_queues\broad_gpt_20260427_deduped\high_conf_positive\gpt_overlays\260219_-_VA_Biloxi_Rev_4_Plumbing_1_bed93137_p0002_random_0375.jpg,F:\Desktop\m\projects\kevision\revision_sets\Revision #4 - Dental Air\260219 - VA Biloxi Rev 4_Plumbing 1.pdf,2,3,PL306,5TH FLOOR - MED GAS,1,0.9100,bold,,
260313_-_VA_Biloxi_Rev_3_ff19da68_p0182_random_0140,high_conf_positive,Revision #3 - EHRM Drawings,random_standard_drawing_crop,F:\Desktop\m\projects\kevision\CloudHammer\data\random_drawing_crops_broad_20260427\images\260313_-_VA_Biloxi_Rev_3_ff19da68_p0182_random_0140.png,F:\Desktop\m\projects\kevision\CloudHammer\data\review_queues\broad_gpt_20260427_deduped\high_conf_positive\images\260313_-_VA_Biloxi_Rev_3_ff19da68_p0182_random_0140.png,F:\Desktop\m\projects\kevision\CloudHammer\data\gpt_prelabel_broad_20260427\gpt_labels\260313_-_VA_Biloxi_Rev_3_ff19da68_p0182_random_0140.txt,F:\Desktop\m\projects\kevision\CloudHammer\data\review_queues\broad_gpt_20260427_deduped\high_conf_positive\labels\260313_-_VA_Biloxi_Rev_3_ff19da68_p0182_random_0140.txt,F:\Desktop\m\projects\kevision\CloudHammer\data\gpt_prelabel_broad_20260427\gpt_review\260313_-_VA_Biloxi_Rev_3_ff19da68_p0182_random_0140.jpg,F:\Desktop\m\projects\kevision\CloudHammer\data\review_queues\broad_gpt_20260427_deduped\high_conf_positive\gpt_overlays\260313_-_VA_Biloxi_Rev_3_ff19da68_p0182_random_0140.jpg,F:\Desktop\m\projects\kevision\revision_sets\Revision #3 - EHRM Drawings\260313 - VA Biloxi Rev 3.pdf,182,183,MH403,CONTROLS - HVAC,1,0.9800,bold,,
260309_-_Drawing_Rev2-_Steel_Grab_Bars_75d983f3_p0004_m004,high_conf_positive,Revision #2 - Mod 5 grab bar supports,target_marker_neighborhood,F:\Desktop\m\projects\kevision\CloudHammer\data\cloud_roi_images_broad_20260427\260309_-_Drawing_Rev2-_Steel_Grab_Bars_75d983f3_p0004_m004.png,F:\Desktop\m\projects\kevision\CloudHammer\data\review_queues\broad_gpt_20260427_deduped\high_conf_positive\images\260309_-_Drawing_Rev2-_Steel_Grab_Bars_75d983f3_p0004_m004.png,F:\Desktop\m\projects\kevision\CloudHammer\data\gpt_prelabel_broad_20260427\gpt_labels\260309_-_Drawing_Rev2-_Steel_Grab_Bars_75d983f3_p0004_m004.txt,F:\Desktop\m\projects\kevision\CloudHammer\data\review_queues\broad_gpt_20260427_deduped\high_conf_positive\labels\260309_-_Drawing_Rev2-_Steel_Grab_Bars_75d983f3_p0004_m004.txt,F:\Desktop\m\projects\kevision\CloudHammer\data\gpt_prelabel_broad_20260427\gpt_review\260309_-_Drawing_Rev2-_Steel_Grab_Bars_75d983f3_p0004_m004.jpg,F:\Desktop\m\projects\kevision\CloudHammer\data\review_queues\broad_gpt_20260427_deduped\high_conf_positive\gpt_overlays\260309_-_Drawing_Rev2-_Steel_Grab_Bars_75d983f3_p0004_m004.jpg,F:\Desktop\m\projects\kevision\revision_sets\Revision #2 - Mod 5 grab bar supports\260309 - Drawing Rev2- Steel Grab Bars.pdf,4,,,,1,0.9500,bold,,
Revision_1_-_Drawing_Changes_6cbee960_p0029_m082,high_conf_positive,Revision #1 - Drawing Changes,target_marker_neighborhood,F:\Desktop\m\projects\kevision\CloudHammer\data\cloud_roi_images_broad_20260427\Revision_1_-_Drawing_Changes_6cbee960_p0029_m082.png,F:\Desktop\m\projects\kevision\CloudHammer\data\review_queues\broad_gpt_20260427_deduped\high_conf_positive\images\Revision_1_-_Drawing_Changes_6cbee960_p0029_m082.png,F:\Desktop\m\projects\kevision\CloudHammer\data\gpt_prelabel_broad_20260427\gpt_labels\Revision_1_-_Drawing_Changes_6cbee960_p0029_m082.txt,F:\Desktop\m\projects\kevision\CloudHammer\data\review_queues\broad_gpt_20260427_deduped\high_conf_positive\labels\Revision_1_-_Drawing_Changes_6cbee960_p0029_m082.txt,F:\Desktop\m\projects\kevision\CloudHammer\data\gpt_prelabel_broad_20260427\gpt_review\Revision_1_-_Drawing_Changes_6cbee960_p0029_m082.jpg,F:\Desktop\m\projects\kevision\CloudHammer\data\review_queues\broad_gpt_20260427_deduped\high_conf_positive\gpt_overlays\Revision_1_-_Drawing_Changes_6cbee960_p0029_m082.jpg,F:\Desktop\m\projects\kevision\revision_sets\Revision #1 - Drawing Changes\Revision #1 - Drawing Changes.pdf,29,,,,2,0.9600,bold,,
260313_-_VA_Biloxi_Rev_3_ff19da68_p0180_m002,high_conf_positive,Revision #3 - EHRM Drawings,target_marker_neighborhood,F:\Desktop\m\projects\kevision\CloudHammer\data\cloud_roi_images_broad_20260427\260313_-_VA_Biloxi_Rev_3_ff19da68_p0180_m002.png,F:\Desktop\m\projects\kevision\CloudHammer\data\review_queues\broad_gpt_20260427_deduped\high_conf_positive\images\260313_-_VA_Biloxi_Rev_3_ff19da68_p0180_m002.png,F:\Desktop\m\projects\kevision\CloudHammer\data\gpt_prelabel_broad_20260427\gpt_labels\260313_-_VA_Biloxi_Rev_3_ff19da68_p0180_m002.txt,F:\Desktop\m\projects\kevision\CloudHammer\data\review_queues\broad_gpt_20260427_deduped\high_conf_positive\labels\260313_-_VA_Biloxi_Rev_3_ff19da68_p0180_m002.txt,F:\Desktop\m\projects\kevision\CloudHammer\data\gpt_prelabel_broad_20260427\gpt_review\260313_-_VA_Biloxi_Rev_3_ff19da68_p0180_m002.jpg,F:\Desktop\m\projects\kevision\CloudHammer\data\review_queues\broad_gpt_20260427_deduped\high_conf_positive\gpt_overlays\260313_-_VA_Biloxi_Rev_3_ff19da68_p0180_m002.jpg,F:\Desktop\m\projects\kevision\revision_sets\Revision #3 - EHRM Drawings\260313 - VA Biloxi Rev 3.pdf,180,,,,1,0.9800,bold,,
260219_-_VA_Biloxi_Rev_4_Plumbing_1_bed93137_p0004_m094,high_conf_positive,Revision #4 - Dental Air,target_marker_neighborhood,F:\Desktop\m\projects\kevision\CloudHammer\data\cloud_roi_images_broad_20260427\260219_-_VA_Biloxi_Rev_4_Plumbing_1_bed93137_p0004_m094.png,F:\Desktop\m\projects\kevision\CloudHammer\data\review_queues\broad_gpt_20260427_deduped\high_conf_positive\images\260219_-_VA_Biloxi_Rev_4_Plumbing_1_bed93137_p0004_m094.png,F:\Desktop\m\projects\kevision\CloudHammer\data\gpt_prelabel_broad_20260427\gpt_labels\260219_-_VA_Biloxi_Rev_4_Plumbing_1_bed93137_p0004_m094.txt,F:\Desktop\m\projects\kevision\CloudHammer\data\review_queues\broad_gpt_20260427_deduped\high_conf_positive\labels\260219_-_VA_Biloxi_Rev_4_Plumbing_1_bed93137_p0004_m094.txt,F:\Desktop\m\projects\kevision\CloudHammer\data\gpt_prelabel_broad_20260427\gpt_review\260219_-_VA_Biloxi_Rev_4_Plumbing_1_bed93137_p0004_m094.jpg,F:\Desktop\m\projects\kevision\CloudHammer\data\review_queues\broad_gpt_20260427_deduped\high_conf_positive\gpt_overlays\260219_-_VA_Biloxi_Rev_4_Plumbing_1_bed93137_p0004_m094.jpg,F:\Desktop\m\projects\kevision\revision_sets\Revision #4 - Dental Air\260219 - VA Biloxi Rev 4_Plumbing 1.pdf,4,,,,1,0.9600,bold,,
260313_-_VA_Biloxi_Rev_3_ff19da68_p0186_random_0506,high_conf_positive,Revision #3 - EHRM Drawings,random_standard_drawing_crop,F:\Desktop\m\projects\kevision\CloudHammer\data\random_drawing_crops_broad_20260427\images\260313_-_VA_Biloxi_Rev_3_ff19da68_p0186_random_0506.png,F:\Desktop\m\projects\kevision\CloudHammer\data\review_queues\broad_gpt_20260427_deduped\high_conf_positive\images\260313_-_VA_Biloxi_Rev_3_ff19da68_p0186_random_0506.png,F:\Desktop\m\projects\kevision\CloudHammer\data\gpt_prelabel_broad_20260427\gpt_labels\260313_-_VA_Biloxi_Rev_3_ff19da68_p0186_random_0506.txt,F:\Desktop\m\projects\kevision\CloudHammer\data\review_queues\broad_gpt_20260427_deduped\high_conf_positive\labels\260313_-_VA_Biloxi_Rev_3_ff19da68_p0186_random_0506.txt,F:\Desktop\m\projects\kevision\CloudHammer\data\gpt_prelabel_broad_20260427\gpt_review\260313_-_VA_Biloxi_Rev_3_ff19da68_p0186_random_0506.jpg,F:\Desktop\m\projects\kevision\CloudHammer\data\review_queues\broad_gpt_20260427_deduped\high_conf_positive\gpt_overlays\260313_-_VA_Biloxi_Rev_3_ff19da68_p0186_random_0506.jpg,F:\Desktop\m\projects\kevision\revision_sets\Revision #3 - EHRM Drawings\260313 - VA Biloxi Rev 3.pdf,186,187,MH301,VAV,1,0.9800,bold,,
260309_-_Drawing_Rev2-_Steel_Grab_Bars_75d983f3_p0011_m002,high_conf_positive,Revision #2 - Mod 5 grab bar supports,target_marker_neighborhood,F:\Desktop\m\projects\kevision\CloudHammer\data\cloud_roi_images_broad_20260427\260309_-_Drawing_Rev2-_Steel_Grab_Bars_75d983f3_p0011_m002.png,F:\Desktop\m\projects\kevision\CloudHammer\data\review_queues\broad_gpt_20260427_deduped\high_conf_positive\images\260309_-_Drawing_Rev2-_Steel_Grab_Bars_75d983f3_p0011_m002.png,F:\Desktop\m\projects\kevision\CloudHammer\data\gpt_prelabel_broad_20260427\gpt_labels\260309_-_Drawing_Rev2-_Steel_Grab_Bars_75d983f3_p0011_m002.txt,F:\Desktop\m\projects\kevision\CloudHammer\data\review_queues\broad_gpt_20260427_deduped\high_conf_positive\labels\260309_-_Drawing_Rev2-_Steel_Grab_Bars_75d983f3_p0011_m002.txt,F:\Desktop\m\projects\kevision\CloudHammer\data\gpt_prelabel_broad_20260427\gpt_review\260309_-_Drawing_Rev2-_Steel_Grab_Bars_75d983f3_p0011_m002.jpg,F:\Desktop\m\projects\kevision\CloudHammer\data\review_queues\broad_gpt_20260427_deduped\high_conf_positive\gpt_overlays\260309_-_Drawing_Rev2-_Steel_Grab_Bars_75d983f3_p0011_m002.jpg,F:\Desktop\m\projects\kevision\revision_sets\Revision #2 - Mod 5 grab bar supports\260309 - Drawing Rev2- Steel Grab Bars.pdf,11,,,,1,0.9500,bold,,
Revision_1_-_Drawing_Changes_6cbee960_p0043_m001,high_conf_positive,Revision #1 - Drawing Changes,target_marker_neighborhood,F:\Desktop\m\projects\kevision\CloudHammer\data\cloud_roi_images_broad_20260427\Revision_1_-_Drawing_Changes_6cbee960_p0043_m001.png,F:\Desktop\m\projects\kevision\CloudHammer\data\review_queues\broad_gpt_20260427_deduped\high_conf_positive\images\Revision_1_-_Drawing_Changes_6cbee960_p0043_m001.png,F:\Desktop\m\projects\kevision\CloudHammer\data\gpt_prelabel_broad_20260427\gpt_labels\Revision_1_-_Drawing_Changes_6cbee960_p0043_m001.txt,F:\Desktop\m\projects\kevision\CloudHammer\data\review_queues\broad_gpt_20260427_deduped\high_conf_positive\labels\Revision_1_-_Drawing_Changes_6cbee960_p0043_m001.txt,F:\Desktop\m\projects\kevision\CloudHammer\data\gpt_prelabel_broad_20260427\gpt_review\Revision_1_-_Drawing_Changes_6cbee960_p0043_m001.jpg,F:\Desktop\m\projects\kevision\CloudHammer\data\review_queues\broad_gpt_20260427_deduped\high_conf_positive\gpt_overlays\Revision_1_-_Drawing_Changes_6cbee960_p0043_m001.jpg,F:\Desktop\m\projects\kevision\revision_sets\Revision #1 - Drawing Changes\Revision #1 - Drawing Changes.pdf,43,,,,2,0.9600,bold,,
260313_-_VA_Biloxi_Rev_3_ff19da68_p0181_m002,high_conf_positive,Revision #3 - EHRM Drawings,target_marker_neighborhood,F:\Desktop\m\projects\kevision\CloudHammer\data\cloud_roi_images_broad_20260427\260313_-_VA_Biloxi_Rev_3_ff19da68_p0181_m002.png,F:\Desktop\m\projects\kevision\CloudHammer\data\review_queues\broad_gpt_20260427_deduped\high_conf_positive\images\260313_-_VA_Biloxi_Rev_3_ff19da68_p0181_m002.png,F:\Desktop\m\projects\kevision\CloudHammer\data\gpt_prelabel_broad_20260427\gpt_labels\260313_-_VA_Biloxi_Rev_3_ff19da68_p0181_m002.txt,F:\Desktop\m\projects\kevision\CloudHammer\data\review_queues\broad_gpt_20260427_deduped\high_conf_positive\labels\260313_-_VA_Biloxi_Rev_3_ff19da68_p0181_m002.txt,F:\Desktop\m\projects\kevision\CloudHammer\data\gpt_prelabel_broad_20260427\gpt_review\260313_-_VA_Biloxi_Rev_3_ff19da68_p0181_m002.jpg,F:\Desktop\m\projects\kevision\CloudHammer\data\review_queues\broad_gpt_20260427_deduped\high_conf_positive\gpt_overlays\260313_-_VA_Biloxi_Rev_3_ff19da68_p0181_m002.jpg,F:\Desktop\m\projects\kevision\revision_sets\Revision #3 - EHRM Drawings\260313 - VA Biloxi Rev 3.pdf,181,,,,1,0.9800,bold,,
260313_-_VA_Biloxi_Rev_3_ff19da68_p0193_random_0476,high_conf_positive,Revision #3 - EHRM Drawings,random_standard_drawing_crop,F:\Desktop\m\projects\kevision\CloudHammer\data\random_drawing_crops_broad_20260427\images\260313_-_VA_Biloxi_Rev_3_ff19da68_p0193_random_0476.png,F:\Desktop\m\projects\kevision\CloudHammer\data\review_queues\broad_gpt_20260427_deduped\high_conf_positive\images\260313_-_VA_Biloxi_Rev_3_ff19da68_p0193_random_0476.png,F:\Desktop\m\projects\kevision\CloudHammer\data\gpt_prelabel_broad_20260427\gpt_labels\260313_-_VA_Biloxi_Rev_3_ff19da68_p0193_random_0476.txt,F:\Desktop\m\projects\kevision\CloudHammer\data\review_queues\broad_gpt_20260427_deduped\high_conf_positive\labels\260313_-_VA_Biloxi_Rev_3_ff19da68_p0193_random_0476.txt,F:\Desktop\m\projects\kevision\CloudHammer\data\gpt_prelabel_broad_20260427\gpt_review\260313_-_VA_Biloxi_Rev_3_ff19da68_p0193_random_0476.jpg,F:\Desktop\m\projects\kevision\CloudHammer\data\review_queues\broad_gpt_20260427_deduped\high_conf_positive\gpt_overlays\260313_-_VA_Biloxi_Rev_3_ff19da68_p0193_random_0476.jpg,F:\Desktop\m\projects\kevision\revision_sets\Revision #3 - EHRM Drawings\260313 - VA Biloxi Rev 3.pdf,193,194,EP102,"4 - 3""C. UP",1,0.9800,bold,,
260309_-_Drawing_Rev2-_Steel_Grab_Bars_75d983f3_p0011_m007,high_conf_positive,Revision #2 - Mod 5 grab bar supports,target_marker_neighborhood,F:\Desktop\m\projects\kevision\CloudHammer\data\cloud_roi_images_broad_20260427\260309_-_Drawing_Rev2-_Steel_Grab_Bars_75d983f3_p0011_m007.png,F:\Desktop\m\projects\kevision\CloudHammer\data\review_queues\broad_gpt_20260427_deduped\high_conf_positive\images\260309_-_Drawing_Rev2-_Steel_Grab_Bars_75d983f3_p0011_m007.png,F:\Desktop\m\projects\kevision\CloudHammer\data\gpt_prelabel_broad_20260427\gpt_labels\260309_-_Drawing_Rev2-_Steel_Grab_Bars_75d983f3_p0011_m007.txt,F:\Desktop\m\projects\kevision\CloudHammer\data\review_queues\broad_gpt_20260427_deduped\high_conf_positive\labels\260309_-_Drawing_Rev2-_Steel_Grab_Bars_75d983f3_p0011_m007.txt,F:\Desktop\m\projects\kevision\CloudHammer\data\gpt_prelabel_broad_20260427\gpt_review\260309_-_Drawing_Rev2-_Steel_Grab_Bars_75d983f3_p0011_m007.jpg,F:\Desktop\m\projects\kevision\CloudHammer\data\review_queues\broad_gpt_20260427_deduped\high_conf_positive\gpt_overlays\260309_-_Drawing_Rev2-_Steel_Grab_Bars_75d983f3_p0011_m007.jpg,F:\Desktop\m\projects\kevision\revision_sets\Revision #2 - Mod 5 grab bar supports\260309 - Drawing Rev2- Steel Grab Bars.pdf,11,,,,1,0.9300,bold,,
Revision_1_-_Drawing_Changes_6cbee960_p0010_m003,high_conf_positive,Revision #1 - Drawing Changes,target_marker_neighborhood,F:\Desktop\m\projects\kevision\CloudHammer\data\cloud_roi_images_broad_20260427\Revision_1_-_Drawing_Changes_6cbee960_p0010_m003.png,F:\Desktop\m\projects\kevision\CloudHammer\data\review_queues\broad_gpt_20260427_deduped\high_conf_positive\images\Revision_1_-_Drawing_Changes_6cbee960_p0010_m003.png,F:\Desktop\m\projects\kevision\CloudHammer\data\gpt_prelabel_broad_20260427\gpt_labels\Revision_1_-_Drawing_Changes_6cbee960_p0010_m003.txt,F:\Desktop\m\projects\kevision\CloudHammer\data\review_queues\broad_gpt_20260427_deduped\high_conf_positive\labels\Revision_1_-_Drawing_Changes_6cbee960_p0010_m003.txt,F:\Desktop\m\projects\kevision\CloudHammer\data\gpt_prelabel_broad_20260427\gpt_review\Revision_1_-_Drawing_Changes_6cbee960_p0010_m003.jpg,F:\Desktop\m\projects\kevision\CloudHammer\data\review_queues\broad_gpt_20260427_deduped\high_conf_positive\gpt_overlays\Revision_1_-_Drawing_Changes_6cbee960_p0010_m003.jpg,F:\Desktop\m\projects\kevision\revision_sets\Revision #1 - Drawing Changes\Revision #1 - Drawing Changes.pdf,10,,,,2,0.9500,bold,,
260313_-_VA_Biloxi_Rev_3_ff19da68_p0183_m004,high_conf_positive,Revision #3 - EHRM Drawings,target_marker_neighborhood,F:\Desktop\m\projects\kevision\CloudHammer\data\cloud_roi_images_broad_20260427\260313_-_VA_Biloxi_Rev_3_ff19da68_p0183_m004.png,F:\Desktop\m\projects\kevision\CloudHammer\data\review_queues\broad_gpt_20260427_deduped\high_conf_positive\images\260313_-_VA_Biloxi_Rev_3_ff19da68_p0183_m004.png,F:\Desktop\m\projects\kevision\CloudHammer\data\gpt_prelabel_broad_20260427\gpt_labels\260313_-_VA_Biloxi_Rev_3_ff19da68_p0183_m004.txt,F:\Desktop\m\projects\kevision\CloudHammer\data\review_queues\broad_gpt_20260427_deduped\high_conf_positive\labels\260313_-_VA_Biloxi_Rev_3_ff19da68_p0183_m004.txt,F:\Desktop\m\projects\kevision\CloudHammer\data\gpt_prelabel_broad_20260427\gpt_review\260313_-_VA_Biloxi_Rev_3_ff19da68_p0183_m004.jpg,F:\Desktop\m\projects\kevision\CloudHammer\data\review_queues\broad_gpt_20260427_deduped\high_conf_positive\gpt_overlays\260313_-_VA_Biloxi_Rev_3_ff19da68_p0183_m004.jpg,F:\Desktop\m\projects\kevision\revision_sets\Revision #3 - EHRM Drawings\260313 - VA Biloxi Rev 3.pdf,183,,,,1,0.9800,bold,,
260313_-_VA_Biloxi_Rev_3_ff19da68_p0195_random_0398,high_conf_positive,Revision #3 - EHRM Drawings,random_standard_drawing_crop,F:\Desktop\m\projects\kevision\CloudHammer\data\random_drawing_crops_broad_20260427\images\260313_-_VA_Biloxi_Rev_3_ff19da68_p0195_random_0398.png,F:\Desktop\m\projects\kevision\CloudHammer\data\review_queues\broad_gpt_20260427_deduped\high_conf_positive\images\260313_-_VA_Biloxi_Rev_3_ff19da68_p0195_random_0398.png,F:\Desktop\m\projects\kevision\CloudHammer\data\gpt_prelabel_broad_20260427\gpt_labels\260313_-_VA_Biloxi_Rev_3_ff19da68_p0195_random_0398.txt,F:\Desktop\m\projects\kevision\CloudHammer\data\review_queues\broad_gpt_20260427_deduped\high_conf_positive\labels\260313_-_VA_Biloxi_Rev_3_ff19da68_p0195_random_0398.txt,F:\Desktop\m\projects\kevision\CloudHammer\data\gpt_prelabel_broad_20260427\gpt_review\260313_-_VA_Biloxi_Rev_3_ff19da68_p0195_random_0398.jpg,F:\Desktop\m\projects\kevision\CloudHammer\data\review_queues\broad_gpt_20260427_deduped\high_conf_positive\gpt_overlays\260313_-_VA_Biloxi_Rev_3_ff19da68_p0195_random_0398.jpg,F:\Desktop\m\projects\kevision\revision_sets\Revision #3 - EHRM Drawings\260313 - VA Biloxi Rev 3.pdf,195,196,E001,SYMBOLS  LIST.,1,0.9800,bold,,
260309_-_Drawing_Rev2-_Steel_Grab_Bars_75d983f3_p0004_m014,high_conf_positive,Revision #2 - Mod 5 grab bar supports,target_marker_neighborhood,F:\Desktop\m\projects\kevision\CloudHammer\data\cloud_roi_images_broad_20260427\260309_-_Drawing_Rev2-_Steel_Grab_Bars_75d983f3_p0004_m014.png,F:\Desktop\m\projects\kevision\CloudHammer\data\review_queues\broad_gpt_20260427_deduped\high_conf_positive\images\260309_-_Drawing_Rev2-_Steel_Grab_Bars_75d983f3_p0004_m014.png,F:\Desktop\m\projects\kevision\CloudHammer\data\gpt_prelabel_broad_20260427\gpt_labels\260309_-_Drawing_Rev2-_Steel_Grab_Bars_75d983f3_p0004_m014.txt,F:\Desktop\m\projects\kevision\CloudHammer\data\review_queues\broad_gpt_20260427_deduped\high_conf_positive\labels\260309_-_Drawing_Rev2-_Steel_Grab_Bars_75d983f3_p0004_m014.txt,F:\Desktop\m\projects\kevision\CloudHammer\data\gpt_prelabel_broad_20260427\gpt_review\260309_-_Drawing_Rev2-_Steel_Grab_Bars_75d983f3_p0004_m014.jpg,F:\Desktop\m\projects\kevision\CloudHammer\data\review_queues\broad_gpt_20260427_deduped\high_conf_positive\gpt_overlays\260309_-_Drawing_Rev2-_Steel_Grab_Bars_75d983f3_p0004_m014.jpg,F:\Desktop\m\projects\kevision\revision_sets\Revision #2 - Mod 5 grab bar supports\260309 - Drawing Rev2- Steel Grab Bars.pdf,4,,,,1,0.9100,bold,,
Revision_1_-_Drawing_Changes_6cbee960_p0010_m012,high_conf_positive,Revision #1 - Drawing Changes,target_marker_neighborhood,F:\Desktop\m\projects\kevision\CloudHammer\data\cloud_roi_images_broad_20260427\Revision_1_-_Drawing_Changes_6cbee960_p0010_m012.png,F:\Desktop\m\projects\kevision\CloudHammer\data\review_queues\broad_gpt_20260427_deduped\high_conf_positive\images\Revision_1_-_Drawing_Changes_6cbee960_p0010_m012.png,F:\Desktop\m\projects\kevision\CloudHammer\data\gpt_prelabel_broad_20260427\gpt_labels\Revision_1_-_Drawing_Changes_6cbee960_p0010_m012.txt,F:\Desktop\m\projects\kevision\CloudHammer\data\review_queues\broad_gpt_20260427_deduped\high_conf_positive\labels\Revision_1_-_Drawing_Changes_6cbee960_p0010_m012.txt,F:\Desktop\m\projects\kevision\CloudHammer\data\gpt_prelabel_broad_20260427\gpt_review\Revision_1_-_Drawing_Changes_6cbee960_p0010_m012.jpg,F:\Desktop\m\projects\kevision\CloudHammer\data\review_queues\broad_gpt_20260427_deduped\high_conf_positive\gpt_overlays\Revision_1_-_Drawing_Changes_6cbee960_p0010_m012.jpg,F:\Desktop\m\projects\kevision\revision_sets\Revision #1 - Drawing Changes\Revision #1 - Drawing Changes.pdf,10,,,,2,0.9500,bold,,
260313_-_VA_Biloxi_Rev_3_ff19da68_p0184_m004,high_conf_positive,Revision #3 - EHRM Drawings,target_marker_neighborhood,F:\Desktop\m\projects\kevision\CloudHammer\data\cloud_roi_images_broad_20260427\260313_-_VA_Biloxi_Rev_3_ff19da68_p0184_m004.png,F:\Desktop\m\projects\kevision\CloudHammer\data\review_queues\broad_gpt_20260427_deduped\high_conf_positive\images\260313_-_VA_Biloxi_Rev_3_ff19da68_p0184_m004.png,F:\Desktop\m\projects\kevision\CloudHammer\data\gpt_prelabel_broad_20260427\gpt_labels\260313_-_VA_Biloxi_Rev_3_ff19da68_p0184_m004.txt,F:\Desktop\m\projects\kevision\CloudHammer\data\review_queues\broad_gpt_20260427_deduped\high_conf_positive\labels\260313_-_VA_Biloxi_Rev_3_ff19da68_p0184_m004.txt,F:\Desktop\m\projects\kevision\CloudHammer\data\gpt_prelabel_broad_20260427\gpt_review\260313_-_VA_Biloxi_Rev_3_ff19da68_p0184_m004.jpg,F:\Desktop\m\projects\kevision\CloudHammer\data\review_queues\broad_gpt_20260427_deduped\high_conf_positive\gpt_overlays\260313_-_VA_Biloxi_Rev_3_ff19da68_p0184_m004.jpg,F:\Desktop\m\projects\kevision\revision_sets\Revision #3 - EHRM Drawings\260313 - VA Biloxi Rev 3.pdf,184,,,,1,0.9800,bold,,
260313_-_VA_Biloxi_Rev_3_ff19da68_p0192_random_0446,high_conf_positive,Revision #3 - EHRM Drawings,random_standard_drawing_crop,F:\Desktop\m\projects\kevision\CloudHammer\data\random_drawing_crops_broad_20260427\images\260313_-_VA_Biloxi_Rev_3_ff19da68_p0192_random_0446.png,F:\Desktop\m\projects\kevision\CloudHammer\data\review_queues\broad_gpt_20260427_deduped\high_conf_positive\images\260313_-_VA_Biloxi_Rev_3_ff19da68_p0192_random_0446.png,F:\Desktop\m\projects\kevision\CloudHammer\data\gpt_prelabel_broad_20260427\gpt_labels\260313_-_VA_Biloxi_Rev_3_ff19da68_p0192_random_0446.txt,F:\Desktop\m\projects\kevision\CloudHammer\data\review_queues\broad_gpt_20260427_deduped\high_conf_positive\labels\260313_-_VA_Biloxi_Rev_3_ff19da68_p0192_random_0446.txt,F:\Desktop\m\projects\kevision\CloudHammer\data\gpt_prelabel_broad_20260427\gpt_review\260313_-_VA_Biloxi_Rev_3_ff19da68_p0192_random_0446.jpg,F:\Desktop\m\projects\kevision\CloudHammer\data\review_queues\broad_gpt_20260427_deduped\high_conf_positive\gpt_overlays\260313_-_VA_Biloxi_Rev_3_ff19da68_p0192_random_0446.jpg,F:\Desktop\m\projects\kevision\revision_sets\Revision #3 - EHRM Drawings\260313 - VA Biloxi Rev 3.pdf,192,193,EP101,GFI,1,0.9700,bold,,
260309_-_Drawing_Rev2-_Steel_Grab_Bars_75d983f3_p0010_m001,high_conf_positive,Revision #2 - Mod 5 grab bar supports,target_marker_neighborhood,F:\Desktop\m\projects\kevision\CloudHammer\data\cloud_roi_images_broad_20260427\260309_-_Drawing_Rev2-_Steel_Grab_Bars_75d983f3_p0010_m001.png,F:\Desktop\m\projects\kevision\CloudHammer\data\review_queues\broad_gpt_20260427_deduped\high_conf_positive\images\260309_-_Drawing_Rev2-_Steel_Grab_Bars_75d983f3_p0010_m001.png,F:\Desktop\m\projects\kevision\CloudHammer\data\gpt_prelabel_broad_20260427\gpt_labels\260309_-_Drawing_Rev2-_Steel_Grab_Bars_75d983f3_p0010_m001.txt,F:\Desktop\m\projects\kevision\CloudHammer\data\review_queues\broad_gpt_20260427_deduped\high_conf_positive\labels\260309_-_Drawing_Rev2-_Steel_Grab_Bars_75d983f3_p0010_m001.txt,F:\Desktop\m\projects\kevision\CloudHammer\data\gpt_prelabel_broad_20260427\gpt_review\260309_-_Drawing_Rev2-_Steel_Grab_Bars_75d983f3_p0010_m001.jpg,F:\Desktop\m\projects\kevision\CloudHammer\data\review_queues\broad_gpt_20260427_deduped\high_conf_positive\gpt_overlays\260309_-_Drawing_Rev2-_Steel_Grab_Bars_75d983f3_p0010_m001.jpg,F:\Desktop\m\projects\kevision\revision_sets\Revision #2 - Mod 5 grab bar supports\260309 - Drawing Rev2- Steel Grab Bars.pdf,10,,,,1,0.9100,bold,,
Revision_1_-_Drawing_Changes_6cbee960_p0016_m018,high_conf_positive,Revision #1 - Drawing Changes,target_marker_neighborhood,F:\Desktop\m\projects\kevision\CloudHammer\data\cloud_roi_images_broad_20260427\Revision_1_-_Drawing_Changes_6cbee960_p0016_m018.png,F:\Desktop\m\projects\kevision\CloudHammer\data\review_queues\broad_gpt_20260427_deduped\high_conf_positive\images\Revision_1_-_Drawing_Changes_6cbee960_p0016_m018.png,F:\Desktop\m\projects\kevision\CloudHammer\data\gpt_prelabel_broad_20260427\gpt_labels\Revision_1_-_Drawing_Changes_6cbee960_p0016_m018.txt,F:\Desktop\m\projects\kevision\CloudHammer\data\review_queues\broad_gpt_20260427_deduped\high_conf_positive\labels\Revision_1_-_Drawing_Changes_6cbee960_p0016_m018.txt,F:\Desktop\m\projects\kevision\CloudHammer\data\gpt_prelabel_broad_20260427\gpt_review\Revision_1_-_Drawing_Changes_6cbee960_p0016_m018.jpg,F:\Desktop\m\projects\kevision\CloudHammer\data\review_queues\broad_gpt_20260427_deduped\high_conf_positive\gpt_overlays\Revision_1_-_Drawing_Changes_6cbee960_p0016_m018.jpg,F:\Desktop\m\projects\kevision\revision_sets\Revision #1 - Drawing Changes\Revision #1 - Drawing Changes.pdf,16,,,,2,0.9500,bold,,
260313_-_VA_Biloxi_Rev_3_ff19da68_p0185_m001,high_conf_positive,Revision #3 - EHRM Drawings,target_marker_neighborhood,F:\Desktop\m\projects\kevision\CloudHammer\data\cloud_roi_images_broad_20260427\260313_-_VA_Biloxi_Rev_3_ff19da68_p0185_m001.png,F:\Desktop\m\projects\kevision\CloudHammer\data\review_queues\broad_gpt_20260427_deduped\high_conf_positive\images\260313_-_VA_Biloxi_Rev_3_ff19da68_p0185_m001.png,F:\Desktop\m\projects\kevision\CloudHammer\data\gpt_prelabel_broad_20260427\gpt_labels\260313_-_VA_Biloxi_Rev_3_ff19da68_p0185_m001.txt,F:\Desktop\m\projects\kevision\CloudHammer\data\review_queues\broad_gpt_20260427_deduped\high_conf_positive\labels\260313_-_VA_Biloxi_Rev_3_ff19da68_p0185_m001.txt,F:\Desktop\m\projects\kevision\CloudHammer\data\gpt_prelabel_broad_20260427\gpt_review\260313_-_VA_Biloxi_Rev_3_ff19da68_p0185_m001.jpg,F:\Desktop\m\projects\kevision\CloudHammer\data\review_queues\broad_gpt_20260427_deduped\high_conf_positive\gpt_overlays\260313_-_VA_Biloxi_Rev_3_ff19da68_p0185_m001.jpg,F:\Desktop\m\projects\kevision\revision_sets\Revision #3 - EHRM Drawings\260313 - VA Biloxi Rev 3.pdf,185,,,,1,0.9800,bold,,
260309_-_Drawing_Rev2-_Steel_Grab_Bars_75d983f3_p0011_m001,high_conf_positive,Revision #2 - Mod 5 grab bar supports,target_marker_neighborhood,F:\Desktop\m\projects\kevision\CloudHammer\data\cloud_roi_images_broad_20260427\260309_-_Drawing_Rev2-_Steel_Grab_Bars_75d983f3_p0011_m001.png,F:\Desktop\m\projects\kevision\CloudHammer\data\review_queues\broad_gpt_20260427_deduped\high_conf_positive\images\260309_-_Drawing_Rev2-_Steel_Grab_Bars_75d983f3_p0011_m001.png,F:\Desktop\m\projects\kevision\CloudHammer\data\gpt_prelabel_broad_20260427\gpt_labels\260309_-_Drawing_Rev2-_Steel_Grab_Bars_75d983f3_p0011_m001.txt,F:\Desktop\m\projects\kevision\CloudHammer\data\review_queues\broad_gpt_20260427_deduped\high_conf_positive\labels\260309_-_Drawing_Rev2-_Steel_Grab_Bars_75d983f3_p0011_m001.txt,F:\Desktop\m\projects\kevision\CloudHammer\data\gpt_prelabel_broad_20260427\gpt_review\260309_-_Drawing_Rev2-_Steel_Grab_Bars_75d983f3_p0011_m001.jpg,F:\Desktop\m\projects\kevision\CloudHammer\data\review_queues\broad_gpt_20260427_deduped\high_conf_positive\gpt_overlays\260309_-_Drawing_Rev2-_Steel_Grab_Bars_75d983f3_p0011_m001.jpg,F:\Desktop\m\projects\kevision\revision_sets\Revision #2 - Mod 5 grab bar supports\260309 - Drawing Rev2- Steel Grab Bars.pdf,11,,,,1,0.9100,bold,,
Revision_1_-_Drawing_Changes_6cbee960_p0018_m033,high_conf_positive,Revision #1 - Drawing Changes,target_marker_neighborhood,F:\Desktop\m\projects\kevision\CloudHammer\data\cloud_roi_images_broad_20260427\Revision_1_-_Drawing_Changes_6cbee960_p0018_m033.png,F:\Desktop\m\projects\kevision\CloudHammer\data\review_queues\broad_gpt_20260427_deduped\high_conf_positive\images\Revision_1_-_Drawing_Changes_6cbee960_p0018_m033.png,F:\Desktop\m\projects\kevision\CloudHammer\data\gpt_prelabel_broad_20260427\gpt_labels\Revision_1_-_Drawing_Changes_6cbee960_p0018_m033.txt,F:\Desktop\m\projects\kevision\CloudHammer\data\review_queues\broad_gpt_20260427_deduped\high_conf_positive\labels\Revision_1_-_Drawing_Changes_6cbee960_p0018_m033.txt,F:\Desktop\m\projects\kevision\CloudHammer\data\gpt_prelabel_broad_20260427\gpt_review\Revision_1_-_Drawing_Changes_6cbee960_p0018_m033.jpg,F:\Desktop\m\projects\kevision\CloudHammer\data\review_queues\broad_gpt_20260427_deduped\high_conf_positive\gpt_overlays\Revision_1_-_Drawing_Changes_6cbee960_p0018_m033.jpg,F:\Desktop\m\projects\kevision\revision_sets\Revision #1 - Drawing Changes\Revision #1 - Drawing Changes.pdf,18,,,,2,0.9500,bold,,
260313_-_VA_Biloxi_Rev_3_ff19da68_p0187_m003,high_conf_positive,Revision #3 - EHRM Drawings,target_marker_neighborhood,F:\Desktop\m\projects\kevision\CloudHammer\data\cloud_roi_images_broad_20260427\260313_-_VA_Biloxi_Rev_3_ff19da68_p0187_m003.png,F:\Desktop\m\projects\kevision\CloudHammer\data\review_queues\broad_gpt_20260427_deduped\high_conf_positive\images\260313_-_VA_Biloxi_Rev_3_ff19da68_p0187_m003.png,F:\Desktop\m\projects\kevision\CloudHammer\data\gpt_prelabel_broad_20260427\gpt_labels\260313_-_VA_Biloxi_Rev_3_ff19da68_p0187_m003.txt,F:\Desktop\m\projects\kevision\CloudHammer\data\review_queues\broad_gpt_20260427_deduped\high_conf_positive\labels\260313_-_VA_Biloxi_Rev_3_ff19da68_p0187_m003.txt,F:\Desktop\m\projects\kevision\CloudHammer\data\gpt_prelabel_broad_20260427\gpt_review\260313_-_VA_Biloxi_Rev_3_ff19da68_p0187_m003.jpg,F:\Desktop\m\projects\kevision\CloudHammer\data\review_queues\broad_gpt_20260427_deduped\high_conf_positive\gpt_overlays\260313_-_VA_Biloxi_Rev_3_ff19da68_p0187_m003.jpg,F:\Desktop\m\projects\kevision\revision_sets\Revision #3 - EHRM Drawings\260313 - VA Biloxi Rev 3.pdf,187,,,,1,0.9800,bold,,
Revision_1_-_Drawing_Changes_6cbee960_p0038_m006,high_conf_positive,Revision #1 - Drawing Changes,target_marker_neighborhood,F:\Desktop\m\projects\kevision\CloudHammer\data\cloud_roi_images_broad_20260427\Revision_1_-_Drawing_Changes_6cbee960_p0038_m006.png,F:\Desktop\m\projects\kevision\CloudHammer\data\review_queues\broad_gpt_20260427_deduped\high_conf_positive\images\Revision_1_-_Drawing_Changes_6cbee960_p0038_m006.png,F:\Desktop\m\projects\kevision\CloudHammer\data\gpt_prelabel_broad_20260427\gpt_labels\Revision_1_-_Drawing_Changes_6cbee960_p0038_m006.txt,F:\Desktop\m\projects\kevision\CloudHammer\data\review_queues\broad_gpt_20260427_deduped\high_conf_positive\labels\Revision_1_-_Drawing_Changes_6cbee960_p0038_m006.txt,F:\Desktop\m\projects\kevision\CloudHammer\data\gpt_prelabel_broad_20260427\gpt_review\Revision_1_-_Drawing_Changes_6cbee960_p0038_m006.jpg,F:\Desktop\m\projects\kevision\CloudHammer\data\review_queues\broad_gpt_20260427_deduped\high_conf_positive\gpt_overlays\Revision_1_-_Drawing_Changes_6cbee960_p0038_m006.jpg,F:\Desktop\m\projects\kevision\revision_sets\Revision #1 - Drawing Changes\Revision #1 - Drawing Changes.pdf,38,,,,2,0.9500,bold,,
260313_-_VA_Biloxi_Rev_3_ff19da68_p0176_m005,high_conf_positive,Revision #3 - EHRM Drawings,target_marker_neighborhood,F:\Desktop\m\projects\kevision\CloudHammer\data\cloud_roi_images_broad_20260427\260313_-_VA_Biloxi_Rev_3_ff19da68_p0176_m005.png,F:\Desktop\m\projects\kevision\CloudHammer\data\review_queues\broad_gpt_20260427_deduped\high_conf_positive\images\260313_-_VA_Biloxi_Rev_3_ff19da68_p0176_m005.png,F:\Desktop\m\projects\kevision\CloudHammer\data\gpt_prelabel_broad_20260427\gpt_labels\260313_-_VA_Biloxi_Rev_3_ff19da68_p0176_m005.txt,F:\Desktop\m\projects\kevision\CloudHammer\data\review_queues\broad_gpt_20260427_deduped\high_conf_positive\labels\260313_-_VA_Biloxi_Rev_3_ff19da68_p0176_m005.txt,F:\Desktop\m\projects\kevision\CloudHammer\data\gpt_prelabel_broad_20260427\gpt_review\260313_-_VA_Biloxi_Rev_3_ff19da68_p0176_m005.jpg,F:\Desktop\m\projects\kevision\CloudHammer\data\review_queues\broad_gpt_20260427_deduped\high_conf_positive\gpt_overlays\260313_-_VA_Biloxi_Rev_3_ff19da68_p0176_m005.jpg,F:\Desktop\m\projects\kevision\revision_sets\Revision #3 - EHRM Drawings\260313 - VA Biloxi Rev 3.pdf,176,,,,1,0.9700,bold,,
Revision_1_-_Drawing_Changes_6cbee960_p0038_m013,high_conf_positive,Revision #1 - Drawing Changes,target_marker_neighborhood,F:\Desktop\m\projects\kevision\CloudHammer\data\cloud_roi_images_broad_20260427\Revision_1_-_Drawing_Changes_6cbee960_p0038_m013.png,F:\Desktop\m\projects\kevision\CloudHammer\data\review_queues\broad_gpt_20260427_deduped\high_conf_positive\images\Revision_1_-_Drawing_Changes_6cbee960_p0038_m013.png,F:\Desktop\m\projects\kevision\CloudHammer\data\gpt_prelabel_broad_20260427\gpt_labels\Revision_1_-_Drawing_Changes_6cbee960_p0038_m013.txt,F:\Desktop\m\projects\kevision\CloudHammer\data\review_queues\broad_gpt_20260427_deduped\high_conf_positive\labels\Revision_1_-_Drawing_Changes_6cbee960_p0038_m013.txt,F:\Desktop\m\projects\kevision\CloudHammer\data\gpt_prelabel_broad_20260427\gpt_review\Revision_1_-_Drawing_Changes_6cbee960_p0038_m013.jpg,F:\Desktop\m\projects\kevision\CloudHammer\data\review_queues\broad_gpt_20260427_deduped\high_conf_positive\gpt_overlays\Revision_1_-_Drawing_Changes_6cbee960_p0038_m013.jpg,F:\Desktop\m\projects\kevision\revision_sets\Revision #1 - Drawing Changes\Revision #1 - Drawing Changes.pdf,38,,,,2,0.9500,bold,,
260313_-_VA_Biloxi_Rev_3_ff19da68_p0177_m001,high_conf_positive,Revision #3 - EHRM Drawings,target_marker_neighborhood,F:\Desktop\m\projects\kevision\CloudHammer\data\cloud_roi_images_broad_20260427\260313_-_VA_Biloxi_Rev_3_ff19da68_p0177_m001.png,F:\Desktop\m\projects\kevision\CloudHammer\data\review_queues\broad_gpt_20260427_deduped\high_conf_positive\images\260313_-_VA_Biloxi_Rev_3_ff19da68_p0177_m001.png,F:\Desktop\m\projects\kevision\CloudHammer\data\gpt_prelabel_broad_20260427\gpt_labels\260313_-_VA_Biloxi_Rev_3_ff19da68_p0177_m001.txt,F:\Desktop\m\projects\kevision\CloudHammer\data\review_queues\broad_gpt_20260427_deduped\high_conf_positive\labels\260313_-_VA_Biloxi_Rev_3_ff19da68_p0177_m001.txt,F:\Desktop\m\projects\kevision\CloudHammer\data\gpt_prelabel_broad_20260427\gpt_review\260313_-_VA_Biloxi_Rev_3_ff19da68_p0177_m001.jpg,F:\Desktop\m\projects\kevision\CloudHammer\data\review_queues\broad_gpt_20260427_deduped\high_conf_positive\gpt_overlays\260313_-_VA_Biloxi_Rev_3_ff19da68_p0177_m001.jpg,F:\Desktop\m\projects\kevision\revision_sets\Revision #3 - EHRM Drawings\260313 - VA Biloxi Rev 3.pdf,177,,,,1,0.9700,bold,,
Revision_1_-_Drawing_Changes_6cbee960_p0039_m009,high_conf_positive,Revision #1 - Drawing Changes,target_marker_neighborhood,F:\Desktop\m\projects\kevision\CloudHammer\data\cloud_roi_images_broad_20260427\Revision_1_-_Drawing_Changes_6cbee960_p0039_m009.png,F:\Desktop\m\projects\kevision\CloudHammer\data\review_queues\broad_gpt_20260427_deduped\high_conf_positive\images\Revision_1_-_Drawing_Changes_6cbee960_p0039_m009.png,F:\Desktop\m\projects\kevision\CloudHammer\data\gpt_prelabel_broad_20260427\gpt_labels\Revision_1_-_Drawing_Changes_6cbee960_p0039_m009.txt,F:\Desktop\m\projects\kevision\CloudHammer\data\review_queues\broad_gpt_20260427_deduped\high_conf_positive\labels\Revision_1_-_Drawing_Changes_6cbee960_p0039_m009.txt,F:\Desktop\m\projects\kevision\CloudHammer\data\gpt_prelabel_broad_20260427\gpt_review\Revision_1_-_Drawing_Changes_6cbee960_p0039_m009.jpg,F:\Desktop\m\projects\kevision\CloudHammer\data\review_queues\broad_gpt_20260427_deduped\high_conf_positive\gpt_overlays\Revision_1_-_Drawing_Changes_6cbee960_p0039_m009.jpg,F:\Desktop\m\projects\kevision\revision_sets\Revision #1 - Drawing Changes\Revision #1 - Drawing Changes.pdf,39,,,,2,0.9500,bold,,
260313_-_VA_Biloxi_Rev_3_ff19da68_p0177_m002,high_conf_positive,Revision #3 - EHRM Drawings,target_marker_neighborhood,F:\Desktop\m\projects\kevision\CloudHammer\data\cloud_roi_images_broad_20260427\260313_-_VA_Biloxi_Rev_3_ff19da68_p0177_m002.png,F:\Desktop\m\projects\kevision\CloudHammer\data\review_queues\broad_gpt_20260427_deduped\high_conf_positive\images\260313_-_VA_Biloxi_Rev_3_ff19da68_p0177_m002.png,F:\Desktop\m\projects\kevision\CloudHammer\data\gpt_prelabel_broad_20260427\gpt_labels\260313_-_VA_Biloxi_Rev_3_ff19da68_p0177_m002.txt,F:\Desktop\m\projects\kevision\CloudHammer\data\review_queues\broad_gpt_20260427_deduped\high_conf_positive\labels\260313_-_VA_Biloxi_Rev_3_ff19da68_p0177_m002.txt,F:\Desktop\m\projects\kevision\CloudHammer\data\gpt_prelabel_broad_20260427\gpt_review\260313_-_VA_Biloxi_Rev_3_ff19da68_p0177_m002.jpg,F:\Desktop\m\projects\kevision\CloudHammer\data\review_queues\broad_gpt_20260427_deduped\high_conf_positive\gpt_overlays\260313_-_VA_Biloxi_Rev_3_ff19da68_p0177_m002.jpg,F:\Desktop\m\projects\kevision\revision_sets\Revision #3 - EHRM Drawings\260313 - VA Biloxi Rev 3.pdf,177,,,,1,0.9700,bold,,
Revision_1_-_Drawing_Changes_6cbee960_p0049_m005,high_conf_positive,Revision #1 - Drawing Changes,target_marker_neighborhood,F:\Desktop\m\projects\kevision\CloudHammer\data\cloud_roi_images_broad_20260427\Revision_1_-_Drawing_Changes_6cbee960_p0049_m005.png,F:\Desktop\m\projects\kevision\CloudHammer\data\review_queues\broad_gpt_20260427_deduped\high_conf_positive\images\Revision_1_-_Drawing_Changes_6cbee960_p0049_m005.png,F:\Desktop\m\projects\kevision\CloudHammer\data\gpt_prelabel_broad_20260427\gpt_labels\Revision_1_-_Drawing_Changes_6cbee960_p0049_m005.txt,F:\Desktop\m\projects\kevision\CloudHammer\data\review_queues\broad_gpt_20260427_deduped\high_conf_positive\labels\Revision_1_-_Drawing_Changes_6cbee960_p0049_m005.txt,F:\Desktop\m\projects\kevision\CloudHammer\data\gpt_prelabel_broad_20260427\gpt_review\Revision_1_-_Drawing_Changes_6cbee960_p0049_m005.jpg,F:\Desktop\m\projects\kevision\CloudHammer\data\review_queues\broad_gpt_20260427_deduped\high_conf_positive\gpt_overlays\Revision_1_-_Drawing_Changes_6cbee960_p0049_m005.jpg,F:\Desktop\m\projects\kevision\revision_sets\Revision #1 - Drawing Changes\Revision #1 - Drawing Changes.pdf,49,,,,2,0.9500,bold,,
260313_-_VA_Biloxi_Rev_3_ff19da68_p0178_m003,high_conf_positive,Revision #3 - EHRM Drawings,target_marker_neighborhood,F:\Desktop\m\projects\kevision\CloudHammer\data\cloud_roi_images_broad_20260427\260313_-_VA_Biloxi_Rev_3_ff19da68_p0178_m003.png,F:\Desktop\m\projects\kevision\CloudHammer\data\review_queues\broad_gpt_20260427_deduped\high_conf_positive\images\260313_-_VA_Biloxi_Rev_3_ff19da68_p0178_m003.png,F:\Desktop\m\projects\kevision\CloudHammer\data\gpt_prelabel_broad_20260427\gpt_labels\260313_-_VA_Biloxi_Rev_3_ff19da68_p0178_m003.txt,F:\Desktop\m\projects\kevision\CloudHammer\data\review_queues\broad_gpt_20260427_deduped\high_conf_positive\labels\260313_-_VA_Biloxi_Rev_3_ff19da68_p0178_m003.txt,F:\Desktop\m\projects\kevision\CloudHammer\data\gpt_prelabel_broad_20260427\gpt_review\260313_-_VA_Biloxi_Rev_3_ff19da68_p0178_m003.jpg,F:\Desktop\m\projects\kevision\CloudHammer\data\review_queues\broad_gpt_20260427_deduped\high_conf_positive\gpt_overlays\260313_-_VA_Biloxi_Rev_3_ff19da68_p0178_m003.jpg,F:\Desktop\m\projects\kevision\revision_sets\Revision #3 - EHRM Drawings\260313 - VA Biloxi Rev 3.pdf,178,,,,1,0.9700,bold,,
Revision_1_-_Drawing_Changes_6cbee960_p0005_m011,high_conf_positive,Revision #1 - Drawing Changes,target_marker_neighborhood,F:\Desktop\m\projects\kevision\CloudHammer\data\cloud_roi_images_broad_20260427\Revision_1_-_Drawing_Changes_6cbee960_p0005_m011.png,F:\Desktop\m\projects\kevision\CloudHammer\data\review_queues\broad_gpt_20260427_deduped\high_conf_positive\images\Revision_1_-_Drawing_Changes_6cbee960_p0005_m011.png,F:\Desktop\m\projects\kevision\CloudHammer\data\gpt_prelabel_broad_20260427\gpt_labels\Revision_1_-_Drawing_Changes_6cbee960_p0005_m011.txt,F:\Desktop\m\projects\kevision\CloudHammer\data\review_queues\broad_gpt_20260427_deduped\high_conf_positive\labels\Revision_1_-_Drawing_Changes_6cbee960_p0005_m011.txt,F:\Desktop\m\projects\kevision\CloudHammer\data\gpt_prelabel_broad_20260427\gpt_review\Revision_1_-_Drawing_Changes_6cbee960_p0005_m011.jpg,F:\Desktop\m\projects\kevision\CloudHammer\data\review_queues\broad_gpt_20260427_deduped\high_conf_positive\gpt_overlays\Revision_1_-_Drawing_Changes_6cbee960_p0005_m011.jpg,F:\Desktop\m\projects\kevision\revision_sets\Revision #1 - Drawing Changes\Revision #1 - Drawing Changes.pdf,5,,,,2,0.9400,bold,,
260313_-_VA_Biloxi_Rev_3_ff19da68_p0178_m005,high_conf_positive,Revision #3 - EHRM Drawings,target_marker_neighborhood,F:\Desktop\m\projects\kevision\CloudHammer\data\cloud_roi_images_broad_20260427\260313_-_VA_Biloxi_Rev_3_ff19da68_p0178_m005.png,F:\Desktop\m\projects\kevision\CloudHammer\data\review_queues\broad_gpt_20260427_deduped\high_conf_positive\images\260313_-_VA_Biloxi_Rev_3_ff19da68_p0178_m005.png,F:\Desktop\m\projects\kevision\CloudHammer\data\gpt_prelabel_broad_20260427\gpt_labels\260313_-_VA_Biloxi_Rev_3_ff19da68_p0178_m005.txt,F:\Desktop\m\projects\kevision\CloudHammer\data\review_queues\broad_gpt_20260427_deduped\high_conf_positive\labels\260313_-_VA_Biloxi_Rev_3_ff19da68_p0178_m005.txt,F:\Desktop\m\projects\kevision\CloudHammer\data\gpt_prelabel_broad_20260427\gpt_review\260313_-_VA_Biloxi_Rev_3_ff19da68_p0178_m005.jpg,F:\Desktop\m\projects\kevision\CloudHammer\data\review_queues\broad_gpt_20260427_deduped\high_conf_positive\gpt_overlays\260313_-_VA_Biloxi_Rev_3_ff19da68_p0178_m005.jpg,F:\Desktop\m\projects\kevision\revision_sets\Revision #3 - EHRM Drawings\260313 - VA Biloxi Rev 3.pdf,178,,,,1,0.9700,bold,,
Revision_1_-_Drawing_Changes_6cbee960_p0020_m008,high_conf_positive,Revision #1 - Drawing Changes,target_marker_neighborhood,F:\Desktop\m\projects\kevision\CloudHammer\data\cloud_roi_images_broad_20260427\Revision_1_-_Drawing_Changes_6cbee960_p0020_m008.png,F:\Desktop\m\projects\kevision\CloudHammer\data\review_queues\broad_gpt_20260427_deduped\high_conf_positive\images\Revision_1_-_Drawing_Changes_6cbee960_p0020_m008.png,F:\Desktop\m\projects\kevision\CloudHammer\data\gpt_prelabel_broad_20260427\gpt_labels\Revision_1_-_Drawing_Changes_6cbee960_p0020_m008.txt,F:\Desktop\m\projects\kevision\CloudHammer\data\review_queues\broad_gpt_20260427_deduped\high_conf_positive\labels\Revision_1_-_Drawing_Changes_6cbee960_p0020_m008.txt,F:\Desktop\m\projects\kevision\CloudHammer\data\gpt_prelabel_broad_20260427\gpt_review\Revision_1_-_Drawing_Changes_6cbee960_p0020_m008.jpg,F:\Desktop\m\projects\kevision\CloudHammer\data\review_queues\broad_gpt_20260427_deduped\high_conf_positive\gpt_overlays\Revision_1_-_Drawing_Changes_6cbee960_p0020_m008.jpg,F:\Desktop\m\projects\kevision\revision_sets\Revision #1 - Drawing Changes\Revision #1 - Drawing Changes.pdf,20,,,,2,0.9400,bold,,
260313_-_VA_Biloxi_Rev_3_ff19da68_p0179_m003,high_conf_positive,Revision #3 - EHRM Drawings,target_marker_neighborhood,F:\Desktop\m\projects\kevision\CloudHammer\data\cloud_roi_images_broad_20260427\260313_-_VA_Biloxi_Rev_3_ff19da68_p0179_m003.png,F:\Desktop\m\projects\kevision\CloudHammer\data\review_queues\broad_gpt_20260427_deduped\high_conf_positive\images\260313_-_VA_Biloxi_Rev_3_ff19da68_p0179_m003.png,F:\Desktop\m\projects\kevision\CloudHammer\data\gpt_prelabel_broad_20260427\gpt_labels\260313_-_VA_Biloxi_Rev_3_ff19da68_p0179_m003.txt,F:\Desktop\m\projects\kevision\CloudHammer\data\review_queues\broad_gpt_20260427_deduped\high_conf_positive\labels\260313_-_VA_Biloxi_Rev_3_ff19da68_p0179_m003.txt,F:\Desktop\m\projects\kevision\CloudHammer\data\gpt_prelabel_broad_20260427\gpt_review\260313_-_VA_Biloxi_Rev_3_ff19da68_p0179_m003.jpg,F:\Desktop\m\projects\kevision\CloudHammer\data\review_queues\broad_gpt_20260427_deduped\high_conf_positive\gpt_overlays\260313_-_VA_Biloxi_Rev_3_ff19da68_p0179_m003.jpg,F:\Desktop\m\projects\kevision\revision_sets\Revision #3 - EHRM Drawings\260313 - VA Biloxi Rev 3.pdf,179,,,,1,0.9500,bold,,
Revision_1_-_Drawing_Changes_6cbee960_p0028_m004,high_conf_positive,Revision #1 - Drawing Changes,target_marker_neighborhood,F:\Desktop\m\projects\kevision\CloudHammer\data\cloud_roi_images_broad_20260427\Revision_1_-_Drawing_Changes_6cbee960_p0028_m004.png,F:\Desktop\m\projects\kevision\CloudHammer\data\review_queues\broad_gpt_20260427_deduped\high_conf_positive\images\Revision_1_-_Drawing_Changes_6cbee960_p0028_m004.png,F:\Desktop\m\projects\kevision\CloudHammer\data\gpt_prelabel_broad_20260427\gpt_labels\Revision_1_-_Drawing_Changes_6cbee960_p0028_m004.txt,F:\Desktop\m\projects\kevision\CloudHammer\data\review_queues\broad_gpt_20260427_deduped\high_conf_positive\labels\Revision_1_-_Drawing_Changes_6cbee960_p0028_m004.txt,F:\Desktop\m\projects\kevision\CloudHammer\data\gpt_prelabel_broad_20260427\gpt_review\Revision_1_-_Drawing_Changes_6cbee960_p0028_m004.jpg,F:\Desktop\m\projects\kevision\CloudHammer\data\review_queues\broad_gpt_20260427_deduped\high_conf_positive\gpt_overlays\Revision_1_-_Drawing_Changes_6cbee960_p0028_m004.jpg,F:\Desktop\m\projects\kevision\revision_sets\Revision #1 - Drawing Changes\Revision #1 - Drawing Changes.pdf,28,,,,2,0.9400,bold,,
260313_-_VA_Biloxi_Rev_3_ff19da68_p0182_m002,high_conf_positive,Revision #3 - EHRM Drawings,target_marker_neighborhood,F:\Desktop\m\projects\kevision\CloudHammer\data\cloud_roi_images_broad_20260427\260313_-_VA_Biloxi_Rev_3_ff19da68_p0182_m002.png,F:\Desktop\m\projects\kevision\CloudHammer\data\review_queues\broad_gpt_20260427_deduped\high_conf_positive\images\260313_-_VA_Biloxi_Rev_3_ff19da68_p0182_m002.png,F:\Desktop\m\projects\kevision\CloudHammer\data\gpt_prelabel_broad_20260427\gpt_labels\260313_-_VA_Biloxi_Rev_3_ff19da68_p0182_m002.txt,F:\Desktop\m\projects\kevision\CloudHammer\data\review_queues\broad_gpt_20260427_deduped\high_conf_positive\labels\260313_-_VA_Biloxi_Rev_3_ff19da68_p0182_m002.txt,F:\Desktop\m\projects\kevision\CloudHammer\data\gpt_prelabel_broad_20260427\gpt_review\260313_-_VA_Biloxi_Rev_3_ff19da68_p0182_m002.jpg,F:\Desktop\m\projects\kevision\CloudHammer\data\review_queues\broad_gpt_20260427_deduped\high_conf_positive\gpt_overlays\260313_-_VA_Biloxi_Rev_3_ff19da68_p0182_m002.jpg,F:\Desktop\m\projects\kevision\revision_sets\Revision #3 - EHRM Drawings\260313 - VA Biloxi Rev 3.pdf,182,,,,1,0.9500,bold,,
Revision_1_-_Drawing_Changes_6cbee960_p0039_m001,high_conf_positive,Revision #1 - Drawing Changes,target_marker_neighborhood,F:\Desktop\m\projects\kevision\CloudHammer\data\cloud_roi_images_broad_20260427\Revision_1_-_Drawing_Changes_6cbee960_p0039_m001.png,F:\Desktop\m\projects\kevision\CloudHammer\data\review_queues\broad_gpt_20260427_deduped\high_conf_positive\images\Revision_1_-_Drawing_Changes_6cbee960_p0039_m001.png,F:\Desktop\m\projects\kevision\CloudHammer\data\gpt_prelabel_broad_20260427\gpt_labels\Revision_1_-_Drawing_Changes_6cbee960_p0039_m001.txt,F:\Desktop\m\projects\kevision\CloudHammer\data\review_queues\broad_gpt_20260427_deduped\high_conf_positive\labels\Revision_1_-_Drawing_Changes_6cbee960_p0039_m001.txt,F:\Desktop\m\projects\kevision\CloudHammer\data\gpt_prelabel_broad_20260427\gpt_review\Revision_1_-_Drawing_Changes_6cbee960_p0039_m001.jpg,F:\Desktop\m\projects\kevision\CloudHammer\data\review_queues\broad_gpt_20260427_deduped\high_conf_positive\gpt_overlays\Revision_1_-_Drawing_Changes_6cbee960_p0039_m001.jpg,F:\Desktop\m\projects\kevision\revision_sets\Revision #1 - Drawing Changes\Revision #1 - Drawing Changes.pdf,39,,,,2,0.9400,bold,,
260313_-_VA_Biloxi_Rev_3_ff19da68_p0180_m006,high_conf_positive,Revision #3 - EHRM Drawings,target_marker_neighborhood,F:\Desktop\m\projects\kevision\CloudHammer\data\cloud_roi_images_broad_20260427\260313_-_VA_Biloxi_Rev_3_ff19da68_p0180_m006.png,F:\Desktop\m\projects\kevision\CloudHammer\data\review_queues\broad_gpt_20260427_deduped\high_conf_positive\images\260313_-_VA_Biloxi_Rev_3_ff19da68_p0180_m006.png,F:\Desktop\m\projects\kevision\CloudHammer\data\gpt_prelabel_broad_20260427\gpt_labels\260313_-_VA_Biloxi_Rev_3_ff19da68_p0180_m006.txt,F:\Desktop\m\projects\kevision\CloudHammer\data\review_queues\broad_gpt_20260427_deduped\high_conf_positive\labels\260313_-_VA_Biloxi_Rev_3_ff19da68_p0180_m006.txt,F:\Desktop\m\projects\kevision\CloudHammer\data\gpt_prelabel_broad_20260427\gpt_review\260313_-_VA_Biloxi_Rev_3_ff19da68_p0180_m006.jpg,F:\Desktop\m\projects\kevision\CloudHammer\data\review_queues\broad_gpt_20260427_deduped\high_conf_positive\gpt_overlays\260313_-_VA_Biloxi_Rev_3_ff19da68_p0180_m006.jpg,F:\Desktop\m\projects\kevision\revision_sets\Revision #3 - EHRM Drawings\260313 - VA Biloxi Rev 3.pdf,180,,,,1,0.9300,bold,,
Revision_1_-_Drawing_Changes_6cbee960_p0017_m041,high_conf_positive,Revision #1 - Drawing Changes,target_marker_neighborhood,F:\Desktop\m\projects\kevision\CloudHammer\data\cloud_roi_images_broad_20260427\Revision_1_-_Drawing_Changes_6cbee960_p0017_m041.png,F:\Desktop\m\projects\kevision\CloudHammer\data\review_queues\broad_gpt_20260427_deduped\high_conf_positive\images\Revision_1_-_Drawing_Changes_6cbee960_p0017_m041.png,F:\Desktop\m\projects\kevision\CloudHammer\data\gpt_prelabel_broad_20260427\gpt_labels\Revision_1_-_Drawing_Changes_6cbee960_p0017_m041.txt,F:\Desktop\m\projects\kevision\CloudHammer\data\review_queues\broad_gpt_20260427_deduped\high_conf_positive\labels\Revision_1_-_Drawing_Changes_6cbee960_p0017_m041.txt,F:\Desktop\m\projects\kevision\CloudHammer\data\gpt_prelabel_broad_20260427\gpt_review\Revision_1_-_Drawing_Changes_6cbee960_p0017_m041.jpg,F:\Desktop\m\projects\kevision\CloudHammer\data\review_queues\broad_gpt_20260427_deduped\high_conf_positive\gpt_overlays\Revision_1_-_Drawing_Changes_6cbee960_p0017_m041.jpg,F:\Desktop\m\projects\kevision\revision_sets\Revision #1 - Drawing Changes\Revision #1 - Drawing Changes.pdf,17,,,,2,0.9100,bold,,
Revision_1_-_Drawing_Changes_6cbee960_p0050_m004,high_conf_positive,Revision #1 - Drawing Changes,target_marker_neighborhood,F:\Desktop\m\projects\kevision\CloudHammer\data\cloud_roi_images_broad_20260427\Revision_1_-_Drawing_Changes_6cbee960_p0050_m004.png,F:\Desktop\m\projects\kevision\CloudHammer\data\review_queues\broad_gpt_20260427_deduped\high_conf_positive\images\Revision_1_-_Drawing_Changes_6cbee960_p0050_m004.png,F:\Desktop\m\projects\kevision\CloudHammer\data\gpt_prelabel_broad_20260427\gpt_labels\Revision_1_-_Drawing_Changes_6cbee960_p0050_m004.txt,F:\Desktop\m\projects\kevision\CloudHammer\data\review_queues\broad_gpt_20260427_deduped\high_conf_positive\labels\Revision_1_-_Drawing_Changes_6cbee960_p0050_m004.txt,F:\Desktop\m\projects\kevision\CloudHammer\data\gpt_prelabel_broad_20260427\gpt_review\Revision_1_-_Drawing_Changes_6cbee960_p0050_m004.jpg,F:\Desktop\m\projects\kevision\CloudHammer\data\review_queues\broad_gpt_20260427_deduped\high_conf_positive\gpt_overlays\Revision_1_-_Drawing_Changes_6cbee960_p0050_m004.jpg,F:\Desktop\m\projects\kevision\revision_sets\Revision #1 - Drawing Changes\Revision #1 - Drawing Changes.pdf,50,,,,1,0.9900,bold,,
Revision_1_-_Drawing_Changes_6cbee960_p0015_m004,high_conf_positive,Revision #1 - Drawing Changes,target_marker_neighborhood,F:\Desktop\m\projects\kevision\CloudHammer\data\cloud_roi_images_broad_20260427\Revision_1_-_Drawing_Changes_6cbee960_p0015_m004.png,F:\Desktop\m\projects\kevision\CloudHammer\data\review_queues\broad_gpt_20260427_deduped\high_conf_positive\images\Revision_1_-_Drawing_Changes_6cbee960_p0015_m004.png,F:\Desktop\m\projects\kevision\CloudHammer\data\gpt_prelabel_broad_20260427\gpt_labels\Revision_1_-_Drawing_Changes_6cbee960_p0015_m004.txt,F:\Desktop\m\projects\kevision\CloudHammer\data\review_queues\broad_gpt_20260427_deduped\high_conf_positive\labels\Revision_1_-_Drawing_Changes_6cbee960_p0015_m004.txt,F:\Desktop\m\projects\kevision\CloudHammer\data\gpt_prelabel_broad_20260427\gpt_review\Revision_1_-_Drawing_Changes_6cbee960_p0015_m004.jpg,F:\Desktop\m\projects\kevision\CloudHammer\data\review_queues\broad_gpt_20260427_deduped\high_conf_positive\gpt_overlays\Revision_1_-_Drawing_Changes_6cbee960_p0015_m004.jpg,F:\Desktop\m\projects\kevision\revision_sets\Revision #1 - Drawing Changes\Revision #1 - Drawing Changes.pdf,15,,,,1,0.9800,bold,,
Revision_1_-_Drawing_Changes_6cbee960_p0015_m017,high_conf_positive,Revision #1 - Drawing Changes,target_marker_neighborhood,F:\Desktop\m\projects\kevision\CloudHammer\data\cloud_roi_images_broad_20260427\Revision_1_-_Drawing_Changes_6cbee960_p0015_m017.png,F:\Desktop\m\projects\kevision\CloudHammer\data\review_queues\broad_gpt_20260427_deduped\high_conf_positive\images\Revision_1_-_Drawing_Changes_6cbee960_p0015_m017.png,F:\Desktop\m\projects\kevision\CloudHammer\data\gpt_prelabel_broad_20260427\gpt_labels\Revision_1_-_Drawing_Changes_6cbee960_p0015_m017.txt,F:\Desktop\m\projects\kevision\CloudHammer\data\review_queues\broad_gpt_20260427_deduped\high_conf_positive\labels\Revision_1_-_Drawing_Changes_6cbee960_p0015_m017.txt,F:\Desktop\m\projects\kevision\CloudHammer\data\gpt_prelabel_broad_20260427\gpt_review\Revision_1_-_Drawing_Changes_6cbee960_p0015_m017.jpg,F:\Desktop\m\projects\kevision\CloudHammer\data\review_queues\broad_gpt_20260427_deduped\high_conf_positive\gpt_overlays\Revision_1_-_Drawing_Changes_6cbee960_p0015_m017.jpg,F:\Desktop\m\projects\kevision\revision_sets\Revision #1 - Drawing Changes\Revision #1 - Drawing Changes.pdf,15,,,,1,0.9800,bold,,
Revision_1_-_Drawing_Changes_6cbee960_p0038_m014,high_conf_positive,Revision #1 - Drawing Changes,target_marker_neighborhood,F:\Desktop\m\projects\kevision\CloudHammer\data\cloud_roi_images_broad_20260427\Revision_1_-_Drawing_Changes_6cbee960_p0038_m014.png,F:\Desktop\m\projects\kevision\CloudHammer\data\review_queues\broad_gpt_20260427_deduped\high_conf_positive\images\Revision_1_-_Drawing_Changes_6cbee960_p0038_m014.png,F:\Desktop\m\projects\kevision\CloudHammer\data\gpt_prelabel_broad_20260427\gpt_labels\Revision_1_-_Drawing_Changes_6cbee960_p0038_m014.txt,F:\Desktop\m\projects\kevision\CloudHammer\data\review_queues\broad_gpt_20260427_deduped\high_conf_positive\labels\Revision_1_-_Drawing_Changes_6cbee960_p0038_m014.txt,F:\Desktop\m\projects\kevision\CloudHammer\data\gpt_prelabel_broad_20260427\gpt_review\Revision_1_-_Drawing_Changes_6cbee960_p0038_m014.jpg,F:\Desktop\m\projects\kevision\CloudHammer\data\review_queues\broad_gpt_20260427_deduped\high_conf_positive\gpt_overlays\Revision_1_-_Drawing_Changes_6cbee960_p0038_m014.jpg,F:\Desktop\m\projects\kevision\revision_sets\Revision #1 - Drawing Changes\Revision #1 - Drawing Changes.pdf,38,,,,1,0.9800,bold,,
Revision_1_-_Drawing_Changes_6cbee960_p0042_m008,high_conf_positive,Revision #1 - Drawing Changes,target_marker_neighborhood,F:\Desktop\m\projects\kevision\CloudHammer\data\cloud_roi_images_broad_20260427\Revision_1_-_Drawing_Changes_6cbee960_p0042_m008.png,F:\Desktop\m\projects\kevision\CloudHammer\data\review_queues\broad_gpt_20260427_deduped\high_conf_positive\images\Revision_1_-_Drawing_Changes_6cbee960_p0042_m008.png,F:\Desktop\m\projects\kevision\CloudHammer\data\gpt_prelabel_broad_20260427\gpt_labels\Revision_1_-_Drawing_Changes_6cbee960_p0042_m008.txt,F:\Desktop\m\projects\kevision\CloudHammer\data\review_queues\broad_gpt_20260427_deduped\high_conf_positive\labels\Revision_1_-_Drawing_Changes_6cbee960_p0042_m008.txt,F:\Desktop\m\projects\kevision\CloudHammer\data\gpt_prelabel_broad_20260427\gpt_review\Revision_1_-_Drawing_Changes_6cbee960_p0042_m008.jpg,F:\Desktop\m\projects\kevision\CloudHammer\data\review_queues\broad_gpt_20260427_deduped\high_conf_positive\gpt_overlays\Revision_1_-_Drawing_Changes_6cbee960_p0042_m008.jpg,F:\Desktop\m\projects\kevision\revision_sets\Revision #1 - Drawing Changes\Revision #1 - Drawing Changes.pdf,42,,,,1,0.9800,bold,,
Revision_1_-_Drawing_Changes_6cbee960_p0045_m006,high_conf_positive,Revision #1 - Drawing Changes,target_marker_neighborhood,F:\Desktop\m\projects\kevision\CloudHammer\data\cloud_roi_images_broad_20260427\Revision_1_-_Drawing_Changes_6cbee960_p0045_m006.png,F:\Desktop\m\projects\kevision\CloudHammer\data\review_queues\broad_gpt_20260427_deduped\high_conf_positive\images\Revision_1_-_Drawing_Changes_6cbee960_p0045_m006.png,F:\Desktop\m\projects\kevision\CloudHammer\data\gpt_prelabel_broad_20260427\gpt_labels\Revision_1_-_Drawing_Changes_6cbee960_p0045_m006.txt,F:\Desktop\m\projects\kevision\CloudHammer\data\review_queues\broad_gpt_20260427_deduped\high_conf_positive\labels\Revision_1_-_Drawing_Changes_6cbee960_p0045_m006.txt,F:\Desktop\m\projects\kevision\CloudHammer\data\gpt_prelabel_broad_20260427\gpt_review\Revision_1_-_Drawing_Changes_6cbee960_p0045_m006.jpg,F:\Desktop\m\projects\kevision\CloudHammer\data\review_queues\broad_gpt_20260427_deduped\high_conf_positive\gpt_overlays\Revision_1_-_Drawing_Changes_6cbee960_p0045_m006.jpg,F:\Desktop\m\projects\kevision\revision_sets\Revision #1 - Drawing Changes\Revision #1 - Drawing Changes.pdf,45,,,,1,0.9800,bold,,
Revision_1_-_Drawing_Changes_6cbee960_p0045_m009,high_conf_positive,Revision #1 - Drawing Changes,target_marker_neighborhood,F:\Desktop\m\projects\kevision\CloudHammer\data\cloud_roi_images_broad_20260427\Revision_1_-_Drawing_Changes_6cbee960_p0045_m009.png,F:\Desktop\m\projects\kevision\CloudHammer\data\review_queues\broad_gpt_20260427_deduped\high_conf_positive\images\Revision_1_-_Drawing_Changes_6cbee960_p0045_m009.png,F:\Desktop\m\projects\kevision\CloudHammer\data\gpt_prelabel_broad_20260427\gpt_labels\Revision_1_-_Drawing_Changes_6cbee960_p0045_m009.txt,F:\Desktop\m\projects\kevision\CloudHammer\data\review_queues\broad_gpt_20260427_deduped\high_conf_positive\labels\Revision_1_-_Drawing_Changes_6cbee960_p0045_m009.txt,F:\Desktop\m\projects\kevision\CloudHammer\data\gpt_prelabel_broad_20260427\gpt_review\Revision_1_-_Drawing_Changes_6cbee960_p0045_m009.jpg,F:\Desktop\m\projects\kevision\CloudHammer\data\review_queues\broad_gpt_20260427_deduped\high_conf_positive\gpt_overlays\Revision_1_-_Drawing_Changes_6cbee960_p0045_m009.jpg,F:\Desktop\m\projects\kevision\revision_sets\Revision #1 - Drawing Changes\Revision #1 - Drawing Changes.pdf,45,,,,1,0.9800,bold,,
Revision_1_-_Drawing_Changes_6cbee960_p0046_m026,high_conf_positive,Revision #1 - Drawing Changes,target_marker_neighborhood,F:\Desktop\m\projects\kevision\CloudHammer\data\cloud_roi_images_broad_20260427\Revision_1_-_Drawing_Changes_6cbee960_p0046_m026.png,F:\Desktop\m\projects\kevision\CloudHammer\data\review_queues\broad_gpt_20260427_deduped\high_conf_positive\images\Revision_1_-_Drawing_Changes_6cbee960_p0046_m026.png,F:\Desktop\m\projects\kevision\CloudHammer\data\gpt_prelabel_broad_20260427\gpt_labels\Revision_1_-_Drawing_Changes_6cbee960_p0046_m026.txt,F:\Desktop\m\projects\kevision\CloudHammer\data\review_queues\broad_gpt_20260427_deduped\high_conf_positive\labels\Revision_1_-_Drawing_Changes_6cbee960_p0046_m026.txt,F:\Desktop\m\projects\kevision\CloudHammer\data\gpt_prelabel_broad_20260427\gpt_review\Revision_1_-_Drawing_Changes_6cbee960_p0046_m026.jpg,F:\Desktop\m\projects\kevision\CloudHammer\data\review_queues\broad_gpt_20260427_deduped\high_conf_positive\gpt_overlays\Revision_1_-_Drawing_Changes_6cbee960_p0046_m026.jpg,F:\Desktop\m\projects\kevision\revision_sets\Revision #1 - Drawing Changes\Revision #1 - Drawing Changes.pdf,46,,,,1,0.9800,bold,,
