random_crop_id,image_path,gpt_review_overlay,gpt_has_cloud,gpt_box_count,gpt_max_confidence,gpt_visual_types,human_quick_label,human_notes,sheet_id,sheet_title,page_number
260219_-_VA_Biloxi_Rev_4_Architectural_1_1fbe070b_p0000_random_0009,F:\Desktop\m\projects\kevision\CloudHammer\data\random_drawing_crops\images\260219_-_VA_Biloxi_Rev_4_Architectural_1_1fbe070b_p0000_random_0009.png,F:\Desktop\m\projects\kevision\CloudHammer\data\random_drawing_crops\gpt_review\260219_-_VA_Biloxi_Rev_4_Architectural_1_1fbe070b_p0000_random_0009.jpg,False,0,0,,,,AE102,2ND FLOOR PLAN - SHELL,1
260219_-_VA_Biloxi_Rev_4_Architectural_1_1fbe070b_p0000_random_0081,F:\Desktop\m\projects\kevision\CloudHammer\data\random_drawing_crops\images\260219_-_VA_Biloxi_Rev_4_Architectural_1_1fbe070b_p0000_random_0081.png,F:\Desktop\m\projects\kevision\CloudHammer\data\random_drawing_crops\gpt_review\260219_-_VA_Biloxi_Rev_4_Architectural_1_1fbe070b_p0000_random_0081.jpg,False,0,0,,,,AE102,2ND FLOOR PLAN - SHELL,1
260219_-_VA_Biloxi_Rev_4_Architectural_1_1fbe070b_p0000_random_0123,F:\Desktop\m\projects\kevision\CloudHammer\data\random_drawing_crops\images\260219_-_VA_Biloxi_Rev_4_Architectural_1_1fbe070b_p0000_random_0123.png,F:\Desktop\m\projects\kevision\CloudHammer\data\random_drawing_crops\gpt_review\260219_-_VA_Biloxi_Rev_4_Architectural_1_1fbe070b_p0000_random_0123.jpg,True,3,0.93,intersected;partial;thin,,,AE102,2ND FLOOR PLAN - SHELL,1
260219_-_VA_Biloxi_Rev_4_Architectural_1_1fbe070b_p0000_random_0171,F:\Desktop\m\projects\kevision\CloudHammer\data\random_drawing_crops\images\260219_-_VA_Biloxi_Rev_4_Architectural_1_1fbe070b_p0000_random_0171.png,F:\Desktop\m\projects\kevision\CloudHammer\data\random_drawing_crops\gpt_review\260219_-_VA_Biloxi_Rev_4_Architectural_1_1fbe070b_p0000_random_0171.jpg,False,0,0,,,,AE102,2ND FLOOR PLAN - SHELL,1
260219_-_VA_Biloxi_Rev_4_Architectural_1_1fbe070b_p0000_random_0195,F:\Desktop\m\projects\kevision\CloudHammer\data\random_drawing_crops\images\260219_-_VA_Biloxi_Rev_4_Architectural_1_1fbe070b_p0000_random_0195.png,F:\Desktop\m\projects\kevision\CloudHammer\data\random_drawing_crops\gpt_review\260219_-_VA_Biloxi_Rev_4_Architectural_1_1fbe070b_p0000_random_0195.jpg,False,0,0,,,,AE102,2ND FLOOR PLAN - SHELL,1
260219_-_VA_Biloxi_Rev_4_Plumbing_1_bed93137_p0000_random_0021,F:\Desktop\m\projects\kevision\CloudHammer\data\random_drawing_crops\images\260219_-_VA_Biloxi_Rev_4_Plumbing_1_bed93137_p0000_random_0021.png,F:\Desktop\m\projects\kevision\CloudHammer\data\random_drawing_crops\gpt_review\260219_-_VA_Biloxi_Rev_4_Plumbing_1_bed93137_p0000_random_0021.jpg,False,0,0,,,,PL302,EXISTING 1ST FLOOR - MED GAS,1
260219_-_VA_Biloxi_Rev_4_Plumbing_1_bed93137_p0000_random_0039,F:\Desktop\m\projects\kevision\CloudHammer\data\random_drawing_crops\images\260219_-_VA_Biloxi_Rev_4_Plumbing_1_bed93137_p0000_random_0039.png,F:\Desktop\m\projects\kevision\CloudHammer\data\random_drawing_crops\gpt_review\260219_-_VA_Biloxi_Rev_4_Plumbing_1_bed93137_p0000_random_0039.jpg,False,0,0,,,,PL302,EXISTING 1ST FLOOR - MED GAS,1
260219_-_VA_Biloxi_Rev_4_Plumbing_1_bed93137_p0000_random_0045,F:\Desktop\m\projects\kevision\CloudHammer\data\random_drawing_crops\images\260219_-_VA_Biloxi_Rev_4_Plumbing_1_bed93137_p0000_random_0045.png,F:\Desktop\m\projects\kevision\CloudHammer\data\random_drawing_crops\gpt_review\260219_-_VA_Biloxi_Rev_4_Plumbing_1_bed93137_p0000_random_0045.jpg,False,0,0,,,,PL302,EXISTING 1ST FLOOR - MED GAS,1
260219_-_VA_Biloxi_Rev_4_Plumbing_1_bed93137_p0000_random_0063,F:\Desktop\m\projects\kevision\CloudHammer\data\random_drawing_crops\images\260219_-_VA_Biloxi_Rev_4_Plumbing_1_bed93137_p0000_random_0063.png,F:\Desktop\m\projects\kevision\CloudHammer\data\random_drawing_crops\gpt_review\260219_-_VA_Biloxi_Rev_4_Plumbing_1_bed93137_p0000_random_0063.jpg,False,0,0,,,,PL302,EXISTING 1ST FLOOR - MED GAS,1
260219_-_VA_Biloxi_Rev_4_Plumbing_1_bed93137_p0000_random_0099,F:\Desktop\m\projects\kevision\CloudHammer\data\random_drawing_crops\images\260219_-_VA_Biloxi_Rev_4_Plumbing_1_bed93137_p0000_random_0099.png,F:\Desktop\m\projects\kevision\CloudHammer\data\random_drawing_crops\gpt_review\260219_-_VA_Biloxi_Rev_4_Plumbing_1_bed93137_p0000_random_0099.jpg,False,0,0,,,,PL302,EXISTING 1ST FLOOR - MED GAS,1
260219_-_VA_Biloxi_Rev_4_Plumbing_1_bed93137_p0000_random_0117,F:\Desktop\m\projects\kevision\CloudHammer\data\random_drawing_crops\images\260219_-_VA_Biloxi_Rev_4_Plumbing_1_bed93137_p0000_random_0117.png,F:\Desktop\m\projects\kevision\CloudHammer\data\random_drawing_crops\gpt_review\260219_-_VA_Biloxi_Rev_4_Plumbing_1_bed93137_p0000_random_0117.jpg,False,0,0,,,,PL302,EXISTING 1ST FLOOR - MED GAS,1
260219_-_VA_Biloxi_Rev_4_Plumbing_1_bed93137_p0000_random_0165,F:\Desktop\m\projects\kevision\CloudHammer\data\random_drawing_crops\images\260219_-_VA_Biloxi_Rev_4_Plumbing_1_bed93137_p0000_random_0165.png,F:\Desktop\m\projects\kevision\CloudHammer\data\random_drawing_crops\gpt_review\260219_-_VA_Biloxi_Rev_4_Plumbing_1_bed93137_p0000_random_0165.jpg,False,0,0,,,,PL302,EXISTING 1ST FLOOR - MED GAS,1
260219_-_VA_Biloxi_Rev_4_Plumbing_1_bed93137_p0000_random_0183,F:\Desktop\m\projects\kevision\CloudHammer\data\random_drawing_crops\images\260219_-_VA_Biloxi_Rev_4_Plumbing_1_bed93137_p0000_random_0183.png,F:\Desktop\m\projects\kevision\CloudHammer\data\random_drawing_crops\gpt_review\260219_-_VA_Biloxi_Rev_4_Plumbing_1_bed93137_p0000_random_0183.jpg,False,0,0,,,,PL302,EXISTING 1ST FLOOR - MED GAS,1
260219_-_VA_Biloxi_Rev_4_Plumbing_1_bed93137_p0001_random_0003,F:\Desktop\m\projects\kevision\CloudHammer\data\random_drawing_crops\images\260219_-_VA_Biloxi_Rev_4_Plumbing_1_bed93137_p0001_random_0003.png,F:\Desktop\m\projects\kevision\CloudHammer\data\random_drawing_crops\gpt_review\260219_-_VA_Biloxi_Rev_4_Plumbing_1_bed93137_p0001_random_0003.jpg,False,0,0,,,,PL305,4TH FLOOR - MED GAS,2
260219_-_VA_Biloxi_Rev_4_Plumbing_1_bed93137_p0001_random_0087,F:\Desktop\m\projects\kevision\CloudHammer\data\random_drawing_crops\images\260219_-_VA_Biloxi_Rev_4_Plumbing_1_bed93137_p0001_random_0087.png,F:\Desktop\m\projects\kevision\CloudHammer\data\random_drawing_crops\gpt_review\260219_-_VA_Biloxi_Rev_4_Plumbing_1_bed93137_p0001_random_0087.jpg,False,0,0,,,,PL305,4TH FLOOR - MED GAS,2
260219_-_VA_Biloxi_Rev_4_Plumbing_1_bed93137_p0001_random_0093,F:\Desktop\m\projects\kevision\CloudHammer\data\random_drawing_crops\images\260219_-_VA_Biloxi_Rev_4_Plumbing_1_bed93137_p0001_random_0093.png,F:\Desktop\m\projects\kevision\CloudHammer\data\random_drawing_crops\gpt_review\260219_-_VA_Biloxi_Rev_4_Plumbing_1_bed93137_p0001_random_0093.jpg,False,0,0,,,,PL305,4TH FLOOR - MED GAS,2
260219_-_VA_Biloxi_Rev_4_Plumbing_1_bed93137_p0001_random_0111,F:\Desktop\m\projects\kevision\CloudHammer\data\random_drawing_crops\images\260219_-_VA_Biloxi_Rev_4_Plumbing_1_bed93137_p0001_random_0111.png,F:\Desktop\m\projects\kevision\CloudHammer\data\random_drawing_crops\gpt_review\260219_-_VA_Biloxi_Rev_4_Plumbing_1_bed93137_p0001_random_0111.jpg,False,0,0,,,,PL305,4TH FLOOR - MED GAS,2
260219_-_VA_Biloxi_Rev_4_Plumbing_1_bed93137_p0001_random_0129,F:\Desktop\m\projects\kevision\CloudHammer\data\random_drawing_crops\images\260219_-_VA_Biloxi_Rev_4_Plumbing_1_bed93137_p0001_random_0129.png,F:\Desktop\m\projects\kevision\CloudHammer\data\random_drawing_crops\gpt_review\260219_-_VA_Biloxi_Rev_4_Plumbing_1_bed93137_p0001_random_0129.jpg,False,0,0,,,,PL305,4TH FLOOR - MED GAS,2
260219_-_VA_Biloxi_Rev_4_Plumbing_1_bed93137_p0001_random_0153,F:\Desktop\m\projects\kevision\CloudHammer\data\random_drawing_crops\images\260219_-_VA_Biloxi_Rev_4_Plumbing_1_bed93137_p0001_random_0153.png,F:\Desktop\m\projects\kevision\CloudHammer\data\random_drawing_crops\gpt_review\260219_-_VA_Biloxi_Rev_4_Plumbing_1_bed93137_p0001_random_0153.jpg,False,0,0,,,,PL305,4TH FLOOR - MED GAS,2
260219_-_VA_Biloxi_Rev_4_Plumbing_1_bed93137_p0001_random_0177,F:\Desktop\m\projects\kevision\CloudHammer\data\random_drawing_crops\images\260219_-_VA_Biloxi_Rev_4_Plumbing_1_bed93137_p0001_random_0177.png,F:\Desktop\m\projects\kevision\CloudHammer\data\random_drawing_crops\gpt_review\260219_-_VA_Biloxi_Rev_4_Plumbing_1_bed93137_p0001_random_0177.jpg,False,0,0,,,,PL305,4TH FLOOR - MED GAS,2
260219_-_VA_Biloxi_Rev_4_Plumbing_1_bed93137_p0001_random_0189,F:\Desktop\m\projects\kevision\CloudHammer\data\random_drawing_crops\images\260219_-_VA_Biloxi_Rev_4_Plumbing_1_bed93137_p0001_random_0189.png,F:\Desktop\m\projects\kevision\CloudHammer\data\random_drawing_crops\gpt_review\260219_-_VA_Biloxi_Rev_4_Plumbing_1_bed93137_p0001_random_0189.jpg,False,0,0,,,,PL305,4TH FLOOR - MED GAS,2
260219_-_VA_Biloxi_Rev_4_Plumbing_1_bed93137_p0002_random_0015,F:\Desktop\m\projects\kevision\CloudHammer\data\random_drawing_crops\images\260219_-_VA_Biloxi_Rev_4_Plumbing_1_bed93137_p0002_random_0015.png,F:\Desktop\m\projects\kevision\CloudHammer\data\random_drawing_crops\gpt_review\260219_-_VA_Biloxi_Rev_4_Plumbing_1_bed93137_p0002_random_0015.jpg,False,0,0,,,,PL306,5TH FLOOR - MED GAS,3
260219_-_VA_Biloxi_Rev_4_Plumbing_1_bed93137_p0002_random_0135,F:\Desktop\m\projects\kevision\CloudHammer\data\random_drawing_crops\images\260219_-_VA_Biloxi_Rev_4_Plumbing_1_bed93137_p0002_random_0135.png,F:\Desktop\m\projects\kevision\CloudHammer\data\random_drawing_crops\gpt_review\260219_-_VA_Biloxi_Rev_4_Plumbing_1_bed93137_p0002_random_0135.jpg,False,0,0,,,,PL306,5TH FLOOR - MED GAS,3
260219_-_VA_Biloxi_Rev_4_Plumbing_1_bed93137_p0003_random_0069,F:\Desktop\m\projects\kevision\CloudHammer\data\random_drawing_crops\images\260219_-_VA_Biloxi_Rev_4_Plumbing_1_bed93137_p0003_random_0069.png,F:\Desktop\m\projects\kevision\CloudHammer\data\random_drawing_crops\gpt_review\260219_-_VA_Biloxi_Rev_4_Plumbing_1_bed93137_p0003_random_0069.jpg,False,0,0,,,,PL307,ATTIC - MED GAS,4
260219_-_VA_Biloxi_Rev_4_Plumbing_1_bed93137_p0003_random_0147,F:\Desktop\m\projects\kevision\CloudHammer\data\random_drawing_crops\images\260219_-_VA_Biloxi_Rev_4_Plumbing_1_bed93137_p0003_random_0147.png,F:\Desktop\m\projects\kevision\CloudHammer\data\random_drawing_crops\gpt_review\260219_-_VA_Biloxi_Rev_4_Plumbing_1_bed93137_p0003_random_0147.jpg,False,0,0,,,,PL307,ATTIC - MED GAS,4
260219_-_VA_Biloxi_Rev_4_Plumbing_1_bed93137_p0004_random_0027,F:\Desktop\m\projects\kevision\CloudHammer\data\random_drawing_crops\images\260219_-_VA_Biloxi_Rev_4_Plumbing_1_bed93137_p0004_random_0027.png,F:\Desktop\m\projects\kevision\CloudHammer\data\random_drawing_crops\gpt_review\260219_-_VA_Biloxi_Rev_4_Plumbing_1_bed93137_p0004_random_0027.jpg,False,0,0,,,,PL507,OVERALL MED GAS RISER,5
260219_-_VA_Biloxi_Rev_4_Plumbing_1_bed93137_p0004_random_0033,F:\Desktop\m\projects\kevision\CloudHammer\data\random_drawing_crops\images\260219_-_VA_Biloxi_Rev_4_Plumbing_1_bed93137_p0004_random_0033.png,F:\Desktop\m\projects\kevision\CloudHammer\data\random_drawing_crops\gpt_review\260219_-_VA_Biloxi_Rev_4_Plumbing_1_bed93137_p0004_random_0033.jpg,False,0,0,,,,PL507,OVERALL MED GAS RISER,5
260219_-_VA_Biloxi_Rev_4_Plumbing_1_bed93137_p0004_random_0051,F:\Desktop\m\projects\kevision\CloudHammer\data\random_drawing_crops\images\260219_-_VA_Biloxi_Rev_4_Plumbing_1_bed93137_p0004_random_0051.png,F:\Desktop\m\projects\kevision\CloudHammer\data\random_drawing_crops\gpt_review\260219_-_VA_Biloxi_Rev_4_Plumbing_1_bed93137_p0004_random_0051.jpg,False,0,0,,,,PL507,OVERALL MED GAS RISER,5
260219_-_VA_Biloxi_Rev_4_Plumbing_1_bed93137_p0004_random_0057,F:\Desktop\m\projects\kevision\CloudHammer\data\random_drawing_crops\images\260219_-_VA_Biloxi_Rev_4_Plumbing_1_bed93137_p0004_random_0057.png,F:\Desktop\m\projects\kevision\CloudHammer\data\random_drawing_crops\gpt_review\260219_-_VA_Biloxi_Rev_4_Plumbing_1_bed93137_p0004_random_0057.jpg,False,0,0,,,,PL507,OVERALL MED GAS RISER,5
260219_-_VA_Biloxi_Rev_4_Plumbing_1_bed93137_p0004_random_0075,F:\Desktop\m\projects\kevision\CloudHammer\data\random_drawing_crops\images\260219_-_VA_Biloxi_Rev_4_Plumbing_1_bed93137_p0004_random_0075.png,F:\Desktop\m\projects\kevision\CloudHammer\data\random_drawing_crops\gpt_review\260219_-_VA_Biloxi_Rev_4_Plumbing_1_bed93137_p0004_random_0075.jpg,True,2,0.95,partial,,,PL507,OVERALL MED GAS RISER,5
260219_-_VA_Biloxi_Rev_4_Plumbing_1_bed93137_p0004_random_0105,F:\Desktop\m\projects\kevision\CloudHammer\data\random_drawing_crops\images\260219_-_VA_Biloxi_Rev_4_Plumbing_1_bed93137_p0004_random_0105.png,F:\Desktop\m\projects\kevision\CloudHammer\data\random_drawing_crops\gpt_review\260219_-_VA_Biloxi_Rev_4_Plumbing_1_bed93137_p0004_random_0105.jpg,False,0,0,,,,PL507,OVERALL MED GAS RISER,5
260219_-_VA_Biloxi_Rev_4_Plumbing_1_bed93137_p0004_random_0141,F:\Desktop\m\projects\kevision\CloudHammer\data\random_drawing_crops\images\260219_-_VA_Biloxi_Rev_4_Plumbing_1_bed93137_p0004_random_0141.png,F:\Desktop\m\projects\kevision\CloudHammer\data\random_drawing_crops\gpt_review\260219_-_VA_Biloxi_Rev_4_Plumbing_1_bed93137_p0004_random_0141.jpg,False,0,0,,,,PL507,OVERALL MED GAS RISER,5
260219_-_VA_Biloxi_Rev_4_Plumbing_1_bed93137_p0004_random_0159,F:\Desktop\m\projects\kevision\CloudHammer\data\random_drawing_crops\images\260219_-_VA_Biloxi_Rev_4_Plumbing_1_bed93137_p0004_random_0159.png,F:\Desktop\m\projects\kevision\CloudHammer\data\random_drawing_crops\gpt_review\260219_-_VA_Biloxi_Rev_4_Plumbing_1_bed93137_p0004_random_0159.jpg,False,0,0,,,,PL507,OVERALL MED GAS RISER,5
260303-VA_Biloxi_Rev_5_RFI-126_56f520d9_p0000_random_0024,F:\Desktop\m\projects\kevision\CloudHammer\data\random_drawing_crops\images\260303-VA_Biloxi_Rev_5_RFI-126_56f520d9_p0000_random_0024.png,F:\Desktop\m\projects\kevision\CloudHammer\data\random_drawing_crops\gpt_review\260303-VA_Biloxi_Rev_5_RFI-126_56f520d9_p0000_random_0024.jpg,False,0,0,,,,S160,a. Add plan location for Photo 4-11.,1
260303-VA_Biloxi_Rev_5_RFI-126_56f520d9_p0000_random_0144,F:\Desktop\m\projects\kevision\CloudHammer\data\random_drawing_crops\images\260303-VA_Biloxi_Rev_5_RFI-126_56f520d9_p0000_random_0144.png,F:\Desktop\m\projects\kevision\CloudHammer\data\random_drawing_crops\gpt_review\260303-VA_Biloxi_Rev_5_RFI-126_56f520d9_p0000_random_0144.jpg,False,0,0,,,,S160,a. Add plan location for Photo 4-11.,1
260303-VA_Biloxi_Rev_5_RFI-126_56f520d9_p0000_random_0150,F:\Desktop\m\projects\kevision\CloudHammer\data\random_drawing_crops\images\260303-VA_Biloxi_Rev_5_RFI-126_56f520d9_p0000_random_0150.png,F:\Desktop\m\projects\kevision\CloudHammer\data\random_drawing_crops\gpt_review\260303-VA_Biloxi_Rev_5_RFI-126_56f520d9_p0000_random_0150.jpg,False,0,0,,,,S160,a. Add plan location for Photo 4-11.,1
260303-VA_Biloxi_Rev_5_RFI-126_56f520d9_p0001_random_0072,F:\Desktop\m\projects\kevision\CloudHammer\data\random_drawing_crops\images\260303-VA_Biloxi_Rev_5_RFI-126_56f520d9_p0001_random_0072.png,F:\Desktop\m\projects\kevision\CloudHammer\data\random_drawing_crops\gpt_review\260303-VA_Biloxi_Rev_5_RFI-126_56f520d9_p0001_random_0072.jpg,False,0,0,,,,AE102,2ND FLOOR PLAN - SHELL,2
260303-VA_Biloxi_Rev_5_RFI-126_56f520d9_p0001_random_0162,F:\Desktop\m\projects\kevision\CloudHammer\data\random_drawing_crops\images\260303-VA_Biloxi_Rev_5_RFI-126_56f520d9_p0001_random_0162.png,F:\Desktop\m\projects\kevision\CloudHammer\data\random_drawing_crops\gpt_review\260303-VA_Biloxi_Rev_5_RFI-126_56f520d9_p0001_random_0162.jpg,False,0,0,,,,AE102,2ND FLOOR PLAN - SHELL,2
260303-VA_Biloxi_Rev_5_RFI-126_56f520d9_p0001_random_0168,F:\Desktop\m\projects\kevision\CloudHammer\data\random_drawing_crops\images\260303-VA_Biloxi_Rev_5_RFI-126_56f520d9_p0001_random_0168.png,F:\Desktop\m\projects\kevision\CloudHammer\data\random_drawing_crops\gpt_review\260303-VA_Biloxi_Rev_5_RFI-126_56f520d9_p0001_random_0168.jpg,False,0,0,,,,AE102,2ND FLOOR PLAN - SHELL,2
260303-VA_Biloxi_Rev_5_RFI-126_56f520d9_p0001_random_0174,F:\Desktop\m\projects\kevision\CloudHammer\data\random_drawing_crops\images\260303-VA_Biloxi_Rev_5_RFI-126_56f520d9_p0001_random_0174.png,F:\Desktop\m\projects\kevision\CloudHammer\data\random_drawing_crops\gpt_review\260303-VA_Biloxi_Rev_5_RFI-126_56f520d9_p0001_random_0174.jpg,False,0,0,,,,AE102,2ND FLOOR PLAN - SHELL,2
260303-VA_Biloxi_Rev_5_RFI-126_56f520d9_p0001_random_0186,F:\Desktop\m\projects\kevision\CloudHammer\data\random_drawing_crops\images\260303-VA_Biloxi_Rev_5_RFI-126_56f520d9_p0001_random_0186.png,F:\Desktop\m\projects\kevision\CloudHammer\data\random_drawing_crops\gpt_review\260303-VA_Biloxi_Rev_5_RFI-126_56f520d9_p0001_random_0186.jpg,False,0,0,,,,AE102,2ND FLOOR PLAN - SHELL,2
260303-VA_Biloxi_Rev_5_RFI-126_56f520d9_p0002_random_0048,F:\Desktop\m\projects\kevision\CloudHammer\data\random_drawing_crops\images\260303-VA_Biloxi_Rev_5_RFI-126_56f520d9_p0002_random_0048.png,F:\Desktop\m\projects\kevision\CloudHammer\data\random_drawing_crops\gpt_review\260303-VA_Biloxi_Rev_5_RFI-126_56f520d9_p0002_random_0048.jpg,True,1,0.98,partial,,,C10,"PLATE 5/16""X4""X0'-6""",3
260303-VA_Biloxi_Rev_5_RFI-126_56f520d9_p0002_random_0078,F:\Desktop\m\projects\kevision\CloudHammer\data\random_drawing_crops\images\260303-VA_Biloxi_Rev_5_RFI-126_56f520d9_p0002_random_0078.png,F:\Desktop\m\projects\kevision\CloudHammer\data\random_drawing_crops\gpt_review\260303-VA_Biloxi_Rev_5_RFI-126_56f520d9_p0002_random_0078.jpg,True,1,0.97,partial,,,C10,"PLATE 5/16""X4""X0'-6""",3
260303-VA_Biloxi_Rev_5_RFI-126_56f520d9_p0002_random_0096,F:\Desktop\m\projects\kevision\CloudHammer\data\random_drawing_crops\images\260303-VA_Biloxi_Rev_5_RFI-126_56f520d9_p0002_random_0096.png,F:\Desktop\m\projects\kevision\CloudHammer\data\random_drawing_crops\gpt_review\260303-VA_Biloxi_Rev_5_RFI-126_56f520d9_p0002_random_0096.jpg,False,0,0,,,,C10,"PLATE 5/16""X4""X0'-6""",3
260303-VA_Biloxi_Rev_5_RFI-126_56f520d9_p0002_random_0120,F:\Desktop\m\projects\kevision\CloudHammer\data\random_drawing_crops\images\260303-VA_Biloxi_Rev_5_RFI-126_56f520d9_p0002_random_0120.png,F:\Desktop\m\projects\kevision\CloudHammer\data\random_drawing_crops\gpt_review\260303-VA_Biloxi_Rev_5_RFI-126_56f520d9_p0002_random_0120.jpg,False,0,0,,,,C10,"PLATE 5/16""X4""X0'-6""",3
260303-VA_Biloxi_Rev_5_RFI-126_56f520d9_p0003_random_0006,F:\Desktop\m\projects\kevision\CloudHammer\data\random_drawing_crops\images\260303-VA_Biloxi_Rev_5_RFI-126_56f520d9_p0003_random_0006.png,F:\Desktop\m\projects\kevision\CloudHammer\data\random_drawing_crops\gpt_review\260303-VA_Biloxi_Rev_5_RFI-126_56f520d9_p0003_random_0006.jpg,False,0,0,,,,S160,"AEMS, PLLC",4
260303-VA_Biloxi_Rev_5_RFI-126_56f520d9_p0003_random_0036,F:\Desktop\m\projects\kevision\CloudHammer\data\random_drawing_crops\images\260303-VA_Biloxi_Rev_5_RFI-126_56f520d9_p0003_random_0036.png,F:\Desktop\m\projects\kevision\CloudHammer\data\random_drawing_crops\gpt_review\260303-VA_Biloxi_Rev_5_RFI-126_56f520d9_p0003_random_0036.jpg,False,0,0,,,,S160,"AEMS, PLLC",4
260303-VA_Biloxi_Rev_5_RFI-126_56f520d9_p0003_random_0084,F:\Desktop\m\projects\kevision\CloudHammer\data\random_drawing_crops\images\260303-VA_Biloxi_Rev_5_RFI-126_56f520d9_p0003_random_0084.png,F:\Desktop\m\projects\kevision\CloudHammer\data\random_drawing_crops\gpt_review\260303-VA_Biloxi_Rev_5_RFI-126_56f520d9_p0003_random_0084.jpg,False,0,0,,,,S160,"AEMS, PLLC",4
260303-VA_Biloxi_Rev_5_RFI-126_56f520d9_p0003_random_0102,F:\Desktop\m\projects\kevision\CloudHammer\data\random_drawing_crops\images\260303-VA_Biloxi_Rev_5_RFI-126_56f520d9_p0003_random_0102.png,F:\Desktop\m\projects\kevision\CloudHammer\data\random_drawing_crops\gpt_review\260303-VA_Biloxi_Rev_5_RFI-126_56f520d9_p0003_random_0102.jpg,False,0,0,,,,S160,"AEMS, PLLC",4
260303-VA_Biloxi_Rev_5_RFI-126_56f520d9_p0003_random_0108,F:\Desktop\m\projects\kevision\CloudHammer\data\random_drawing_crops\images\260303-VA_Biloxi_Rev_5_RFI-126_56f520d9_p0003_random_0108.png,F:\Desktop\m\projects\kevision\CloudHammer\data\random_drawing_crops\gpt_review\260303-VA_Biloxi_Rev_5_RFI-126_56f520d9_p0003_random_0108.jpg,False,0,0,,,,S160,"AEMS, PLLC",4
260303-VA_Biloxi_Rev_5_RFI-126_56f520d9_p0003_random_0192,F:\Desktop\m\projects\kevision\CloudHammer\data\random_drawing_crops\images\260303-VA_Biloxi_Rev_5_RFI-126_56f520d9_p0003_random_0192.png,F:\Desktop\m\projects\kevision\CloudHammer\data\random_drawing_crops\gpt_review\260303-VA_Biloxi_Rev_5_RFI-126_56f520d9_p0003_random_0192.jpg,False,0,0,,,,S160,"AEMS, PLLC",4
260303-VA_Biloxi_Rev_5_RFI-126_56f520d9_p0004_random_0012,F:\Desktop\m\projects\kevision\CloudHammer\data\random_drawing_crops\images\260303-VA_Biloxi_Rev_5_RFI-126_56f520d9_p0004_random_0012.png,F:\Desktop\m\projects\kevision\CloudHammer\data\random_drawing_crops\gpt_review\260303-VA_Biloxi_Rev_5_RFI-126_56f520d9_p0004_random_0012.jpg,True,1,0.98,partial,,,S140,"(E) BRACE FRAME, STITCH WELD CHANNEL TO TOP TUBE OF FRAME WITH BEVEL",5
260303-VA_Biloxi_Rev_5_RFI-126_56f520d9_p0004_random_0018,F:\Desktop\m\projects\kevision\CloudHammer\data\random_drawing_crops\images\260303-VA_Biloxi_Rev_5_RFI-126_56f520d9_p0004_random_0018.png,F:\Desktop\m\projects\kevision\CloudHammer\data\random_drawing_crops\gpt_review\260303-VA_Biloxi_Rev_5_RFI-126_56f520d9_p0004_random_0018.jpg,False,0,0,,,,S140,"(E) BRACE FRAME, STITCH WELD CHANNEL TO TOP TUBE OF FRAME WITH BEVEL",5
260303-VA_Biloxi_Rev_5_RFI-126_56f520d9_p0004_random_0066,F:\Desktop\m\projects\kevision\CloudHammer\data\random_drawing_crops\images\260303-VA_Biloxi_Rev_5_RFI-126_56f520d9_p0004_random_0066.png,F:\Desktop\m\projects\kevision\CloudHammer\data\random_drawing_crops\gpt_review\260303-VA_Biloxi_Rev_5_RFI-126_56f520d9_p0004_random_0066.jpg,True,1,0.98,partial,,,S140,"(E) BRACE FRAME, STITCH WELD CHANNEL TO TOP TUBE OF FRAME WITH BEVEL",5
260303-VA_Biloxi_Rev_5_RFI-126_56f520d9_p0004_random_0114,F:\Desktop\m\projects\kevision\CloudHammer\data\random_drawing_crops\images\260303-VA_Biloxi_Rev_5_RFI-126_56f520d9_p0004_random_0114.png,F:\Desktop\m\projects\kevision\CloudHammer\data\random_drawing_crops\gpt_review\260303-VA_Biloxi_Rev_5_RFI-126_56f520d9_p0004_random_0114.jpg,False,0,0,,,,S140,"(E) BRACE FRAME, STITCH WELD CHANNEL TO TOP TUBE OF FRAME WITH BEVEL",5
260303-VA_Biloxi_Rev_5_RFI-126_56f520d9_p0004_random_0132,F:\Desktop\m\projects\kevision\CloudHammer\data\random_drawing_crops\images\260303-VA_Biloxi_Rev_5_RFI-126_56f520d9_p0004_random_0132.png,F:\Desktop\m\projects\kevision\CloudHammer\data\random_drawing_crops\gpt_review\260303-VA_Biloxi_Rev_5_RFI-126_56f520d9_p0004_random_0132.jpg,False,0,0,,,,S140,"(E) BRACE FRAME, STITCH WELD CHANNEL TO TOP TUBE OF FRAME WITH BEVEL",5
260303-VA_Biloxi_Rev_5_RFI-126_56f520d9_p0004_random_0138,F:\Desktop\m\projects\kevision\CloudHammer\data\random_drawing_crops\images\260303-VA_Biloxi_Rev_5_RFI-126_56f520d9_p0004_random_0138.png,F:\Desktop\m\projects\kevision\CloudHammer\data\random_drawing_crops\gpt_review\260303-VA_Biloxi_Rev_5_RFI-126_56f520d9_p0004_random_0138.jpg,False,0,0,,,,S140,"(E) BRACE FRAME, STITCH WELD CHANNEL TO TOP TUBE OF FRAME WITH BEVEL",5
260303-VA_Biloxi_Rev_5_RFI-126_56f520d9_p0004_random_0198,F:\Desktop\m\projects\kevision\CloudHammer\data\random_drawing_crops\images\260303-VA_Biloxi_Rev_5_RFI-126_56f520d9_p0004_random_0198.png,F:\Desktop\m\projects\kevision\CloudHammer\data\random_drawing_crops\gpt_review\260303-VA_Biloxi_Rev_5_RFI-126_56f520d9_p0004_random_0198.jpg,False,0,0,,,,S140,"(E) BRACE FRAME, STITCH WELD CHANNEL TO TOP TUBE OF FRAME WITH BEVEL",5
260303-VA_Biloxi_Rev_5_RFI-126_56f520d9_p0005_random_0060,F:\Desktop\m\projects\kevision\CloudHammer\data\random_drawing_crops\images\260303-VA_Biloxi_Rev_5_RFI-126_56f520d9_p0005_random_0060.png,F:\Desktop\m\projects\kevision\CloudHammer\data\random_drawing_crops\gpt_review\260303-VA_Biloxi_Rev_5_RFI-126_56f520d9_p0005_random_0060.jpg,False,0,0,,,,S142,Project Number,6
260303-VA_Biloxi_Rev_5_RFI-126_56f520d9_p0005_random_0156,F:\Desktop\m\projects\kevision\CloudHammer\data\random_drawing_crops\images\260303-VA_Biloxi_Rev_5_RFI-126_56f520d9_p0005_random_0156.png,F:\Desktop\m\projects\kevision\CloudHammer\data\random_drawing_crops\gpt_review\260303-VA_Biloxi_Rev_5_RFI-126_56f520d9_p0005_random_0156.jpg,False,0,0,,,,S142,Project Number,6
260303-VA_Biloxi_Rev_5_RFI-126_56f520d9_p0006_random_0030,F:\Desktop\m\projects\kevision\CloudHammer\data\random_drawing_crops\images\260303-VA_Biloxi_Rev_5_RFI-126_56f520d9_p0006_random_0030.png,F:\Desktop\m\projects\kevision\CloudHammer\data\random_drawing_crops\gpt_review\260303-VA_Biloxi_Rev_5_RFI-126_56f520d9_p0006_random_0030.jpg,False,0,0,,,,S142,NOTE:,7
260303-VA_Biloxi_Rev_5_RFI-126_56f520d9_p0006_random_0054,F:\Desktop\m\projects\kevision\CloudHammer\data\random_drawing_crops\images\260303-VA_Biloxi_Rev_5_RFI-126_56f520d9_p0006_random_0054.png,F:\Desktop\m\projects\kevision\CloudHammer\data\random_drawing_crops\gpt_review\260303-VA_Biloxi_Rev_5_RFI-126_56f520d9_p0006_random_0054.jpg,False,0,0,,,,S142,NOTE:,7
260303-VA_Biloxi_Rev_5_RFI-126_56f520d9_p0006_random_0090,F:\Desktop\m\projects\kevision\CloudHammer\data\random_drawing_crops\images\260303-VA_Biloxi_Rev_5_RFI-126_56f520d9_p0006_random_0090.png,F:\Desktop\m\projects\kevision\CloudHammer\data\random_drawing_crops\gpt_review\260303-VA_Biloxi_Rev_5_RFI-126_56f520d9_p0006_random_0090.jpg,False,0,0,,,,S142,NOTE:,7
260303-VA_Biloxi_Rev_5_RFI-126_56f520d9_p0006_random_0180,F:\Desktop\m\projects\kevision\CloudHammer\data\random_drawing_crops\images\260303-VA_Biloxi_Rev_5_RFI-126_56f520d9_p0006_random_0180.png,F:\Desktop\m\projects\kevision\CloudHammer\data\random_drawing_crops\gpt_review\260303-VA_Biloxi_Rev_5_RFI-126_56f520d9_p0006_random_0180.jpg,False,0,0,,,,S142,NOTE:,7
260303-VA_Biloxi_Rev_5_RFI-126_56f520d9_p0007_random_0042,F:\Desktop\m\projects\kevision\CloudHammer\data\random_drawing_crops\images\260303-VA_Biloxi_Rev_5_RFI-126_56f520d9_p0007_random_0042.png,F:\Desktop\m\projects\kevision\CloudHammer\data\random_drawing_crops\gpt_review\260303-VA_Biloxi_Rev_5_RFI-126_56f520d9_p0007_random_0042.jpg,False,0,0,,,,S140,PHOTO A-9,8
260303-VA_Biloxi_Rev_5_RFI-126_56f520d9_p0007_random_0126,F:\Desktop\m\projects\kevision\CloudHammer\data\random_drawing_crops\images\260303-VA_Biloxi_Rev_5_RFI-126_56f520d9_p0007_random_0126.png,F:\Desktop\m\projects\kevision\CloudHammer\data\random_drawing_crops\gpt_review\260303-VA_Biloxi_Rev_5_RFI-126_56f520d9_p0007_random_0126.jpg,False,0,0,,,,S140,PHOTO A-9,8
260309_-_Drawing_Rev2-_Steel_Grab_Bars_75d983f3_p0000_random_0004,F:\Desktop\m\projects\kevision\CloudHammer\data\random_drawing_crops\images\260309_-_Drawing_Rev2-_Steel_Grab_Bars_75d983f3_p0000_random_0004.png,F:\Desktop\m\projects\kevision\CloudHammer\data\random_drawing_crops\gpt_review\260309_-_Drawing_Rev2-_Steel_Grab_Bars_75d983f3_p0000_random_0004.jpg,False,0,0,,,,AE108.2,patient room corridor wall per response to RFI 110.,1
260309_-_Drawing_Rev2-_Steel_Grab_Bars_75d983f3_p0000_random_0082,F:\Desktop\m\projects\kevision\CloudHammer\data\random_drawing_crops\images\260309_-_Drawing_Rev2-_Steel_Grab_Bars_75d983f3_p0000_random_0082.png,F:\Desktop\m\projects\kevision\CloudHammer\data\random_drawing_crops\gpt_review\260309_-_Drawing_Rev2-_Steel_Grab_Bars_75d983f3_p0000_random_0082.jpg,False,0,0,,,,AE108.2,patient room corridor wall per response to RFI 110.,1
260309_-_Drawing_Rev2-_Steel_Grab_Bars_75d983f3_p0002_random_0058,F:\Desktop\m\projects\kevision\CloudHammer\data\random_drawing_crops\images\260309_-_Drawing_Rev2-_Steel_Grab_Bars_75d983f3_p0002_random_0058.png,F:\Desktop\m\projects\kevision\CloudHammer\data\random_drawing_crops\gpt_review\260309_-_Drawing_Rev2-_Steel_Grab_Bars_75d983f3_p0002_random_0058.jpg,False,0,0,,,,PL508,ATTACHMENTS: Itemized above.,3
260309_-_Drawing_Rev2-_Steel_Grab_Bars_75d983f3_p0002_random_0094,F:\Desktop\m\projects\kevision\CloudHammer\data\random_drawing_crops\images\260309_-_Drawing_Rev2-_Steel_Grab_Bars_75d983f3_p0002_random_0094.png,F:\Desktop\m\projects\kevision\CloudHammer\data\random_drawing_crops\gpt_review\260309_-_Drawing_Rev2-_Steel_Grab_Bars_75d983f3_p0002_random_0094.jpg,False,0,0,,,,PL508,ATTACHMENTS: Itemized above.,3
260309_-_Drawing_Rev2-_Steel_Grab_Bars_75d983f3_p0002_random_0142,F:\Desktop\m\projects\kevision\CloudHammer\data\random_drawing_crops\images\260309_-_Drawing_Rev2-_Steel_Grab_Bars_75d983f3_p0002_random_0142.png,F:\Desktop\m\projects\kevision\CloudHammer\data\random_drawing_crops\gpt_review\260309_-_Drawing_Rev2-_Steel_Grab_Bars_75d983f3_p0002_random_0142.jpg,False,0,0,,,,PL508,ATTACHMENTS: Itemized above.,3
260309_-_Drawing_Rev2-_Steel_Grab_Bars_75d983f3_p0004_random_0124,F:\Desktop\m\projects\kevision\CloudHammer\data\random_drawing_crops\images\260309_-_Drawing_Rev2-_Steel_Grab_Bars_75d983f3_p0004_random_0124.png,F:\Desktop\m\projects\kevision\CloudHammer\data\random_drawing_crops\gpt_review\260309_-_Drawing_Rev2-_Steel_Grab_Bars_75d983f3_p0004_random_0124.jpg,False,0,0,,,,GI104,5TH FLOOR CODE ANALYSIS,5
260309_-_Drawing_Rev2-_Steel_Grab_Bars_75d983f3_p0006_random_0010,F:\Desktop\m\projects\kevision\CloudHammer\data\random_drawing_crops\images\260309_-_Drawing_Rev2-_Steel_Grab_Bars_75d983f3_p0006_random_0010.png,F:\Desktop\m\projects\kevision\CloudHammer\data\random_drawing_crops\gpt_review\260309_-_Drawing_Rev2-_Steel_Grab_Bars_75d983f3_p0006_random_0010.jpg,False,0,0,,,,AE401,SIM,7
260309_-_Drawing_Rev2-_Steel_Grab_Bars_75d983f3_p0007_random_0070,F:\Desktop\m\projects\kevision\CloudHammer\data\random_drawing_crops\images\260309_-_Drawing_Rev2-_Steel_Grab_Bars_75d983f3_p0007_random_0070.png,F:\Desktop\m\projects\kevision\CloudHammer\data\random_drawing_crops\gpt_review\260309_-_Drawing_Rev2-_Steel_Grab_Bars_75d983f3_p0007_random_0070.jpg,True,1,0.78,faint,,,AE401,TYP,8
260309_-_Drawing_Rev2-_Steel_Grab_Bars_75d983f3_p0008_random_0148,F:\Desktop\m\projects\kevision\CloudHammer\data\random_drawing_crops\images\260309_-_Drawing_Rev2-_Steel_Grab_Bars_75d983f3_p0008_random_0148.png,F:\Desktop\m\projects\kevision\CloudHammer\data\random_drawing_crops\gpt_review\260309_-_Drawing_Rev2-_Steel_Grab_Bars_75d983f3_p0008_random_0148.jpg,False,0,0,,,,AE301,7.4,9
260309_-_Drawing_Rev2-_Steel_Grab_Bars_75d983f3_p0008_random_0160,F:\Desktop\m\projects\kevision\CloudHammer\data\random_drawing_crops\images\260309_-_Drawing_Rev2-_Steel_Grab_Bars_75d983f3_p0008_random_0160.png,F:\Desktop\m\projects\kevision\CloudHammer\data\random_drawing_crops\gpt_review\260309_-_Drawing_Rev2-_Steel_Grab_Bars_75d983f3_p0008_random_0160.jpg,False,0,0,,,,AE301,7.4,9
260309_-_Drawing_Rev2-_Steel_Grab_Bars_75d983f3_p0009_random_0040,F:\Desktop\m\projects\kevision\CloudHammer\data\random_drawing_crops\images\260309_-_Drawing_Rev2-_Steel_Grab_Bars_75d983f3_p0009_random_0040.png,F:\Desktop\m\projects\kevision\CloudHammer\data\random_drawing_crops\gpt_review\260309_-_Drawing_Rev2-_Steel_Grab_Bars_75d983f3_p0009_random_0040.jpg,False,0,0,,,,AE402,HAC,10
260309_-_Drawing_Rev2-_Steel_Grab_Bars_75d983f3_p0009_random_0052,F:\Desktop\m\projects\kevision\CloudHammer\data\random_drawing_crops\images\260309_-_Drawing_Rev2-_Steel_Grab_Bars_75d983f3_p0009_random_0052.png,F:\Desktop\m\projects\kevision\CloudHammer\data\random_drawing_crops\gpt_review\260309_-_Drawing_Rev2-_Steel_Grab_Bars_75d983f3_p0009_random_0052.jpg,False,0,0,,,,AE402,HAC,10
260309_-_Drawing_Rev2-_Steel_Grab_Bars_75d983f3_p0009_random_0118,F:\Desktop\m\projects\kevision\CloudHammer\data\random_drawing_crops\images\260309_-_Drawing_Rev2-_Steel_Grab_Bars_75d983f3_p0009_random_0118.png,F:\Desktop\m\projects\kevision\CloudHammer\data\random_drawing_crops\gpt_review\260309_-_Drawing_Rev2-_Steel_Grab_Bars_75d983f3_p0009_random_0118.jpg,False,0,0,,,,AE402,HAC,10
260309_-_Drawing_Rev2-_Steel_Grab_Bars_75d983f3_p0009_random_0196,F:\Desktop\m\projects\kevision\CloudHammer\data\random_drawing_crops\images\260309_-_Drawing_Rev2-_Steel_Grab_Bars_75d983f3_p0009_random_0196.png,F:\Desktop\m\projects\kevision\CloudHammer\data\random_drawing_crops\gpt_review\260309_-_Drawing_Rev2-_Steel_Grab_Bars_75d983f3_p0009_random_0196.jpg,False,0,0,,,,AE402,HAC,10
260309_-_Drawing_Rev2-_Steel_Grab_Bars_75d983f3_p0011_random_0022,F:\Desktop\m\projects\kevision\CloudHammer\data\random_drawing_crops\images\260309_-_Drawing_Rev2-_Steel_Grab_Bars_75d983f3_p0011_random_0022.png,F:\Desktop\m\projects\kevision\CloudHammer\data\random_drawing_crops\gpt_review\260309_-_Drawing_Rev2-_Steel_Grab_Bars_75d983f3_p0011_random_0022.jpg,False,0,0,,,,AE125,7.4,12
260309_-_Drawing_Rev2-_Steel_Grab_Bars_75d983f3_p0012_random_0172,F:\Desktop\m\projects\kevision\CloudHammer\data\random_drawing_crops\images\260309_-_Drawing_Rev2-_Steel_Grab_Bars_75d983f3_p0012_random_0172.png,F:\Desktop\m\projects\kevision\CloudHammer\data\random_drawing_crops\gpt_review\260309_-_Drawing_Rev2-_Steel_Grab_Bars_75d983f3_p0012_random_0172.jpg,False,0,0,,,,AE403,SHIPPING/,13
260309_-_Drawing_Rev2-_Steel_Grab_Bars_75d983f3_p0013_random_0028,F:\Desktop\m\projects\kevision\CloudHammer\data\random_drawing_crops\images\260309_-_Drawing_Rev2-_Steel_Grab_Bars_75d983f3_p0013_random_0028.png,F:\Desktop\m\projects\kevision\CloudHammer\data\random_drawing_crops\gpt_review\260309_-_Drawing_Rev2-_Steel_Grab_Bars_75d983f3_p0013_random_0028.jpg,False,0,0,,,,AE514,"1' - 0""",14
260309_-_Drawing_Rev2-_Steel_Grab_Bars_75d983f3_p0015_random_0166,F:\Desktop\m\projects\kevision\CloudHammer\data\random_drawing_crops\images\260309_-_Drawing_Rev2-_Steel_Grab_Bars_75d983f3_p0015_random_0166.png,F:\Desktop\m\projects\kevision\CloudHammer\data\random_drawing_crops\gpt_review\260309_-_Drawing_Rev2-_Steel_Grab_Bars_75d983f3_p0015_random_0166.jpg,False,0,0,,,,A5109D,7.1,16
260309_-_Drawing_Rev2-_Steel_Grab_Bars_75d983f3_p0017_random_0178,F:\Desktop\m\projects\kevision\CloudHammer\data\random_drawing_crops\images\260309_-_Drawing_Rev2-_Steel_Grab_Bars_75d983f3_p0017_random_0178.png,F:\Desktop\m\projects\kevision\CloudHammer\data\random_drawing_crops\gpt_review\260309_-_Drawing_Rev2-_Steel_Grab_Bars_75d983f3_p0017_random_0178.jpg,False,0,0,,,,AE611,SEE SCHEDULE,18
260309_-_Drawing_Rev2-_Steel_Grab_Bars_75d983f3_p0023_random_0136,F:\Desktop\m\projects\kevision\CloudHammer\data\random_drawing_crops\images\260309_-_Drawing_Rev2-_Steel_Grab_Bars_75d983f3_p0023_random_0136.png,F:\Desktop\m\projects\kevision\CloudHammer\data\random_drawing_crops\gpt_review\260309_-_Drawing_Rev2-_Steel_Grab_Bars_75d983f3_p0023_random_0136.jpg,False,0,0,,,,P-418,"EXISTING 4"" SS DN",24
260309_-_Drawing_Rev2-_Steel_Grab_Bars_75d983f3_p0024_random_0112,F:\Desktop\m\projects\kevision\CloudHammer\data\random_drawing_crops\images\260309_-_Drawing_Rev2-_Steel_Grab_Bars_75d983f3_p0024_random_0112.png,F:\Desktop\m\projects\kevision\CloudHammer\data\random_drawing_crops\gpt_review\260309_-_Drawing_Rev2-_Steel_Grab_Bars_75d983f3_p0024_random_0112.jpg,False,0,0,,,,P-418,"4"" SS",25
260309_-_Drawing_Rev2-_Steel_Grab_Bars_75d983f3_p0024_random_0190,F:\Desktop\m\projects\kevision\CloudHammer\data\random_drawing_crops\images\260309_-_Drawing_Rev2-_Steel_Grab_Bars_75d983f3_p0024_random_0190.png,F:\Desktop\m\projects\kevision\CloudHammer\data\random_drawing_crops\gpt_review\260309_-_Drawing_Rev2-_Steel_Grab_Bars_75d983f3_p0024_random_0190.jpg,False,0,0,,,,P-418,"4"" SS",25
260309_-_Drawing_Rev2-_Steel_Grab_Bars_75d983f3_p0025_random_0016,F:\Desktop\m\projects\kevision\CloudHammer\data\random_drawing_crops\images\260309_-_Drawing_Rev2-_Steel_Grab_Bars_75d983f3_p0025_random_0016.png,F:\Desktop\m\projects\kevision\CloudHammer\data\random_drawing_crops\gpt_review\260309_-_Drawing_Rev2-_Steel_Grab_Bars_75d983f3_p0025_random_0016.jpg,False,0,0,,,,P-809,TP-2,26
260309_-_Drawing_Rev2-_Steel_Grab_Bars_75d983f3_p0025_random_0034,F:\Desktop\m\projects\kevision\CloudHammer\data\random_drawing_crops\images\260309_-_Drawing_Rev2-_Steel_Grab_Bars_75d983f3_p0025_random_0034.png,F:\Desktop\m\projects\kevision\CloudHammer\data\random_drawing_crops\gpt_review\260309_-_Drawing_Rev2-_Steel_Grab_Bars_75d983f3_p0025_random_0034.jpg,False,0,0,,,,P-809,TP-2,26
260309_-_Drawing_Rev2-_Steel_Grab_Bars_75d983f3_p0025_random_0076,F:\Desktop\m\projects\kevision\CloudHammer\data\random_drawing_crops\images\260309_-_Drawing_Rev2-_Steel_Grab_Bars_75d983f3_p0025_random_0076.png,F:\Desktop\m\projects\kevision\CloudHammer\data\random_drawing_crops\gpt_review\260309_-_Drawing_Rev2-_Steel_Grab_Bars_75d983f3_p0025_random_0076.jpg,False,0,0,,,,P-809,TP-2,26
260309_-_Drawing_Rev2-_Steel_Grab_Bars_75d983f3_p0026_random_0046,F:\Desktop\m\projects\kevision\CloudHammer\data\random_drawing_crops\images\260309_-_Drawing_Rev2-_Steel_Grab_Bars_75d983f3_p0026_random_0046.png,F:\Desktop\m\projects\kevision\CloudHammer\data\random_drawing_crops\gpt_review\260309_-_Drawing_Rev2-_Steel_Grab_Bars_75d983f3_p0026_random_0046.jpg,False,0,0,,,,P-418,FD-C,27
260309_-_Drawing_Rev2-_Steel_Grab_Bars_75d983f3_p0026_random_0064,F:\Desktop\m\projects\kevision\CloudHammer\data\random_drawing_crops\images\260309_-_Drawing_Rev2-_Steel_Grab_Bars_75d983f3_p0026_random_0064.png,F:\Desktop\m\projects\kevision\CloudHammer\data\random_drawing_crops\gpt_review\260309_-_Drawing_Rev2-_Steel_Grab_Bars_75d983f3_p0026_random_0064.jpg,False,0,0,,,,P-418,FD-C,27
260309_-_Drawing_Rev2-_Steel_Grab_Bars_75d983f3_p0026_random_0088,F:\Desktop\m\projects\kevision\CloudHammer\data\random_drawing_crops\images\260309_-_Drawing_Rev2-_Steel_Grab_Bars_75d983f3_p0026_random_0088.png,F:\Desktop\m\projects\kevision\CloudHammer\data\random_drawing_crops\gpt_review\260309_-_Drawing_Rev2-_Steel_Grab_Bars_75d983f3_p0026_random_0088.jpg,True,1,0.72,partial,,,P-418,FD-C,27
260309_-_Drawing_Rev2-_Steel_Grab_Bars_75d983f3_p0026_random_0100,F:\Desktop\m\projects\kevision\CloudHammer\data\random_drawing_crops\images\260309_-_Drawing_Rev2-_Steel_Grab_Bars_75d983f3_p0026_random_0100.png,F:\Desktop\m\projects\kevision\CloudHammer\data\random_drawing_crops\gpt_review\260309_-_Drawing_Rev2-_Steel_Grab_Bars_75d983f3_p0026_random_0100.jpg,True,1,0.67,partial,,,P-418,FD-C,27
260309_-_Drawing_Rev2-_Steel_Grab_Bars_75d983f3_p0028_random_0154,F:\Desktop\m\projects\kevision\CloudHammer\data\random_drawing_crops\images\260309_-_Drawing_Rev2-_Steel_Grab_Bars_75d983f3_p0028_random_0154.png,F:\Desktop\m\projects\kevision\CloudHammer\data\random_drawing_crops\gpt_review\260309_-_Drawing_Rev2-_Steel_Grab_Bars_75d983f3_p0028_random_0154.jpg,False,0,0,,,,P-418,WCO,29
260313_-_VA_Biloxi_Rev_3_ff19da68_p0008_random_0047,F:\Desktop\m\projects\kevision\CloudHammer\data\random_drawing_crops\images\260313_-_VA_Biloxi_Rev_3_ff19da68_p0008_random_0047.png,F:\Desktop\m\projects\kevision\CloudHammer\data\random_drawing_crops\gpt_review\260313_-_VA_Biloxi_Rev_3_ff19da68_p0008_random_0047.jpg,False,0,0,,,,A156.26,"1. Listed under Category N in BHMA's ""Certified Product Directory.""",9
260313_-_VA_Biloxi_Rev_3_ff19da68_p0016_random_0005,F:\Desktop\m\projects\kevision\CloudHammer\data\random_drawing_crops\images\260313_-_VA_Biloxi_Rev_3_ff19da68_p0016_random_0005.png,F:\Desktop\m\projects\kevision\CloudHammer\data\random_drawing_crops\gpt_review\260313_-_VA_Biloxi_Rev_3_ff19da68_p0016_random_0005.jpg,False,0,0,,,,A156.6,B. Provide protective plates and door edging as specified below:,17
260313_-_VA_Biloxi_Rev_3_ff19da68_p0027_random_0167,F:\Desktop\m\projects\kevision\CloudHammer\data\random_drawing_crops\images\260313_-_VA_Biloxi_Rev_3_ff19da68_p0027_random_0167.png,F:\Desktop\m\projects\kevision\CloudHammer\data\random_drawing_crops\gpt_review\260313_-_VA_Biloxi_Rev_3_ff19da68_p0027_random_0167.jpg,True,1,0.98,partial,,,TA2314,US32D,28
260313_-_VA_Biloxi_Rev_3_ff19da68_p0032_random_0089,F:\Desktop\m\projects\kevision\CloudHammer\data\random_drawing_crops\images\260313_-_VA_Biloxi_Rev_3_ff19da68_p0032_random_0089.png,F:\Desktop\m\projects\kevision\CloudHammer\data\random_drawing_crops\gpt_review\260313_-_VA_Biloxi_Rev_3_ff19da68_p0032_random_0089.jpg,False,0,0,,,,S773D,Set: 18.0,33
260313_-_VA_Biloxi_Rev_3_ff19da68_p0037_random_0191,F:\Desktop\m\projects\kevision\CloudHammer\data\random_drawing_crops\images\260313_-_VA_Biloxi_Rev_3_ff19da68_p0037_random_0191.png,F:\Desktop\m\projects\kevision\CloudHammer\data\random_drawing_crops\gpt_review\260313_-_VA_Biloxi_Rev_3_ff19da68_p0037_random_0191.jpg,False,0,0,,,,S773D,Set: 30.0,38
260313_-_VA_Biloxi_Rev_3_ff19da68_p0040_random_0125,F:\Desktop\m\projects\kevision\CloudHammer\data\random_drawing_crops\images\260313_-_VA_Biloxi_Rev_3_ff19da68_p0040_random_0125.png,F:\Desktop\m\projects\kevision\CloudHammer\data\random_drawing_crops\gpt_review\260313_-_VA_Biloxi_Rev_3_ff19da68_p0040_random_0125.jpg,False,0,0,,,,C-913,2 Track System,41
260313_-_VA_Biloxi_Rev_3_ff19da68_p0045_random_0053,F:\Desktop\m\projects\kevision\CloudHammer\data\random_drawing_crops\images\260313_-_VA_Biloxi_Rev_3_ff19da68_p0045_random_0053.png,F:\Desktop\m\projects\kevision\CloudHammer\data\random_drawing_crops\gpt_review\260313_-_VA_Biloxi_Rev_3_ff19da68_p0045_random_0053.jpg,False,0,0,,,,A112.19,"elongated bowl, siphon jet, wall outlet, with bedpan lugs-bedpan",46
260313_-_VA_Biloxi_Rev_3_ff19da68_p0068_random_0095,F:\Desktop\m\projects\kevision\CloudHammer\data\random_drawing_crops\images\260313_-_VA_Biloxi_Rev_3_ff19da68_p0068_random_0095.png,F:\Desktop\m\projects\kevision\CloudHammer\data\random_drawing_crops\gpt_review\260313_-_VA_Biloxi_Rev_3_ff19da68_p0068_random_0095.jpg,False,0,0,,,,,B. This Section includes a Physical Access Control System consisting of a,69
260313_-_VA_Biloxi_Rev_3_ff19da68_p0078_random_0119,F:\Desktop\m\projects\kevision\CloudHammer\data\random_drawing_crops\images\260313_-_VA_Biloxi_Rev_3_ff19da68_p0078_random_0119.png,F:\Desktop\m\projects\kevision\CloudHammer\data\random_drawing_crops\gpt_review\260313_-_VA_Biloxi_Rev_3_ff19da68_p0078_random_0119.jpg,False,0,0,,,,,each Section. Mark each tab to indicate contents.,79
260313_-_VA_Biloxi_Rev_3_ff19da68_p0094_random_0011,F:\Desktop\m\projects\kevision\CloudHammer\data\random_drawing_crops\images\260313_-_VA_Biloxi_Rev_3_ff19da68_p0094_random_0011.png,F:\Desktop\m\projects\kevision\CloudHammer\data\random_drawing_crops\gpt_review\260313_-_VA_Biloxi_Rev_3_ff19da68_p0094_random_0011.jpg,False,0,0,,,,,,95
260313_-_VA_Biloxi_Rev_3_ff19da68_p0094_random_0179,F:\Desktop\m\projects\kevision\CloudHammer\data\random_drawing_crops\images\260313_-_VA_Biloxi_Rev_3_ff19da68_p0094_random_0179.png,F:\Desktop\m\projects\kevision\CloudHammer\data\random_drawing_crops\gpt_review\260313_-_VA_Biloxi_Rev_3_ff19da68_p0094_random_0179.jpg,False,0,0,,,,,,95
260313_-_VA_Biloxi_Rev_3_ff19da68_p0100_random_0041,F:\Desktop\m\projects\kevision\CloudHammer\data\random_drawing_crops\images\260313_-_VA_Biloxi_Rev_3_ff19da68_p0100_random_0041.png,F:\Desktop\m\projects\kevision\CloudHammer\data\random_drawing_crops\gpt_review\260313_-_VA_Biloxi_Rev_3_ff19da68_p0100_random_0041.jpg,False,0,0,,,,C62.41,Low-Voltage AC Power Circuits,101
260313_-_VA_Biloxi_Rev_3_ff19da68_p0104_random_0071,F:\Desktop\m\projects\kevision\CloudHammer\data\random_drawing_crops\images\260313_-_VA_Biloxi_Rev_3_ff19da68_p0104_random_0071.png,F:\Desktop\m\projects\kevision\CloudHammer\data\random_drawing_crops\gpt_review\260313_-_VA_Biloxi_Rev_3_ff19da68_p0104_random_0071.jpg,False,0,0,,,,,adjustments or other non-scheduled work. See also General Project,105
260313_-_VA_Biloxi_Rev_3_ff19da68_p0105_random_0143,F:\Desktop\m\projects\kevision\CloudHammer\data\random_drawing_crops\images\260313_-_VA_Biloxi_Rev_3_ff19da68_p0105_random_0143.png,F:\Desktop\m\projects\kevision\CloudHammer\data\random_drawing_crops\gpt_review\260313_-_VA_Biloxi_Rev_3_ff19da68_p0105_random_0143.jpg,False,0,0,,,,,E. Schedule of Work,106
260313_-_VA_Biloxi_Rev_3_ff19da68_p0121_random_0065,F:\Desktop\m\projects\kevision\CloudHammer\data\random_drawing_crops\images\260313_-_VA_Biloxi_Rev_3_ff19da68_p0121_random_0065.png,F:\Desktop\m\projects\kevision\CloudHammer\data\random_drawing_crops\gpt_review\260313_-_VA_Biloxi_Rev_3_ff19da68_p0121_random_0065.jpg,False,0,0,,,,,b. Each schedule shall be composed of a minimum of two dates with,122
260313_-_VA_Biloxi_Rev_3_ff19da68_p0123_random_0029,F:\Desktop\m\projects\kevision\CloudHammer\data\random_drawing_crops\images\260313_-_VA_Biloxi_Rev_3_ff19da68_p0123_random_0029.png,F:\Desktop\m\projects\kevision\CloudHammer\data\random_drawing_crops\gpt_review\260313_-_VA_Biloxi_Rev_3_ff19da68_p0123_random_0029.jpg,False,0,0,,,,,,124
260313_-_VA_Biloxi_Rev_3_ff19da68_p0125_random_0113,F:\Desktop\m\projects\kevision\CloudHammer\data\random_drawing_crops\images\260313_-_VA_Biloxi_Rev_3_ff19da68_p0125_random_0113.png,F:\Desktop\m\projects\kevision\CloudHammer\data\random_drawing_crops\gpt_review\260313_-_VA_Biloxi_Rev_3_ff19da68_p0125_random_0113.jpg,False,0,0,,,,,,126
260313_-_VA_Biloxi_Rev_3_ff19da68_p0126_random_0023,F:\Desktop\m\projects\kevision\CloudHammer\data\random_drawing_crops\images\260313_-_VA_Biloxi_Rev_3_ff19da68_p0126_random_0023.png,F:\Desktop\m\projects\kevision\CloudHammer\data\random_drawing_crops\gpt_review\260313_-_VA_Biloxi_Rev_3_ff19da68_p0126_random_0023.jpg,False,0,0,,,,,,127
260313_-_VA_Biloxi_Rev_3_ff19da68_p0129_random_0017,F:\Desktop\m\projects\kevision\CloudHammer\data\random_drawing_crops\images\260313_-_VA_Biloxi_Rev_3_ff19da68_p0129_random_0017.png,F:\Desktop\m\projects\kevision\CloudHammer\data\random_drawing_crops\gpt_review\260313_-_VA_Biloxi_Rev_3_ff19da68_p0129_random_0017.jpg,False,0,0,,,,,,130
260313_-_VA_Biloxi_Rev_3_ff19da68_p0129_random_0197,F:\Desktop\m\projects\kevision\CloudHammer\data\random_drawing_crops\images\260313_-_VA_Biloxi_Rev_3_ff19da68_p0129_random_0197.png,F:\Desktop\m\projects\kevision\CloudHammer\data\random_drawing_crops\gpt_review\260313_-_VA_Biloxi_Rev_3_ff19da68_p0129_random_0197.jpg,False,0,0,,,,,,130
260313_-_VA_Biloxi_Rev_3_ff19da68_p0132_random_0185,F:\Desktop\m\projects\kevision\CloudHammer\data\random_drawing_crops\images\260313_-_VA_Biloxi_Rev_3_ff19da68_p0132_random_0185.png,F:\Desktop\m\projects\kevision\CloudHammer\data\random_drawing_crops\gpt_review\260313_-_VA_Biloxi_Rev_3_ff19da68_p0132_random_0185.jpg,False,0,0,,,,,,133
260313_-_VA_Biloxi_Rev_3_ff19da68_p0135_random_0083,F:\Desktop\m\projects\kevision\CloudHammer\data\random_drawing_crops\images\260313_-_VA_Biloxi_Rev_3_ff19da68_p0135_random_0083.png,F:\Desktop\m\projects\kevision\CloudHammer\data\random_drawing_crops\gpt_review\260313_-_VA_Biloxi_Rev_3_ff19da68_p0135_random_0083.jpg,False,0,0,,,,,,136
260313_-_VA_Biloxi_Rev_3_ff19da68_p0136_random_0077,F:\Desktop\m\projects\kevision\CloudHammer\data\random_drawing_crops\images\260313_-_VA_Biloxi_Rev_3_ff19da68_p0136_random_0077.png,F:\Desktop\m\projects\kevision\CloudHammer\data\random_drawing_crops\gpt_review\260313_-_VA_Biloxi_Rev_3_ff19da68_p0136_random_0077.jpg,False,0,0,,,,,,137
260313_-_VA_Biloxi_Rev_3_ff19da68_p0141_random_0161,F:\Desktop\m\projects\kevision\CloudHammer\data\random_drawing_crops\images\260313_-_VA_Biloxi_Rev_3_ff19da68_p0141_random_0161.png,F:\Desktop\m\projects\kevision\CloudHammer\data\random_drawing_crops\gpt_review\260313_-_VA_Biloxi_Rev_3_ff19da68_p0141_random_0161.jpg,False,0,0,,,,,Section 9.4.,142
260313_-_VA_Biloxi_Rev_3_ff19da68_p0143_random_0059,F:\Desktop\m\projects\kevision\CloudHammer\data\random_drawing_crops\images\260313_-_VA_Biloxi_Rev_3_ff19da68_p0143_random_0059.png,F:\Desktop\m\projects\kevision\CloudHammer\data\random_drawing_crops\gpt_review\260313_-_VA_Biloxi_Rev_3_ff19da68_p0143_random_0059.jpg,False,0,0,,,,,,144
260313_-_VA_Biloxi_Rev_3_ff19da68_p0154_random_0149,F:\Desktop\m\projects\kevision\CloudHammer\data\random_drawing_crops\images\260313_-_VA_Biloxi_Rev_3_ff19da68_p0154_random_0149.png,F:\Desktop\m\projects\kevision\CloudHammer\data\random_drawing_crops\gpt_review\260313_-_VA_Biloxi_Rev_3_ff19da68_p0154_random_0149.jpg,False,0,0,,,,,,155
260313_-_VA_Biloxi_Rev_3_ff19da68_p0163_random_0155,F:\Desktop\m\projects\kevision\CloudHammer\data\random_drawing_crops\images\260313_-_VA_Biloxi_Rev_3_ff19da68_p0163_random_0155.png,F:\Desktop\m\projects\kevision\CloudHammer\data\random_drawing_crops\gpt_review\260313_-_VA_Biloxi_Rev_3_ff19da68_p0163_random_0155.jpg,False,0,0,,,,,"manufacturer's instructions, documentation listed in Sections 1.4 and",164
260313_-_VA_Biloxi_Rev_3_ff19da68_p0175_random_0131,F:\Desktop\m\projects\kevision\CloudHammer\data\random_drawing_crops\images\260313_-_VA_Biloxi_Rev_3_ff19da68_p0175_random_0131.png,F:\Desktop\m\projects\kevision\CloudHammer\data\random_drawing_crops\gpt_review\260313_-_VA_Biloxi_Rev_3_ff19da68_p0175_random_0131.jpg,False,0,0,,,,P-418,"EXISTING 4"" SS DN",176
260313_-_VA_Biloxi_Rev_3_ff19da68_p0177_random_0035,F:\Desktop\m\projects\kevision\CloudHammer\data\random_drawing_crops\images\260313_-_VA_Biloxi_Rev_3_ff19da68_p0177_random_0035.png,F:\Desktop\m\projects\kevision\CloudHammer\data\random_drawing_crops\gpt_review\260313_-_VA_Biloxi_Rev_3_ff19da68_p0177_random_0035.jpg,False,0,0,,,,P-420,FD-C,178
260313_-_VA_Biloxi_Rev_3_ff19da68_p0182_random_0137,F:\Desktop\m\projects\kevision\CloudHammer\data\random_drawing_crops\images\260313_-_VA_Biloxi_Rev_3_ff19da68_p0182_random_0137.png,F:\Desktop\m\projects\kevision\CloudHammer\data\random_drawing_crops\gpt_review\260313_-_VA_Biloxi_Rev_3_ff19da68_p0182_random_0137.jpg,False,0,0,,,,MH403,CONTROLS - HVAC,183
260313_-_VA_Biloxi_Rev_3_ff19da68_p0185_random_0101,F:\Desktop\m\projects\kevision\CloudHammer\data\random_drawing_crops\images\260313_-_VA_Biloxi_Rev_3_ff19da68_p0185_random_0101.png,F:\Desktop\m\projects\kevision\CloudHammer\data\random_drawing_crops\gpt_review\260313_-_VA_Biloxi_Rev_3_ff19da68_p0185_random_0101.jpg,False,0,0,,,,MH301,VAV,186
260313_-_VA_Biloxi_Rev_3_ff19da68_p0195_random_0107,F:\Desktop\m\projects\kevision\CloudHammer\data\random_drawing_crops\images\260313_-_VA_Biloxi_Rev_3_ff19da68_p0195_random_0107.png,F:\Desktop\m\projects\kevision\CloudHammer\data\random_drawing_crops\gpt_review\260313_-_VA_Biloxi_Rev_3_ff19da68_p0195_random_0107.jpg,False,0,0,,,,E001,SYMBOLS  LIST.,196
260313_-_VA_Biloxi_Rev_3_ff19da68_p0196_random_0173,F:\Desktop\m\projects\kevision\CloudHammer\data\random_drawing_crops\images\260313_-_VA_Biloxi_Rev_3_ff19da68_p0196_random_0173.png,F:\Desktop\m\projects\kevision\CloudHammer\data\random_drawing_crops\gpt_review\260313_-_VA_Biloxi_Rev_3_ff19da68_p0196_random_0173.jpg,False,0,0,,,,E001,SYMBOLS  LIST.,197
Drawing_Rev2-_Steel_Grab_Bars_AE107_e23b5995_p0000_random_0106,F:\Desktop\m\projects\kevision\CloudHammer\data\random_drawing_crops\images\Drawing_Rev2-_Steel_Grab_Bars_AE107_e23b5995_p0000_random_0106.png,F:\Desktop\m\projects\kevision\CloudHammer\data\random_drawing_crops\gpt_review\Drawing_Rev2-_Steel_Grab_Bars_AE107_e23b5995_p0000_random_0106.jpg,False,0,0,,,,AE126,SIM,1
Drawing_Rev2-_Steel_Grab_Bars_R1_AE107.1_9b6a81f4_p0000_random_0130,F:\Desktop\m\projects\kevision\CloudHammer\data\random_drawing_crops\images\Drawing_Rev2-_Steel_Grab_Bars_R1_AE107.1_9b6a81f4_p0000_random_0130.png,F:\Desktop\m\projects\kevision\CloudHammer\data\random_drawing_crops\gpt_review\Drawing_Rev2-_Steel_Grab_Bars_R1_AE107.1_9b6a81f4_p0000_random_0130.jpg,False,0,0,,,,AE401,SIM,1
Drawing_Rev2-_Steel_Grab_Bars_R1_AE107.1_9b6a81f4_p0000_random_0184,F:\Desktop\m\projects\kevision\CloudHammer\data\random_drawing_crops\images\Drawing_Rev2-_Steel_Grab_Bars_R1_AE107.1_9b6a81f4_p0000_random_0184.png,F:\Desktop\m\projects\kevision\CloudHammer\data\random_drawing_crops\gpt_review\Drawing_Rev2-_Steel_Grab_Bars_R1_AE107.1_9b6a81f4_p0000_random_0184.jpg,False,0,0,,,,AE401,SIM,1
Revision_1_-_Drawing_Changes_6cbee960_p0009_random_0068,F:\Desktop\m\projects\kevision\CloudHammer\data\random_drawing_crops\images\Revision_1_-_Drawing_Changes_6cbee960_p0009_random_0068.png,F:\Desktop\m\projects\kevision\CloudHammer\data\random_drawing_crops\gpt_review\Revision_1_-_Drawing_Changes_6cbee960_p0009_random_0068.jpg,False,0,0,,,,AE211,SIM,10
Revision_1_-_Drawing_Changes_6cbee960_p0011_random_0098,F:\Desktop\m\projects\kevision\CloudHammer\data\random_drawing_crops\images\Revision_1_-_Drawing_Changes_6cbee960_p0011_random_0098.png,F:\Desktop\m\projects\kevision\CloudHammer\data\random_drawing_crops\gpt_review\Revision_1_-_Drawing_Changes_6cbee960_p0011_random_0098.jpg,False,0,0,,,,AE401,TYP,12
Revision_1_-_Drawing_Changes_6cbee960_p0011_random_0146,F:\Desktop\m\projects\kevision\CloudHammer\data\random_drawing_crops\images\Revision_1_-_Drawing_Changes_6cbee960_p0011_random_0146.png,F:\Desktop\m\projects\kevision\CloudHammer\data\random_drawing_crops\gpt_review\Revision_1_-_Drawing_Changes_6cbee960_p0011_random_0146.jpg,False,0,0,,,,AE401,TYP,12
Revision_1_-_Drawing_Changes_6cbee960_p0012_random_0092,F:\Desktop\m\projects\kevision\CloudHammer\data\random_drawing_crops\images\Revision_1_-_Drawing_Changes_6cbee960_p0012_random_0092.png,F:\Desktop\m\projects\kevision\CloudHammer\data\random_drawing_crops\gpt_review\Revision_1_-_Drawing_Changes_6cbee960_p0012_random_0092.jpg,False,0,0,,,,AE600,"3' - 0""",13
Revision_1_-_Drawing_Changes_6cbee960_p0017_random_0038,F:\Desktop\m\projects\kevision\CloudHammer\data\random_drawing_crops\images\Revision_1_-_Drawing_Changes_6cbee960_p0017_random_0038.png,F:\Desktop\m\projects\kevision\CloudHammer\data\random_drawing_crops\gpt_review\Revision_1_-_Drawing_Changes_6cbee960_p0017_random_0038.jpg,False,0,0,,,,A5109D,7.1,18
Revision_1_-_Drawing_Changes_6cbee960_p0017_random_0128,F:\Desktop\m\projects\kevision\CloudHammer\data\random_drawing_crops\images\Revision_1_-_Drawing_Changes_6cbee960_p0017_random_0128.png,F:\Desktop\m\projects\kevision\CloudHammer\data\random_drawing_crops\gpt_review\Revision_1_-_Drawing_Changes_6cbee960_p0017_random_0128.jpg,False,0,0,,,,A5109D,7.1,18
Revision_1_-_Drawing_Changes_6cbee960_p0017_random_0170,F:\Desktop\m\projects\kevision\CloudHammer\data\random_drawing_crops\images\Revision_1_-_Drawing_Changes_6cbee960_p0017_random_0170.png,F:\Desktop\m\projects\kevision\CloudHammer\data\random_drawing_crops\gpt_review\Revision_1_-_Drawing_Changes_6cbee960_p0017_random_0170.jpg,False,0,0,,,,A5109D,7.1,18
Revision_1_-_Drawing_Changes_6cbee960_p0018_random_0188,F:\Desktop\m\projects\kevision\CloudHammer\data\random_drawing_crops\images\Revision_1_-_Drawing_Changes_6cbee960_p0018_random_0188.png,F:\Desktop\m\projects\kevision\CloudHammer\data\random_drawing_crops\gpt_review\Revision_1_-_Drawing_Changes_6cbee960_p0018_random_0188.jpg,True,0,0,,,,A5109G,"2' - 0""",19
Revision_1_-_Drawing_Changes_6cbee960_p0019_random_0014,F:\Desktop\m\projects\kevision\CloudHammer\data\random_drawing_crops\images\Revision_1_-_Drawing_Changes_6cbee960_p0019_random_0014.png,F:\Desktop\m\projects\kevision\CloudHammer\data\random_drawing_crops\gpt_review\Revision_1_-_Drawing_Changes_6cbee960_p0019_random_0014.jpg,False,0,0,,,,AE125,ENLARGED FLOOR PLANS,20
Revision_1_-_Drawing_Changes_6cbee960_p0019_random_0134,F:\Desktop\m\projects\kevision\CloudHammer\data\random_drawing_crops\images\Revision_1_-_Drawing_Changes_6cbee960_p0019_random_0134.png,F:\Desktop\m\projects\kevision\CloudHammer\data\random_drawing_crops\gpt_review\Revision_1_-_Drawing_Changes_6cbee960_p0019_random_0134.jpg,False,0,0,,,,AE125,ENLARGED FLOOR PLANS,20
Revision_1_-_Drawing_Changes_6cbee960_p0019_random_0140,F:\Desktop\m\projects\kevision\CloudHammer\data\random_drawing_crops\images\Revision_1_-_Drawing_Changes_6cbee960_p0019_random_0140.png,F:\Desktop\m\projects\kevision\CloudHammer\data\random_drawing_crops\gpt_review\Revision_1_-_Drawing_Changes_6cbee960_p0019_random_0140.jpg,False,0,0,,,,AE125,ENLARGED FLOOR PLANS,20
Revision_1_-_Drawing_Changes_6cbee960_p0020_random_0182,F:\Desktop\m\projects\kevision\CloudHammer\data\random_drawing_crops\images\Revision_1_-_Drawing_Changes_6cbee960_p0020_random_0182.png,F:\Desktop\m\projects\kevision\CloudHammer\data\random_drawing_crops\gpt_review\Revision_1_-_Drawing_Changes_6cbee960_p0020_random_0182.jpg,False,0,0,,,,AE501,CENTRAL STAIR,21
Revision_1_-_Drawing_Changes_6cbee960_p0021_random_0020,F:\Desktop\m\projects\kevision\CloudHammer\data\random_drawing_crops\images\Revision_1_-_Drawing_Changes_6cbee960_p0021_random_0020.png,F:\Desktop\m\projects\kevision\CloudHammer\data\random_drawing_crops\gpt_review\Revision_1_-_Drawing_Changes_6cbee960_p0021_random_0020.jpg,False,0,0,,,,AE401,PLAN DETAILS,22
Revision_1_-_Drawing_Changes_6cbee960_p0022_random_0056,F:\Desktop\m\projects\kevision\CloudHammer\data\random_drawing_crops\images\Revision_1_-_Drawing_Changes_6cbee960_p0022_random_0056.png,F:\Desktop\m\projects\kevision\CloudHammer\data\random_drawing_crops\gpt_review\Revision_1_-_Drawing_Changes_6cbee960_p0022_random_0056.jpg,False,0,0,,,,AE402,PLAN DETAILS,23
Revision_1_-_Drawing_Changes_6cbee960_p0025_random_0008,F:\Desktop\m\projects\kevision\CloudHammer\data\random_drawing_crops\images\Revision_1_-_Drawing_Changes_6cbee960_p0025_random_0008.png,F:\Desktop\m\projects\kevision\CloudHammer\data\random_drawing_crops\gpt_review\Revision_1_-_Drawing_Changes_6cbee960_p0025_random_0008.jpg,False,0,0,,,,AE514,ALUMINUM WINDOW,26
Revision_1_-_Drawing_Changes_6cbee960_p0027_random_0086,F:\Desktop\m\projects\kevision\CloudHammer\data\random_drawing_crops\images\Revision_1_-_Drawing_Changes_6cbee960_p0027_random_0086.png,F:\Desktop\m\projects\kevision\CloudHammer\data\random_drawing_crops\gpt_review\Revision_1_-_Drawing_Changes_6cbee960_p0027_random_0086.jpg,False,0,0,,,,AE612,DOOR AND WINDOW DETAILS,28
Revision_1_-_Drawing_Changes_6cbee960_p0027_random_0110,F:\Desktop\m\projects\kevision\CloudHammer\data\random_drawing_crops\images\Revision_1_-_Drawing_Changes_6cbee960_p0027_random_0110.png,F:\Desktop\m\projects\kevision\CloudHammer\data\random_drawing_crops\gpt_review\Revision_1_-_Drawing_Changes_6cbee960_p0027_random_0110.jpg,True,1,0.94,partial,,,AE612,DOOR AND WINDOW DETAILS,28
Revision_1_-_Drawing_Changes_6cbee960_p0028_random_0152,F:\Desktop\m\projects\kevision\CloudHammer\data\random_drawing_crops\images\Revision_1_-_Drawing_Changes_6cbee960_p0028_random_0152.png,F:\Desktop\m\projects\kevision\CloudHammer\data\random_drawing_crops\gpt_review\Revision_1_-_Drawing_Changes_6cbee960_p0028_random_0152.jpg,False,0,0,,,,AE124,SIM,29
Revision_1_-_Drawing_Changes_6cbee960_p0029_random_0032,F:\Desktop\m\projects\kevision\CloudHammer\data\random_drawing_crops\images\Revision_1_-_Drawing_Changes_6cbee960_p0029_random_0032.png,F:\Desktop\m\projects\kevision\CloudHammer\data\random_drawing_crops\gpt_review\Revision_1_-_Drawing_Changes_6cbee960_p0029_random_0032.jpg,False,0,0,,,,AE127,FINISH PLAN  & WALL PROTECTION PLAN FLOOR 3,30
Revision_1_-_Drawing_Changes_6cbee960_p0031_random_0164,F:\Desktop\m\projects\kevision\CloudHammer\data\random_drawing_crops\images\Revision_1_-_Drawing_Changes_6cbee960_p0031_random_0164.png,F:\Desktop\m\projects\kevision\CloudHammer\data\random_drawing_crops\gpt_review\Revision_1_-_Drawing_Changes_6cbee960_p0031_random_0164.jpg,False,0,0,,,,AD402,WALL PROTECTION LEGEND,32
Revision_1_-_Drawing_Changes_6cbee960_p0032_random_0104,F:\Desktop\m\projects\kevision\CloudHammer\data\random_drawing_crops\images\Revision_1_-_Drawing_Changes_6cbee960_p0032_random_0104.png,F:\Desktop\m\projects\kevision\CloudHammer\data\random_drawing_crops\gpt_review\Revision_1_-_Drawing_Changes_6cbee960_p0032_random_0104.jpg,False,0,0,,,,P-418,"1/2"" CW,",33
Revision_1_-_Drawing_Changes_6cbee960_p0034_random_0200,F:\Desktop\m\projects\kevision\CloudHammer\data\random_drawing_crops\images\Revision_1_-_Drawing_Changes_6cbee960_p0034_random_0200.png,F:\Desktop\m\projects\kevision\CloudHammer\data\random_drawing_crops\gpt_review\Revision_1_-_Drawing_Changes_6cbee960_p0034_random_0200.jpg,False,0,0,,,,P-418,"EXISTING 4"" SS DN",35
Revision_1_-_Drawing_Changes_6cbee960_p0036_random_0050,F:\Desktop\m\projects\kevision\CloudHammer\data\random_drawing_crops\images\Revision_1_-_Drawing_Changes_6cbee960_p0036_random_0050.png,F:\Desktop\m\projects\kevision\CloudHammer\data\random_drawing_crops\gpt_review\Revision_1_-_Drawing_Changes_6cbee960_p0036_random_0050.jpg,False,0,0,,,,P-420,FD-C,37
Revision_1_-_Drawing_Changes_6cbee960_p0037_random_0122,F:\Desktop\m\projects\kevision\CloudHammer\data\random_drawing_crops\images\Revision_1_-_Drawing_Changes_6cbee960_p0037_random_0122.png,F:\Desktop\m\projects\kevision\CloudHammer\data\random_drawing_crops\gpt_review\Revision_1_-_Drawing_Changes_6cbee960_p0037_random_0122.jpg,True,1,0.95,bold,,,PL404,ENLARGED PLANS - PLUMBING,38
Revision_1_-_Drawing_Changes_6cbee960_p0038_random_0158,F:\Desktop\m\projects\kevision\CloudHammer\data\random_drawing_crops\images\Revision_1_-_Drawing_Changes_6cbee960_p0038_random_0158.png,F:\Desktop\m\projects\kevision\CloudHammer\data\random_drawing_crops\gpt_review\Revision_1_-_Drawing_Changes_6cbee960_p0038_random_0158.jpg,False,0,0,,,,P-418,FD-C,39
Revision_1_-_Drawing_Changes_6cbee960_p0039_random_0176,F:\Desktop\m\projects\kevision\CloudHammer\data\random_drawing_crops\images\Revision_1_-_Drawing_Changes_6cbee960_p0039_random_0176.png,F:\Desktop\m\projects\kevision\CloudHammer\data\random_drawing_crops\gpt_review\Revision_1_-_Drawing_Changes_6cbee960_p0039_random_0176.jpg,False,0,0,,,,P-418,CS-1,40
Revision_1_-_Drawing_Changes_6cbee960_p0040_random_0080,F:\Desktop\m\projects\kevision\CloudHammer\data\random_drawing_crops\images\Revision_1_-_Drawing_Changes_6cbee960_p0040_random_0080.png,F:\Desktop\m\projects\kevision\CloudHammer\data\random_drawing_crops\gpt_review\Revision_1_-_Drawing_Changes_6cbee960_p0040_random_0080.jpg,False,0,0,,,,P-418,WCO,41
Revision_1_-_Drawing_Changes_6cbee960_p0041_random_0194,F:\Desktop\m\projects\kevision\CloudHammer\data\random_drawing_crops\images\Revision_1_-_Drawing_Changes_6cbee960_p0041_random_0194.png,F:\Desktop\m\projects\kevision\CloudHammer\data\random_drawing_crops\gpt_review\Revision_1_-_Drawing_Changes_6cbee960_p0041_random_0194.jpg,False,0,0,,,,PL105,DRAWING SYMBOLS,42
Revision_1_-_Drawing_Changes_6cbee960_p0044_random_0116,F:\Desktop\m\projects\kevision\CloudHammer\data\random_drawing_crops\images\Revision_1_-_Drawing_Changes_6cbee960_p0044_random_0116.png,F:\Desktop\m\projects\kevision\CloudHammer\data\random_drawing_crops\gpt_review\Revision_1_-_Drawing_Changes_6cbee960_p0044_random_0116.jpg,False,0,0,,,,MH301,VAV,45
Revision_1_-_Drawing_Changes_6cbee960_p0045_random_0002,F:\Desktop\m\projects\kevision\CloudHammer\data\random_drawing_crops\images\Revision_1_-_Drawing_Changes_6cbee960_p0045_random_0002.png,F:\Desktop\m\projects\kevision\CloudHammer\data\random_drawing_crops\gpt_review\Revision_1_-_Drawing_Changes_6cbee960_p0045_random_0002.jpg,False,0,0,,,,MH301,LOCKABLE COVER,46
Revision_1_-_Drawing_Changes_6cbee960_p0045_random_0074,F:\Desktop\m\projects\kevision\CloudHammer\data\random_drawing_crops\images\Revision_1_-_Drawing_Changes_6cbee960_p0045_random_0074.png,F:\Desktop\m\projects\kevision\CloudHammer\data\random_drawing_crops\gpt_review\Revision_1_-_Drawing_Changes_6cbee960_p0045_random_0074.jpg,False,0,0,,,,MH301,LOCKABLE COVER,46
Revision_1_-_Drawing_Changes_6cbee960_p0046_random_0026,F:\Desktop\m\projects\kevision\CloudHammer\data\random_drawing_crops\images\Revision_1_-_Drawing_Changes_6cbee960_p0046_random_0026.png,F:\Desktop\m\projects\kevision\CloudHammer\data\random_drawing_crops\gpt_review\Revision_1_-_Drawing_Changes_6cbee960_p0046_random_0026.jpg,False,0,0,,,,MH302,"3/4"" HWS",47
Revision_1_-_Drawing_Changes_6cbee960_p0048_random_0044,F:\Desktop\m\projects\kevision\CloudHammer\data\random_drawing_crops\images\Revision_1_-_Drawing_Changes_6cbee960_p0048_random_0044.png,F:\Desktop\m\projects\kevision\CloudHammer\data\random_drawing_crops\gpt_review\Revision_1_-_Drawing_Changes_6cbee960_p0048_random_0044.jpg,False,0,0,,,,E301,SCHEDULES.,49
Revision_1_-_Drawing_Changes_6cbee960_p0049_random_0062,F:\Desktop\m\projects\kevision\CloudHammer\data\random_drawing_crops\images\Revision_1_-_Drawing_Changes_6cbee960_p0049_random_0062.png,F:\Desktop\m\projects\kevision\CloudHammer\data\random_drawing_crops\gpt_review\Revision_1_-_Drawing_Changes_6cbee960_p0049_random_0062.jpg,False,0,0,,,,EP104,"3 - 3-1/2""C.",50
Revision_Set_7_37f6066a_p0000_random_0019,F:\Desktop\m\projects\kevision\CloudHammer\data\random_drawing_crops\images\Revision_Set_7_37f6066a_p0000_random_0019.png,F:\Desktop\m\projects\kevision\CloudHammer\data\random_drawing_crops\gpt_review\Revision_Set_7_37f6066a_p0000_random_0019.jpg,False,0,0,,,,S130,"a. Add Details 7, 8 and 9 for wood decking, joist and post repair due to water damage.",1
Revision_Set_7_37f6066a_p0000_random_0025,F:\Desktop\m\projects\kevision\CloudHammer\data\random_drawing_crops\images\Revision_Set_7_37f6066a_p0000_random_0025.png,F:\Desktop\m\projects\kevision\CloudHammer\data\random_drawing_crops\gpt_review\Revision_Set_7_37f6066a_p0000_random_0025.jpg,False,0,0,,,,S130,"a. Add Details 7, 8 and 9 for wood decking, joist and post repair due to water damage.",1
Revision_Set_7_37f6066a_p0000_random_0037,F:\Desktop\m\projects\kevision\CloudHammer\data\random_drawing_crops\images\Revision_Set_7_37f6066a_p0000_random_0037.png,F:\Desktop\m\projects\kevision\CloudHammer\data\random_drawing_crops\gpt_review\Revision_Set_7_37f6066a_p0000_random_0037.jpg,False,0,0,,,,S130,"a. Add Details 7, 8 and 9 for wood decking, joist and post repair due to water damage.",1
Revision_Set_7_37f6066a_p0000_random_0043,F:\Desktop\m\projects\kevision\CloudHammer\data\random_drawing_crops\images\Revision_Set_7_37f6066a_p0000_random_0043.png,F:\Desktop\m\projects\kevision\CloudHammer\data\random_drawing_crops\gpt_review\Revision_Set_7_37f6066a_p0000_random_0043.jpg,False,0,0,,,,S130,"a. Add Details 7, 8 and 9 for wood decking, joist and post repair due to water damage.",1
Revision_Set_7_37f6066a_p0000_random_0049,F:\Desktop\m\projects\kevision\CloudHammer\data\random_drawing_crops\images\Revision_Set_7_37f6066a_p0000_random_0049.png,F:\Desktop\m\projects\kevision\CloudHammer\data\random_drawing_crops\gpt_review\Revision_Set_7_37f6066a_p0000_random_0049.jpg,False,0,0,,,,S130,"a. Add Details 7, 8 and 9 for wood decking, joist and post repair due to water damage.",1
Revision_Set_7_37f6066a_p0000_random_0055,F:\Desktop\m\projects\kevision\CloudHammer\data\random_drawing_crops\images\Revision_Set_7_37f6066a_p0000_random_0055.png,F:\Desktop\m\projects\kevision\CloudHammer\data\random_drawing_crops\gpt_review\Revision_Set_7_37f6066a_p0000_random_0055.jpg,False,0,0,,,,S130,"a. Add Details 7, 8 and 9 for wood decking, joist and post repair due to water damage.",1
Revision_Set_7_37f6066a_p0000_random_0073,F:\Desktop\m\projects\kevision\CloudHammer\data\random_drawing_crops\images\Revision_Set_7_37f6066a_p0000_random_0073.png,F:\Desktop\m\projects\kevision\CloudHammer\data\random_drawing_crops\gpt_review\Revision_Set_7_37f6066a_p0000_random_0073.jpg,False,0,0,,,,S130,"a. Add Details 7, 8 and 9 for wood decking, joist and post repair due to water damage.",1
Revision_Set_7_37f6066a_p0000_random_0091,F:\Desktop\m\projects\kevision\CloudHammer\data\random_drawing_crops\images\Revision_Set_7_37f6066a_p0000_random_0091.png,F:\Desktop\m\projects\kevision\CloudHammer\data\random_drawing_crops\gpt_review\Revision_Set_7_37f6066a_p0000_random_0091.jpg,False,0,0,,,,S130,"a. Add Details 7, 8 and 9 for wood decking, joist and post repair due to water damage.",1
Revision_Set_7_37f6066a_p0000_random_0097,F:\Desktop\m\projects\kevision\CloudHammer\data\random_drawing_crops\images\Revision_Set_7_37f6066a_p0000_random_0097.png,F:\Desktop\m\projects\kevision\CloudHammer\data\random_drawing_crops\gpt_review\Revision_Set_7_37f6066a_p0000_random_0097.jpg,False,0,0,,,,S130,"a. Add Details 7, 8 and 9 for wood decking, joist and post repair due to water damage.",1
Revision_Set_7_37f6066a_p0000_random_0103,F:\Desktop\m\projects\kevision\CloudHammer\data\random_drawing_crops\images\Revision_Set_7_37f6066a_p0000_random_0103.png,F:\Desktop\m\projects\kevision\CloudHammer\data\random_drawing_crops\gpt_review\Revision_Set_7_37f6066a_p0000_random_0103.jpg,False,0,0,,,,S130,"a. Add Details 7, 8 and 9 for wood decking, joist and post repair due to water damage.",1
Revision_Set_7_37f6066a_p0000_random_0127,F:\Desktop\m\projects\kevision\CloudHammer\data\random_drawing_crops\images\Revision_Set_7_37f6066a_p0000_random_0127.png,F:\Desktop\m\projects\kevision\CloudHammer\data\random_drawing_crops\gpt_review\Revision_Set_7_37f6066a_p0000_random_0127.jpg,False,0,0,,,,S130,"a. Add Details 7, 8 and 9 for wood decking, joist and post repair due to water damage.",1
Revision_Set_7_37f6066a_p0000_random_0151,F:\Desktop\m\projects\kevision\CloudHammer\data\random_drawing_crops\images\Revision_Set_7_37f6066a_p0000_random_0151.png,F:\Desktop\m\projects\kevision\CloudHammer\data\random_drawing_crops\gpt_review\Revision_Set_7_37f6066a_p0000_random_0151.jpg,False,0,0,,,,S130,"a. Add Details 7, 8 and 9 for wood decking, joist and post repair due to water damage.",1
Revision_Set_7_37f6066a_p0000_random_0157,F:\Desktop\m\projects\kevision\CloudHammer\data\random_drawing_crops\images\Revision_Set_7_37f6066a_p0000_random_0157.png,F:\Desktop\m\projects\kevision\CloudHammer\data\random_drawing_crops\gpt_review\Revision_Set_7_37f6066a_p0000_random_0157.jpg,False,0,0,,,,S130,"a. Add Details 7, 8 and 9 for wood decking, joist and post repair due to water damage.",1
Revision_Set_7_37f6066a_p0000_random_0163,F:\Desktop\m\projects\kevision\CloudHammer\data\random_drawing_crops\images\Revision_Set_7_37f6066a_p0000_random_0163.png,F:\Desktop\m\projects\kevision\CloudHammer\data\random_drawing_crops\gpt_review\Revision_Set_7_37f6066a_p0000_random_0163.jpg,False,0,0,,,,S130,"a. Add Details 7, 8 and 9 for wood decking, joist and post repair due to water damage.",1
Revision_Set_7_37f6066a_p0000_random_0175,F:\Desktop\m\projects\kevision\CloudHammer\data\random_drawing_crops\images\Revision_Set_7_37f6066a_p0000_random_0175.png,F:\Desktop\m\projects\kevision\CloudHammer\data\random_drawing_crops\gpt_review\Revision_Set_7_37f6066a_p0000_random_0175.jpg,False,0,0,,,,S130,"a. Add Details 7, 8 and 9 for wood decking, joist and post repair due to water damage.",1
Revision_Set_7_37f6066a_p0000_random_0181,F:\Desktop\m\projects\kevision\CloudHammer\data\random_drawing_crops\images\Revision_Set_7_37f6066a_p0000_random_0181.png,F:\Desktop\m\projects\kevision\CloudHammer\data\random_drawing_crops\gpt_review\Revision_Set_7_37f6066a_p0000_random_0181.jpg,False,0,0,,,,S130,"a. Add Details 7, 8 and 9 for wood decking, joist and post repair due to water damage.",1
Revision_Set_7_37f6066a_p0000_random_0187,F:\Desktop\m\projects\kevision\CloudHammer\data\random_drawing_crops\images\Revision_Set_7_37f6066a_p0000_random_0187.png,F:\Desktop\m\projects\kevision\CloudHammer\data\random_drawing_crops\gpt_review\Revision_Set_7_37f6066a_p0000_random_0187.jpg,False,0,0,,,,S130,"a. Add Details 7, 8 and 9 for wood decking, joist and post repair due to water damage.",1
Revision_Set_7_37f6066a_p0001_random_0001,F:\Desktop\m\projects\kevision\CloudHammer\data\random_drawing_crops\images\Revision_Set_7_37f6066a_p0001_random_0001.png,F:\Desktop\m\projects\kevision\CloudHammer\data\random_drawing_crops\gpt_review\Revision_Set_7_37f6066a_p0001_random_0001.jpg,False,0,0,,,,AE102,2ND FLOOR PLAN - SHELL,2
Revision_Set_7_37f6066a_p0001_random_0007,F:\Desktop\m\projects\kevision\CloudHammer\data\random_drawing_crops\images\Revision_Set_7_37f6066a_p0001_random_0007.png,F:\Desktop\m\projects\kevision\CloudHammer\data\random_drawing_crops\gpt_review\Revision_Set_7_37f6066a_p0001_random_0007.jpg,False,0,0,,,,AE102,2ND FLOOR PLAN - SHELL,2
Revision_Set_7_37f6066a_p0001_random_0067,F:\Desktop\m\projects\kevision\CloudHammer\data\random_drawing_crops\images\Revision_Set_7_37f6066a_p0001_random_0067.png,F:\Desktop\m\projects\kevision\CloudHammer\data\random_drawing_crops\gpt_review\Revision_Set_7_37f6066a_p0001_random_0067.jpg,False,0,0,,,,AE102,2ND FLOOR PLAN - SHELL,2
Revision_Set_7_37f6066a_p0001_random_0109,F:\Desktop\m\projects\kevision\CloudHammer\data\random_drawing_crops\images\Revision_Set_7_37f6066a_p0001_random_0109.png,F:\Desktop\m\projects\kevision\CloudHammer\data\random_drawing_crops\gpt_review\Revision_Set_7_37f6066a_p0001_random_0109.jpg,False,0,0,,,,AE102,2ND FLOOR PLAN - SHELL,2
Revision_Set_7_37f6066a_p0001_random_0193,F:\Desktop\m\projects\kevision\CloudHammer\data\random_drawing_crops\images\Revision_Set_7_37f6066a_p0001_random_0193.png,F:\Desktop\m\projects\kevision\CloudHammer\data\random_drawing_crops\gpt_review\Revision_Set_7_37f6066a_p0001_random_0193.jpg,False,0,0,,,,AE102,2ND FLOOR PLAN - SHELL,2
Revision_Set_7_37f6066a_p0002_random_0013,F:\Desktop\m\projects\kevision\CloudHammer\data\random_drawing_crops\images\Revision_Set_7_37f6066a_p0002_random_0013.png,F:\Desktop\m\projects\kevision\CloudHammer\data\random_drawing_crops\gpt_review\Revision_Set_7_37f6066a_p0002_random_0013.jpg,False,0,0,,,,S140,EXISTING RUBBISH CHUTE TO BE MODIFIED FOR NEW OPENING - REFER,3
Revision_Set_7_37f6066a_p0002_random_0061,F:\Desktop\m\projects\kevision\CloudHammer\data\random_drawing_crops\images\Revision_Set_7_37f6066a_p0002_random_0061.png,F:\Desktop\m\projects\kevision\CloudHammer\data\random_drawing_crops\gpt_review\Revision_Set_7_37f6066a_p0002_random_0061.jpg,False,0,0,,,,S140,EXISTING RUBBISH CHUTE TO BE MODIFIED FOR NEW OPENING - REFER,3
Revision_Set_7_37f6066a_p0002_random_0079,F:\Desktop\m\projects\kevision\CloudHammer\data\random_drawing_crops\images\Revision_Set_7_37f6066a_p0002_random_0079.png,F:\Desktop\m\projects\kevision\CloudHammer\data\random_drawing_crops\gpt_review\Revision_Set_7_37f6066a_p0002_random_0079.jpg,False,0,0,,,,S140,EXISTING RUBBISH CHUTE TO BE MODIFIED FOR NEW OPENING - REFER,3
Revision_Set_7_37f6066a_p0002_random_0121,F:\Desktop\m\projects\kevision\CloudHammer\data\random_drawing_crops\images\Revision_Set_7_37f6066a_p0002_random_0121.png,F:\Desktop\m\projects\kevision\CloudHammer\data\random_drawing_crops\gpt_review\Revision_Set_7_37f6066a_p0002_random_0121.jpg,False,0,0,,,,S140,EXISTING RUBBISH CHUTE TO BE MODIFIED FOR NEW OPENING - REFER,3
Revision_Set_7_37f6066a_p0002_random_0133,F:\Desktop\m\projects\kevision\CloudHammer\data\random_drawing_crops\images\Revision_Set_7_37f6066a_p0002_random_0133.png,F:\Desktop\m\projects\kevision\CloudHammer\data\random_drawing_crops\gpt_review\Revision_Set_7_37f6066a_p0002_random_0133.jpg,False,0,0,,,,S140,EXISTING RUBBISH CHUTE TO BE MODIFIED FOR NEW OPENING - REFER,3
Revision_Set_7_37f6066a_p0003_random_0031,F:\Desktop\m\projects\kevision\CloudHammer\data\random_drawing_crops\images\Revision_Set_7_37f6066a_p0003_random_0031.png,F:\Desktop\m\projects\kevision\CloudHammer\data\random_drawing_crops\gpt_review\Revision_Set_7_37f6066a_p0003_random_0031.jpg,False,0,0,,,,C10,"PLATE 5/16""X4""X0'-6""",4
Revision_Set_7_37f6066a_p0003_random_0085,F:\Desktop\m\projects\kevision\CloudHammer\data\random_drawing_crops\images\Revision_Set_7_37f6066a_p0003_random_0085.png,F:\Desktop\m\projects\kevision\CloudHammer\data\random_drawing_crops\gpt_review\Revision_Set_7_37f6066a_p0003_random_0085.jpg,False,0,0,,,,C10,"PLATE 5/16""X4""X0'-6""",4
Revision_Set_7_37f6066a_p0003_random_0115,F:\Desktop\m\projects\kevision\CloudHammer\data\random_drawing_crops\images\Revision_Set_7_37f6066a_p0003_random_0115.png,F:\Desktop\m\projects\kevision\CloudHammer\data\random_drawing_crops\gpt_review\Revision_Set_7_37f6066a_p0003_random_0115.jpg,True,1,0.95,partial,,,C10,"PLATE 5/16""X4""X0'-6""",4
Revision_Set_7_37f6066a_p0003_random_0139,F:\Desktop\m\projects\kevision\CloudHammer\data\random_drawing_crops\images\Revision_Set_7_37f6066a_p0003_random_0139.png,F:\Desktop\m\projects\kevision\CloudHammer\data\random_drawing_crops\gpt_review\Revision_Set_7_37f6066a_p0003_random_0139.jpg,False,0,0,,,,C10,"PLATE 5/16""X4""X0'-6""",4
Revision_Set_7_37f6066a_p0003_random_0145,F:\Desktop\m\projects\kevision\CloudHammer\data\random_drawing_crops\images\Revision_Set_7_37f6066a_p0003_random_0145.png,F:\Desktop\m\projects\kevision\CloudHammer\data\random_drawing_crops\gpt_review\Revision_Set_7_37f6066a_p0003_random_0145.jpg,False,0,0,,,,C10,"PLATE 5/16""X4""X0'-6""",4
Revision_Set_7_37f6066a_p0003_random_0169,F:\Desktop\m\projects\kevision\CloudHammer\data\random_drawing_crops\images\Revision_Set_7_37f6066a_p0003_random_0169.png,F:\Desktop\m\projects\kevision\CloudHammer\data\random_drawing_crops\gpt_review\Revision_Set_7_37f6066a_p0003_random_0169.jpg,False,0,0,,,,C10,"PLATE 5/16""X4""X0'-6""",4
Revision_Set_7_37f6066a_p0003_random_0199,F:\Desktop\m\projects\kevision\CloudHammer\data\random_drawing_crops\images\Revision_Set_7_37f6066a_p0003_random_0199.png,F:\Desktop\m\projects\kevision\CloudHammer\data\random_drawing_crops\gpt_review\Revision_Set_7_37f6066a_p0003_random_0199.jpg,False,0,0,,,,C10,"PLATE 5/16""X4""X0'-6""",4
