review_group,random_crop_id,image_path,label_path,gpt_overlay_path,gpt_has_cloud,gpt_box_count,gpt_max_confidence,gpt_visual_types,human_quick_label,human_notes,sheet_id,sheet_title,page_number
gpt_positive,260219_-_VA_Biloxi_Rev_4_Architectural_1_1fbe070b_p0000_random_0123,F:\Desktop\m\projects\kevision\CloudHammer\data\temp_random_gpt_review_queue\images\260219_-_VA_Biloxi_Rev_4_Architectural_1_1fbe070b_p0000_random_0123.png,F:\Desktop\m\projects\kevision\CloudHammer\data\temp_random_gpt_review_queue\labels\260219_-_VA_Biloxi_Rev_4_Architectural_1_1fbe070b_p0000_random_0123.txt,F:\Desktop\m\projects\kevision\CloudHammer\data\temp_random_gpt_review_queue\gpt_overlays\260219_-_VA_Biloxi_Rev_4_Architectural_1_1fbe070b_p0000_random_0123.jpg,True,3,0.93,intersected;partial;thin,,,AE102,2ND FLOOR PLAN - SHELL,1
gpt_positive,260219_-_VA_Biloxi_Rev_4_Plumbing_1_bed93137_p0004_random_0075,F:\Desktop\m\projects\kevision\CloudHammer\data\temp_random_gpt_review_queue\images\260219_-_VA_Biloxi_Rev_4_Plumbing_1_bed93137_p0004_random_0075.png,F:\Desktop\m\projects\kevision\CloudHammer\data\temp_random_gpt_review_queue\labels\260219_-_VA_Biloxi_Rev_4_Plumbing_1_bed93137_p0004_random_0075.txt,F:\Desktop\m\projects\kevision\CloudHammer\data\temp_random_gpt_review_queue\gpt_overlays\260219_-_VA_Biloxi_Rev_4_Plumbing_1_bed93137_p0004_random_0075.jpg,True,2,0.95,partial,,,PL507,OVERALL MED GAS RISER,5
gpt_positive,260303-VA_Biloxi_Rev_5_RFI-126_56f520d9_p0002_random_0048,F:\Desktop\m\projects\kevision\CloudHammer\data\temp_random_gpt_review_queue\images\260303-VA_Biloxi_Rev_5_RFI-126_56f520d9_p0002_random_0048.png,F:\Desktop\m\projects\kevision\CloudHammer\data\temp_random_gpt_review_queue\labels\260303-VA_Biloxi_Rev_5_RFI-126_56f520d9_p0002_random_0048.txt,F:\Desktop\m\projects\kevision\CloudHammer\data\temp_random_gpt_review_queue\gpt_overlays\260303-VA_Biloxi_Rev_5_RFI-126_56f520d9_p0002_random_0048.jpg,True,1,0.98,partial,,,C10,"PLATE 5/16""X4""X0'-6""",3
gpt_positive,260303-VA_Biloxi_Rev_5_RFI-126_56f520d9_p0002_random_0078,F:\Desktop\m\projects\kevision\CloudHammer\data\temp_random_gpt_review_queue\images\260303-VA_Biloxi_Rev_5_RFI-126_56f520d9_p0002_random_0078.png,F:\Desktop\m\projects\kevision\CloudHammer\data\temp_random_gpt_review_queue\labels\260303-VA_Biloxi_Rev_5_RFI-126_56f520d9_p0002_random_0078.txt,F:\Desktop\m\projects\kevision\CloudHammer\data\temp_random_gpt_review_queue\gpt_overlays\260303-VA_Biloxi_Rev_5_RFI-126_56f520d9_p0002_random_0078.jpg,True,1,0.97,partial,,,C10,"PLATE 5/16""X4""X0'-6""",3
gpt_positive,260303-VA_Biloxi_Rev_5_RFI-126_56f520d9_p0004_random_0012,F:\Desktop\m\projects\kevision\CloudHammer\data\temp_random_gpt_review_queue\images\260303-VA_Biloxi_Rev_5_RFI-126_56f520d9_p0004_random_0012.png,F:\Desktop\m\projects\kevision\CloudHammer\data\temp_random_gpt_review_queue\labels\260303-VA_Biloxi_Rev_5_RFI-126_56f520d9_p0004_random_0012.txt,F:\Desktop\m\projects\kevision\CloudHammer\data\temp_random_gpt_review_queue\gpt_overlays\260303-VA_Biloxi_Rev_5_RFI-126_56f520d9_p0004_random_0012.jpg,True,1,0.98,partial,,,S140,"(E) BRACE FRAME, STITCH WELD CHANNEL TO TOP TUBE OF FRAME WITH BEVEL",5
gpt_positive,260303-VA_Biloxi_Rev_5_RFI-126_56f520d9_p0004_random_0066,F:\Desktop\m\projects\kevision\CloudHammer\data\temp_random_gpt_review_queue\images\260303-VA_Biloxi_Rev_5_RFI-126_56f520d9_p0004_random_0066.png,F:\Desktop\m\projects\kevision\CloudHammer\data\temp_random_gpt_review_queue\labels\260303-VA_Biloxi_Rev_5_RFI-126_56f520d9_p0004_random_0066.txt,F:\Desktop\m\projects\kevision\CloudHammer\data\temp_random_gpt_review_queue\gpt_overlays\260303-VA_Biloxi_Rev_5_RFI-126_56f520d9_p0004_random_0066.jpg,True,1,0.98,partial,,,S140,"(E) BRACE FRAME, STITCH WELD CHANNEL TO TOP TUBE OF FRAME WITH BEVEL",5
gpt_positive,260309_-_Drawing_Rev2-_Steel_Grab_Bars_75d983f3_p0007_random_0070,F:\Desktop\m\projects\kevision\CloudHammer\data\temp_random_gpt_review_queue\images\260309_-_Drawing_Rev2-_Steel_Grab_Bars_75d983f3_p0007_random_0070.png,F:\Desktop\m\projects\kevision\CloudHammer\data\temp_random_gpt_review_queue\labels\260309_-_Drawing_Rev2-_Steel_Grab_Bars_75d983f3_p0007_random_0070.txt,F:\Desktop\m\projects\kevision\CloudHammer\data\temp_random_gpt_review_queue\gpt_overlays\260309_-_Drawing_Rev2-_Steel_Grab_Bars_75d983f3_p0007_random_0070.jpg,True,1,0.78,faint,,,AE401,TYP,8
gpt_positive,260309_-_Drawing_Rev2-_Steel_Grab_Bars_75d983f3_p0026_random_0088,F:\Desktop\m\projects\kevision\CloudHammer\data\temp_random_gpt_review_queue\images\260309_-_Drawing_Rev2-_Steel_Grab_Bars_75d983f3_p0026_random_0088.png,F:\Desktop\m\projects\kevision\CloudHammer\data\temp_random_gpt_review_queue\labels\260309_-_Drawing_Rev2-_Steel_Grab_Bars_75d983f3_p0026_random_0088.txt,F:\Desktop\m\projects\kevision\CloudHammer\data\temp_random_gpt_review_queue\gpt_overlays\260309_-_Drawing_Rev2-_Steel_Grab_Bars_75d983f3_p0026_random_0088.jpg,True,1,0.72,partial,,,P-418,FD-C,27
gpt_positive,260309_-_Drawing_Rev2-_Steel_Grab_Bars_75d983f3_p0026_random_0100,F:\Desktop\m\projects\kevision\CloudHammer\data\temp_random_gpt_review_queue\images\260309_-_Drawing_Rev2-_Steel_Grab_Bars_75d983f3_p0026_random_0100.png,F:\Desktop\m\projects\kevision\CloudHammer\data\temp_random_gpt_review_queue\labels\260309_-_Drawing_Rev2-_Steel_Grab_Bars_75d983f3_p0026_random_0100.txt,F:\Desktop\m\projects\kevision\CloudHammer\data\temp_random_gpt_review_queue\gpt_overlays\260309_-_Drawing_Rev2-_Steel_Grab_Bars_75d983f3_p0026_random_0100.jpg,True,1,0.67,partial,,,P-418,FD-C,27
gpt_positive,260313_-_VA_Biloxi_Rev_3_ff19da68_p0027_random_0167,F:\Desktop\m\projects\kevision\CloudHammer\data\temp_random_gpt_review_queue\images\260313_-_VA_Biloxi_Rev_3_ff19da68_p0027_random_0167.png,F:\Desktop\m\projects\kevision\CloudHammer\data\temp_random_gpt_review_queue\labels\260313_-_VA_Biloxi_Rev_3_ff19da68_p0027_random_0167.txt,F:\Desktop\m\projects\kevision\CloudHammer\data\temp_random_gpt_review_queue\gpt_overlays\260313_-_VA_Biloxi_Rev_3_ff19da68_p0027_random_0167.jpg,True,1,0.98,partial,,,TA2314,US32D,28
gpt_positive,Revision_1_-_Drawing_Changes_6cbee960_p0018_random_0188,F:\Desktop\m\projects\kevision\CloudHammer\data\temp_random_gpt_review_queue\images\Revision_1_-_Drawing_Changes_6cbee960_p0018_random_0188.png,F:\Desktop\m\projects\kevision\CloudHammer\data\temp_random_gpt_review_queue\labels\Revision_1_-_Drawing_Changes_6cbee960_p0018_random_0188.txt,F:\Desktop\m\projects\kevision\CloudHammer\data\temp_random_gpt_review_queue\gpt_overlays\Revision_1_-_Drawing_Changes_6cbee960_p0018_random_0188.jpg,True,0,0,,,,A5109G,"2' - 0""",19
gpt_positive,Revision_1_-_Drawing_Changes_6cbee960_p0027_random_0110,F:\Desktop\m\projects\kevision\CloudHammer\data\temp_random_gpt_review_queue\images\Revision_1_-_Drawing_Changes_6cbee960_p0027_random_0110.png,F:\Desktop\m\projects\kevision\CloudHammer\data\temp_random_gpt_review_queue\labels\Revision_1_-_Drawing_Changes_6cbee960_p0027_random_0110.txt,F:\Desktop\m\projects\kevision\CloudHammer\data\temp_random_gpt_review_queue\gpt_overlays\Revision_1_-_Drawing_Changes_6cbee960_p0027_random_0110.jpg,True,1,0.94,partial,,,AE612,DOOR AND WINDOW DETAILS,28
gpt_positive,Revision_1_-_Drawing_Changes_6cbee960_p0037_random_0122,F:\Desktop\m\projects\kevision\CloudHammer\data\temp_random_gpt_review_queue\images\Revision_1_-_Drawing_Changes_6cbee960_p0037_random_0122.png,F:\Desktop\m\projects\kevision\CloudHammer\data\temp_random_gpt_review_queue\labels\Revision_1_-_Drawing_Changes_6cbee960_p0037_random_0122.txt,F:\Desktop\m\projects\kevision\CloudHammer\data\temp_random_gpt_review_queue\gpt_overlays\Revision_1_-_Drawing_Changes_6cbee960_p0037_random_0122.jpg,True,1,0.95,bold,,,PL404,ENLARGED PLANS - PLUMBING,38
gpt_positive,Revision_Set_7_37f6066a_p0003_random_0115,F:\Desktop\m\projects\kevision\CloudHammer\data\temp_random_gpt_review_queue\images\Revision_Set_7_37f6066a_p0003_random_0115.png,F:\Desktop\m\projects\kevision\CloudHammer\data\temp_random_gpt_review_queue\labels\Revision_Set_7_37f6066a_p0003_random_0115.txt,F:\Desktop\m\projects\kevision\CloudHammer\data\temp_random_gpt_review_queue\gpt_overlays\Revision_Set_7_37f6066a_p0003_random_0115.jpg,True,1,0.95,partial,,,C10,"PLATE 5/16""X4""X0'-6""",4
negative_spotcheck,260303-VA_Biloxi_Rev_5_RFI-126_56f520d9_p0003_random_0006,F:\Desktop\m\projects\kevision\CloudHammer\data\temp_random_gpt_review_queue\images\260303-VA_Biloxi_Rev_5_RFI-126_56f520d9_p0003_random_0006.png,F:\Desktop\m\projects\kevision\CloudHammer\data\temp_random_gpt_review_queue\labels\260303-VA_Biloxi_Rev_5_RFI-126_56f520d9_p0003_random_0006.txt,F:\Desktop\m\projects\kevision\CloudHammer\data\temp_random_gpt_review_queue\gpt_overlays\260303-VA_Biloxi_Rev_5_RFI-126_56f520d9_p0003_random_0006.jpg,False,0,0,,,,S160,"AEMS, PLLC",4
negative_spotcheck,260303-VA_Biloxi_Rev_5_RFI-126_56f520d9_p0003_random_0102,F:\Desktop\m\projects\kevision\CloudHammer\data\temp_random_gpt_review_queue\images\260303-VA_Biloxi_Rev_5_RFI-126_56f520d9_p0003_random_0102.png,F:\Desktop\m\projects\kevision\CloudHammer\data\temp_random_gpt_review_queue\labels\260303-VA_Biloxi_Rev_5_RFI-126_56f520d9_p0003_random_0102.txt,F:\Desktop\m\projects\kevision\CloudHammer\data\temp_random_gpt_review_queue\gpt_overlays\260303-VA_Biloxi_Rev_5_RFI-126_56f520d9_p0003_random_0102.jpg,False,0,0,,,,S160,"AEMS, PLLC",4
negative_spotcheck,260313_-_VA_Biloxi_Rev_3_ff19da68_p0032_random_0089,F:\Desktop\m\projects\kevision\CloudHammer\data\temp_random_gpt_review_queue\images\260313_-_VA_Biloxi_Rev_3_ff19da68_p0032_random_0089.png,F:\Desktop\m\projects\kevision\CloudHammer\data\temp_random_gpt_review_queue\labels\260313_-_VA_Biloxi_Rev_3_ff19da68_p0032_random_0089.txt,F:\Desktop\m\projects\kevision\CloudHammer\data\temp_random_gpt_review_queue\gpt_overlays\260313_-_VA_Biloxi_Rev_3_ff19da68_p0032_random_0089.jpg,False,0,0,,,,S773D,Set: 18.0,33
negative_spotcheck,Revision_Set_7_37f6066a_p0002_random_0121,F:\Desktop\m\projects\kevision\CloudHammer\data\temp_random_gpt_review_queue\images\Revision_Set_7_37f6066a_p0002_random_0121.png,F:\Desktop\m\projects\kevision\CloudHammer\data\temp_random_gpt_review_queue\labels\Revision_Set_7_37f6066a_p0002_random_0121.txt,F:\Desktop\m\projects\kevision\CloudHammer\data\temp_random_gpt_review_queue\gpt_overlays\Revision_Set_7_37f6066a_p0002_random_0121.jpg,False,0,0,,,,S140,EXISTING RUBBISH CHUTE TO BE MODIFIED FOR NEW OPENING - REFER,3
negative_spotcheck,260303-VA_Biloxi_Rev_5_RFI-126_56f520d9_p0002_random_0096,F:\Desktop\m\projects\kevision\CloudHammer\data\temp_random_gpt_review_queue\images\260303-VA_Biloxi_Rev_5_RFI-126_56f520d9_p0002_random_0096.png,F:\Desktop\m\projects\kevision\CloudHammer\data\temp_random_gpt_review_queue\labels\260303-VA_Biloxi_Rev_5_RFI-126_56f520d9_p0002_random_0096.txt,F:\Desktop\m\projects\kevision\CloudHammer\data\temp_random_gpt_review_queue\gpt_overlays\260303-VA_Biloxi_Rev_5_RFI-126_56f520d9_p0002_random_0096.jpg,False,0,0,,,,C10,"PLATE 5/16""X4""X0'-6""",3
negative_spotcheck,260313_-_VA_Biloxi_Rev_3_ff19da68_p0094_random_0011,F:\Desktop\m\projects\kevision\CloudHammer\data\temp_random_gpt_review_queue\images\260313_-_VA_Biloxi_Rev_3_ff19da68_p0094_random_0011.png,F:\Desktop\m\projects\kevision\CloudHammer\data\temp_random_gpt_review_queue\labels\260313_-_VA_Biloxi_Rev_3_ff19da68_p0094_random_0011.txt,F:\Desktop\m\projects\kevision\CloudHammer\data\temp_random_gpt_review_queue\gpt_overlays\260313_-_VA_Biloxi_Rev_3_ff19da68_p0094_random_0011.jpg,False,0,0,,,,,,95
negative_spotcheck,Revision_Set_7_37f6066a_p0003_random_0031,F:\Desktop\m\projects\kevision\CloudHammer\data\temp_random_gpt_review_queue\images\Revision_Set_7_37f6066a_p0003_random_0031.png,F:\Desktop\m\projects\kevision\CloudHammer\data\temp_random_gpt_review_queue\labels\Revision_Set_7_37f6066a_p0003_random_0031.txt,F:\Desktop\m\projects\kevision\CloudHammer\data\temp_random_gpt_review_queue\gpt_overlays\Revision_Set_7_37f6066a_p0003_random_0031.jpg,False,0,0,,,,C10,"PLATE 5/16""X4""X0'-6""",4
negative_spotcheck,Revision_1_-_Drawing_Changes_6cbee960_p0039_random_0176,F:\Desktop\m\projects\kevision\CloudHammer\data\temp_random_gpt_review_queue\images\Revision_1_-_Drawing_Changes_6cbee960_p0039_random_0176.png,F:\Desktop\m\projects\kevision\CloudHammer\data\temp_random_gpt_review_queue\labels\Revision_1_-_Drawing_Changes_6cbee960_p0039_random_0176.txt,F:\Desktop\m\projects\kevision\CloudHammer\data\temp_random_gpt_review_queue\gpt_overlays\Revision_1_-_Drawing_Changes_6cbee960_p0039_random_0176.jpg,False,0,0,,,,P-418,CS-1,40
negative_spotcheck,Revision_Set_7_37f6066a_p0000_random_0175,F:\Desktop\m\projects\kevision\CloudHammer\data\temp_random_gpt_review_queue\images\Revision_Set_7_37f6066a_p0000_random_0175.png,F:\Desktop\m\projects\kevision\CloudHammer\data\temp_random_gpt_review_queue\labels\Revision_Set_7_37f6066a_p0000_random_0175.txt,F:\Desktop\m\projects\kevision\CloudHammer\data\temp_random_gpt_review_queue\gpt_overlays\Revision_Set_7_37f6066a_p0000_random_0175.jpg,False,0,0,,,,S130,"a. Add Details 7, 8 and 9 for wood decking, joist and post repair due to water damage.",1
negative_spotcheck,Revision_Set_7_37f6066a_p0003_random_0085,F:\Desktop\m\projects\kevision\CloudHammer\data\temp_random_gpt_review_queue\images\Revision_Set_7_37f6066a_p0003_random_0085.png,F:\Desktop\m\projects\kevision\CloudHammer\data\temp_random_gpt_review_queue\labels\Revision_Set_7_37f6066a_p0003_random_0085.txt,F:\Desktop\m\projects\kevision\CloudHammer\data\temp_random_gpt_review_queue\gpt_overlays\Revision_Set_7_37f6066a_p0003_random_0085.jpg,False,0,0,,,,C10,"PLATE 5/16""X4""X0'-6""",4
negative_spotcheck,Revision_1_-_Drawing_Changes_6cbee960_p0019_random_0140,F:\Desktop\m\projects\kevision\CloudHammer\data\temp_random_gpt_review_queue\images\Revision_1_-_Drawing_Changes_6cbee960_p0019_random_0140.png,F:\Desktop\m\projects\kevision\CloudHammer\data\temp_random_gpt_review_queue\labels\Revision_1_-_Drawing_Changes_6cbee960_p0019_random_0140.txt,F:\Desktop\m\projects\kevision\CloudHammer\data\temp_random_gpt_review_queue\gpt_overlays\Revision_1_-_Drawing_Changes_6cbee960_p0019_random_0140.jpg,False,0,0,,,,AE125,ENLARGED FLOOR PLANS,20
negative_spotcheck,260313_-_VA_Biloxi_Rev_3_ff19da68_p0154_random_0149,F:\Desktop\m\projects\kevision\CloudHammer\data\temp_random_gpt_review_queue\images\260313_-_VA_Biloxi_Rev_3_ff19da68_p0154_random_0149.png,F:\Desktop\m\projects\kevision\CloudHammer\data\temp_random_gpt_review_queue\labels\260313_-_VA_Biloxi_Rev_3_ff19da68_p0154_random_0149.txt,F:\Desktop\m\projects\kevision\CloudHammer\data\temp_random_gpt_review_queue\gpt_overlays\260313_-_VA_Biloxi_Rev_3_ff19da68_p0154_random_0149.jpg,False,0,0,,,,,,155
negative_spotcheck,Revision_1_-_Drawing_Changes_6cbee960_p0011_random_0146,F:\Desktop\m\projects\kevision\CloudHammer\data\temp_random_gpt_review_queue\images\Revision_1_-_Drawing_Changes_6cbee960_p0011_random_0146.png,F:\Desktop\m\projects\kevision\CloudHammer\data\temp_random_gpt_review_queue\labels\Revision_1_-_Drawing_Changes_6cbee960_p0011_random_0146.txt,F:\Desktop\m\projects\kevision\CloudHammer\data\temp_random_gpt_review_queue\gpt_overlays\Revision_1_-_Drawing_Changes_6cbee960_p0011_random_0146.jpg,False,0,0,,,,AE401,TYP,12
negative_spotcheck,Revision_Set_7_37f6066a_p0003_random_0199,F:\Desktop\m\projects\kevision\CloudHammer\data\temp_random_gpt_review_queue\images\Revision_Set_7_37f6066a_p0003_random_0199.png,F:\Desktop\m\projects\kevision\CloudHammer\data\temp_random_gpt_review_queue\labels\Revision_Set_7_37f6066a_p0003_random_0199.txt,F:\Desktop\m\projects\kevision\CloudHammer\data\temp_random_gpt_review_queue\gpt_overlays\Revision_Set_7_37f6066a_p0003_random_0199.jpg,False,0,0,,,,C10,"PLATE 5/16""X4""X0'-6""",4
negative_spotcheck,260303-VA_Biloxi_Rev_5_RFI-126_56f520d9_p0007_random_0042,F:\Desktop\m\projects\kevision\CloudHammer\data\temp_random_gpt_review_queue\images\260303-VA_Biloxi_Rev_5_RFI-126_56f520d9_p0007_random_0042.png,F:\Desktop\m\projects\kevision\CloudHammer\data\temp_random_gpt_review_queue\labels\260303-VA_Biloxi_Rev_5_RFI-126_56f520d9_p0007_random_0042.txt,F:\Desktop\m\projects\kevision\CloudHammer\data\temp_random_gpt_review_queue\gpt_overlays\260303-VA_Biloxi_Rev_5_RFI-126_56f520d9_p0007_random_0042.jpg,False,0,0,,,,S140,PHOTO A-9,8
negative_spotcheck,260313_-_VA_Biloxi_Rev_3_ff19da68_p0132_random_0185,F:\Desktop\m\projects\kevision\CloudHammer\data\temp_random_gpt_review_queue\images\260313_-_VA_Biloxi_Rev_3_ff19da68_p0132_random_0185.png,F:\Desktop\m\projects\kevision\CloudHammer\data\temp_random_gpt_review_queue\labels\260313_-_VA_Biloxi_Rev_3_ff19da68_p0132_random_0185.txt,F:\Desktop\m\projects\kevision\CloudHammer\data\temp_random_gpt_review_queue\gpt_overlays\260313_-_VA_Biloxi_Rev_3_ff19da68_p0132_random_0185.jpg,False,0,0,,,,,,133
negative_spotcheck,260219_-_VA_Biloxi_Rev_4_Plumbing_1_bed93137_p0002_random_0015,F:\Desktop\m\projects\kevision\CloudHammer\data\temp_random_gpt_review_queue\images\260219_-_VA_Biloxi_Rev_4_Plumbing_1_bed93137_p0002_random_0015.png,F:\Desktop\m\projects\kevision\CloudHammer\data\temp_random_gpt_review_queue\labels\260219_-_VA_Biloxi_Rev_4_Plumbing_1_bed93137_p0002_random_0015.txt,F:\Desktop\m\projects\kevision\CloudHammer\data\temp_random_gpt_review_queue\gpt_overlays\260219_-_VA_Biloxi_Rev_4_Plumbing_1_bed93137_p0002_random_0015.jpg,False,0,0,,,,PL306,5TH FLOOR - MED GAS,3
negative_spotcheck,260219_-_VA_Biloxi_Rev_4_Plumbing_1_bed93137_p0003_random_0069,F:\Desktop\m\projects\kevision\CloudHammer\data\temp_random_gpt_review_queue\images\260219_-_VA_Biloxi_Rev_4_Plumbing_1_bed93137_p0003_random_0069.png,F:\Desktop\m\projects\kevision\CloudHammer\data\temp_random_gpt_review_queue\labels\260219_-_VA_Biloxi_Rev_4_Plumbing_1_bed93137_p0003_random_0069.txt,F:\Desktop\m\projects\kevision\CloudHammer\data\temp_random_gpt_review_queue\gpt_overlays\260219_-_VA_Biloxi_Rev_4_Plumbing_1_bed93137_p0003_random_0069.jpg,False,0,0,,,,PL307,ATTIC - MED GAS,4
negative_spotcheck,Revision_1_-_Drawing_Changes_6cbee960_p0025_random_0008,F:\Desktop\m\projects\kevision\CloudHammer\data\temp_random_gpt_review_queue\images\Revision_1_-_Drawing_Changes_6cbee960_p0025_random_0008.png,F:\Desktop\m\projects\kevision\CloudHammer\data\temp_random_gpt_review_queue\labels\Revision_1_-_Drawing_Changes_6cbee960_p0025_random_0008.txt,F:\Desktop\m\projects\kevision\CloudHammer\data\temp_random_gpt_review_queue\gpt_overlays\Revision_1_-_Drawing_Changes_6cbee960_p0025_random_0008.jpg,False,0,0,,,,AE514,ALUMINUM WINDOW,26
negative_spotcheck,Revision_1_-_Drawing_Changes_6cbee960_p0034_random_0200,F:\Desktop\m\projects\kevision\CloudHammer\data\temp_random_gpt_review_queue\images\Revision_1_-_Drawing_Changes_6cbee960_p0034_random_0200.png,F:\Desktop\m\projects\kevision\CloudHammer\data\temp_random_gpt_review_queue\labels\Revision_1_-_Drawing_Changes_6cbee960_p0034_random_0200.txt,F:\Desktop\m\projects\kevision\CloudHammer\data\temp_random_gpt_review_queue\gpt_overlays\Revision_1_-_Drawing_Changes_6cbee960_p0034_random_0200.jpg,False,0,0,,,,P-418,"EXISTING 4"" SS DN",35
negative_spotcheck,260313_-_VA_Biloxi_Rev_3_ff19da68_p0177_random_0035,F:\Desktop\m\projects\kevision\CloudHammer\data\temp_random_gpt_review_queue\images\260313_-_VA_Biloxi_Rev_3_ff19da68_p0177_random_0035.png,F:\Desktop\m\projects\kevision\CloudHammer\data\temp_random_gpt_review_queue\labels\260313_-_VA_Biloxi_Rev_3_ff19da68_p0177_random_0035.txt,F:\Desktop\m\projects\kevision\CloudHammer\data\temp_random_gpt_review_queue\gpt_overlays\260313_-_VA_Biloxi_Rev_3_ff19da68_p0177_random_0035.jpg,False,0,0,,,,P-420,FD-C,178
negative_spotcheck,Revision_1_-_Drawing_Changes_6cbee960_p0009_random_0068,F:\Desktop\m\projects\kevision\CloudHammer\data\temp_random_gpt_review_queue\images\Revision_1_-_Drawing_Changes_6cbee960_p0009_random_0068.png,F:\Desktop\m\projects\kevision\CloudHammer\data\temp_random_gpt_review_queue\labels\Revision_1_-_Drawing_Changes_6cbee960_p0009_random_0068.txt,F:\Desktop\m\projects\kevision\CloudHammer\data\temp_random_gpt_review_queue\gpt_overlays\Revision_1_-_Drawing_Changes_6cbee960_p0009_random_0068.jpg,False,0,0,,,,AE211,SIM,10
negative_spotcheck,260219_-_VA_Biloxi_Rev_4_Plumbing_1_bed93137_p0004_random_0051,F:\Desktop\m\projects\kevision\CloudHammer\data\temp_random_gpt_review_queue\images\260219_-_VA_Biloxi_Rev_4_Plumbing_1_bed93137_p0004_random_0051.png,F:\Desktop\m\projects\kevision\CloudHammer\data\temp_random_gpt_review_queue\labels\260219_-_VA_Biloxi_Rev_4_Plumbing_1_bed93137_p0004_random_0051.txt,F:\Desktop\m\projects\kevision\CloudHammer\data\temp_random_gpt_review_queue\gpt_overlays\260219_-_VA_Biloxi_Rev_4_Plumbing_1_bed93137_p0004_random_0051.jpg,False,0,0,,,,PL507,OVERALL MED GAS RISER,5
negative_spotcheck,Revision_1_-_Drawing_Changes_6cbee960_p0017_random_0170,F:\Desktop\m\projects\kevision\CloudHammer\data\temp_random_gpt_review_queue\images\Revision_1_-_Drawing_Changes_6cbee960_p0017_random_0170.png,F:\Desktop\m\projects\kevision\CloudHammer\data\temp_random_gpt_review_queue\labels\Revision_1_-_Drawing_Changes_6cbee960_p0017_random_0170.txt,F:\Desktop\m\projects\kevision\CloudHammer\data\temp_random_gpt_review_queue\gpt_overlays\Revision_1_-_Drawing_Changes_6cbee960_p0017_random_0170.jpg,False,0,0,,,,A5109D,7.1,18
negative_spotcheck,260313_-_VA_Biloxi_Rev_3_ff19da68_p0121_random_0065,F:\Desktop\m\projects\kevision\CloudHammer\data\temp_random_gpt_review_queue\images\260313_-_VA_Biloxi_Rev_3_ff19da68_p0121_random_0065.png,F:\Desktop\m\projects\kevision\CloudHammer\data\temp_random_gpt_review_queue\labels\260313_-_VA_Biloxi_Rev_3_ff19da68_p0121_random_0065.txt,F:\Desktop\m\projects\kevision\CloudHammer\data\temp_random_gpt_review_queue\gpt_overlays\260313_-_VA_Biloxi_Rev_3_ff19da68_p0121_random_0065.jpg,False,0,0,,,,,b. Each schedule shall be composed of a minimum of two dates with,122
negative_spotcheck,260313_-_VA_Biloxi_Rev_3_ff19da68_p0143_random_0059,F:\Desktop\m\projects\kevision\CloudHammer\data\temp_random_gpt_review_queue\images\260313_-_VA_Biloxi_Rev_3_ff19da68_p0143_random_0059.png,F:\Desktop\m\projects\kevision\CloudHammer\data\temp_random_gpt_review_queue\labels\260313_-_VA_Biloxi_Rev_3_ff19da68_p0143_random_0059.txt,F:\Desktop\m\projects\kevision\CloudHammer\data\temp_random_gpt_review_queue\gpt_overlays\260313_-_VA_Biloxi_Rev_3_ff19da68_p0143_random_0059.jpg,False,0,0,,,,,,144
negative_spotcheck,260313_-_VA_Biloxi_Rev_3_ff19da68_p0040_random_0125,F:\Desktop\m\projects\kevision\CloudHammer\data\temp_random_gpt_review_queue\images\260313_-_VA_Biloxi_Rev_3_ff19da68_p0040_random_0125.png,F:\Desktop\m\projects\kevision\CloudHammer\data\temp_random_gpt_review_queue\labels\260313_-_VA_Biloxi_Rev_3_ff19da68_p0040_random_0125.txt,F:\Desktop\m\projects\kevision\CloudHammer\data\temp_random_gpt_review_queue\gpt_overlays\260313_-_VA_Biloxi_Rev_3_ff19da68_p0040_random_0125.jpg,False,0,0,,,,C-913,2 Track System,41
negative_spotcheck,Revision_Set_7_37f6066a_p0000_random_0019,F:\Desktop\m\projects\kevision\CloudHammer\data\temp_random_gpt_review_queue\images\Revision_Set_7_37f6066a_p0000_random_0019.png,F:\Desktop\m\projects\kevision\CloudHammer\data\temp_random_gpt_review_queue\labels\Revision_Set_7_37f6066a_p0000_random_0019.txt,F:\Desktop\m\projects\kevision\CloudHammer\data\temp_random_gpt_review_queue\gpt_overlays\Revision_Set_7_37f6066a_p0000_random_0019.jpg,False,0,0,,,,S130,"a. Add Details 7, 8 and 9 for wood decking, joist and post repair due to water damage.",1
negative_spotcheck,Revision_Set_7_37f6066a_p0003_random_0169,F:\Desktop\m\projects\kevision\CloudHammer\data\temp_random_gpt_review_queue\images\Revision_Set_7_37f6066a_p0003_random_0169.png,F:\Desktop\m\projects\kevision\CloudHammer\data\temp_random_gpt_review_queue\labels\Revision_Set_7_37f6066a_p0003_random_0169.txt,F:\Desktop\m\projects\kevision\CloudHammer\data\temp_random_gpt_review_queue\gpt_overlays\Revision_Set_7_37f6066a_p0003_random_0169.jpg,False,0,0,,,,C10,"PLATE 5/16""X4""X0'-6""",4
negative_spotcheck,260303-VA_Biloxi_Rev_5_RFI-126_56f520d9_p0007_random_0126,F:\Desktop\m\projects\kevision\CloudHammer\data\temp_random_gpt_review_queue\images\260303-VA_Biloxi_Rev_5_RFI-126_56f520d9_p0007_random_0126.png,F:\Desktop\m\projects\kevision\CloudHammer\data\temp_random_gpt_review_queue\labels\260303-VA_Biloxi_Rev_5_RFI-126_56f520d9_p0007_random_0126.txt,F:\Desktop\m\projects\kevision\CloudHammer\data\temp_random_gpt_review_queue\gpt_overlays\260303-VA_Biloxi_Rev_5_RFI-126_56f520d9_p0007_random_0126.jpg,False,0,0,,,,S140,PHOTO A-9,8
negative_spotcheck,260313_-_VA_Biloxi_Rev_3_ff19da68_p0185_random_0101,F:\Desktop\m\projects\kevision\CloudHammer\data\temp_random_gpt_review_queue\images\260313_-_VA_Biloxi_Rev_3_ff19da68_p0185_random_0101.png,F:\Desktop\m\projects\kevision\CloudHammer\data\temp_random_gpt_review_queue\labels\260313_-_VA_Biloxi_Rev_3_ff19da68_p0185_random_0101.txt,F:\Desktop\m\projects\kevision\CloudHammer\data\temp_random_gpt_review_queue\gpt_overlays\260313_-_VA_Biloxi_Rev_3_ff19da68_p0185_random_0101.jpg,False,0,0,,,,MH301,VAV,186
negative_spotcheck,260309_-_Drawing_Rev2-_Steel_Grab_Bars_75d983f3_p0000_random_0082,F:\Desktop\m\projects\kevision\CloudHammer\data\temp_random_gpt_review_queue\images\260309_-_Drawing_Rev2-_Steel_Grab_Bars_75d983f3_p0000_random_0082.png,F:\Desktop\m\projects\kevision\CloudHammer\data\temp_random_gpt_review_queue\labels\260309_-_Drawing_Rev2-_Steel_Grab_Bars_75d983f3_p0000_random_0082.txt,F:\Desktop\m\projects\kevision\CloudHammer\data\temp_random_gpt_review_queue\gpt_overlays\260309_-_Drawing_Rev2-_Steel_Grab_Bars_75d983f3_p0000_random_0082.jpg,False,0,0,,,,AE108.2,patient room corridor wall per response to RFI 110.,1
negative_spotcheck,260303-VA_Biloxi_Rev_5_RFI-126_56f520d9_p0003_random_0036,F:\Desktop\m\projects\kevision\CloudHammer\data\temp_random_gpt_review_queue\images\260303-VA_Biloxi_Rev_5_RFI-126_56f520d9_p0003_random_0036.png,F:\Desktop\m\projects\kevision\CloudHammer\data\temp_random_gpt_review_queue\labels\260303-VA_Biloxi_Rev_5_RFI-126_56f520d9_p0003_random_0036.txt,F:\Desktop\m\projects\kevision\CloudHammer\data\temp_random_gpt_review_queue\gpt_overlays\260303-VA_Biloxi_Rev_5_RFI-126_56f520d9_p0003_random_0036.jpg,False,0,0,,,,S160,"AEMS, PLLC",4
negative_spotcheck,Revision_Set_7_37f6066a_p0000_random_0091,F:\Desktop\m\projects\kevision\CloudHammer\data\temp_random_gpt_review_queue\images\Revision_Set_7_37f6066a_p0000_random_0091.png,F:\Desktop\m\projects\kevision\CloudHammer\data\temp_random_gpt_review_queue\labels\Revision_Set_7_37f6066a_p0000_random_0091.txt,F:\Desktop\m\projects\kevision\CloudHammer\data\temp_random_gpt_review_queue\gpt_overlays\Revision_Set_7_37f6066a_p0000_random_0091.jpg,False,0,0,,,,S130,"a. Add Details 7, 8 and 9 for wood decking, joist and post repair due to water damage.",1
negative_spotcheck,Revision_Set_7_37f6066a_p0000_random_0151,F:\Desktop\m\projects\kevision\CloudHammer\data\temp_random_gpt_review_queue\images\Revision_Set_7_37f6066a_p0000_random_0151.png,F:\Desktop\m\projects\kevision\CloudHammer\data\temp_random_gpt_review_queue\labels\Revision_Set_7_37f6066a_p0000_random_0151.txt,F:\Desktop\m\projects\kevision\CloudHammer\data\temp_random_gpt_review_queue\gpt_overlays\Revision_Set_7_37f6066a_p0000_random_0151.jpg,False,0,0,,,,S130,"a. Add Details 7, 8 and 9 for wood decking, joist and post repair due to water damage.",1
negative_spotcheck,260309_-_Drawing_Rev2-_Steel_Grab_Bars_75d983f3_p0024_random_0190,F:\Desktop\m\projects\kevision\CloudHammer\data\temp_random_gpt_review_queue\images\260309_-_Drawing_Rev2-_Steel_Grab_Bars_75d983f3_p0024_random_0190.png,F:\Desktop\m\projects\kevision\CloudHammer\data\temp_random_gpt_review_queue\labels\260309_-_Drawing_Rev2-_Steel_Grab_Bars_75d983f3_p0024_random_0190.txt,F:\Desktop\m\projects\kevision\CloudHammer\data\temp_random_gpt_review_queue\gpt_overlays\260309_-_Drawing_Rev2-_Steel_Grab_Bars_75d983f3_p0024_random_0190.jpg,False,0,0,,,,P-418,"4"" SS",25
negative_spotcheck,260219_-_VA_Biloxi_Rev_4_Plumbing_1_bed93137_p0000_random_0099,F:\Desktop\m\projects\kevision\CloudHammer\data\temp_random_gpt_review_queue\images\260219_-_VA_Biloxi_Rev_4_Plumbing_1_bed93137_p0000_random_0099.png,F:\Desktop\m\projects\kevision\CloudHammer\data\temp_random_gpt_review_queue\labels\260219_-_VA_Biloxi_Rev_4_Plumbing_1_bed93137_p0000_random_0099.txt,F:\Desktop\m\projects\kevision\CloudHammer\data\temp_random_gpt_review_queue\gpt_overlays\260219_-_VA_Biloxi_Rev_4_Plumbing_1_bed93137_p0000_random_0099.jpg,False,0,0,,,,PL302,EXISTING 1ST FLOOR - MED GAS,1
negative_spotcheck,260303-VA_Biloxi_Rev_5_RFI-126_56f520d9_p0006_random_0030,F:\Desktop\m\projects\kevision\CloudHammer\data\temp_random_gpt_review_queue\images\260303-VA_Biloxi_Rev_5_RFI-126_56f520d9_p0006_random_0030.png,F:\Desktop\m\projects\kevision\CloudHammer\data\temp_random_gpt_review_queue\labels\260303-VA_Biloxi_Rev_5_RFI-126_56f520d9_p0006_random_0030.txt,F:\Desktop\m\projects\kevision\CloudHammer\data\temp_random_gpt_review_queue\gpt_overlays\260303-VA_Biloxi_Rev_5_RFI-126_56f520d9_p0006_random_0030.jpg,False,0,0,,,,S142,NOTE:,7
negative_spotcheck,Revision_Set_7_37f6066a_p0000_random_0127,F:\Desktop\m\projects\kevision\CloudHammer\data\temp_random_gpt_review_queue\images\Revision_Set_7_37f6066a_p0000_random_0127.png,F:\Desktop\m\projects\kevision\CloudHammer\data\temp_random_gpt_review_queue\labels\Revision_Set_7_37f6066a_p0000_random_0127.txt,F:\Desktop\m\projects\kevision\CloudHammer\data\temp_random_gpt_review_queue\gpt_overlays\Revision_Set_7_37f6066a_p0000_random_0127.jpg,False,0,0,,,,S130,"a. Add Details 7, 8 and 9 for wood decking, joist and post repair due to water damage.",1
negative_spotcheck,260219_-_VA_Biloxi_Rev_4_Plumbing_1_bed93137_p0001_random_0129,F:\Desktop\m\projects\kevision\CloudHammer\data\temp_random_gpt_review_queue\images\260219_-_VA_Biloxi_Rev_4_Plumbing_1_bed93137_p0001_random_0129.png,F:\Desktop\m\projects\kevision\CloudHammer\data\temp_random_gpt_review_queue\labels\260219_-_VA_Biloxi_Rev_4_Plumbing_1_bed93137_p0001_random_0129.txt,F:\Desktop\m\projects\kevision\CloudHammer\data\temp_random_gpt_review_queue\gpt_overlays\260219_-_VA_Biloxi_Rev_4_Plumbing_1_bed93137_p0001_random_0129.jpg,False,0,0,,,,PL305,4TH FLOOR - MED GAS,2
negative_spotcheck,260303-VA_Biloxi_Rev_5_RFI-126_56f520d9_p0001_random_0186,F:\Desktop\m\projects\kevision\CloudHammer\data\temp_random_gpt_review_queue\images\260303-VA_Biloxi_Rev_5_RFI-126_56f520d9_p0001_random_0186.png,F:\Desktop\m\projects\kevision\CloudHammer\data\temp_random_gpt_review_queue\labels\260303-VA_Biloxi_Rev_5_RFI-126_56f520d9_p0001_random_0186.txt,F:\Desktop\m\projects\kevision\CloudHammer\data\temp_random_gpt_review_queue\gpt_overlays\260303-VA_Biloxi_Rev_5_RFI-126_56f520d9_p0001_random_0186.jpg,False,0,0,,,,AE102,2ND FLOOR PLAN - SHELL,2
negative_spotcheck,260313_-_VA_Biloxi_Rev_3_ff19da68_p0016_random_0005,F:\Desktop\m\projects\kevision\CloudHammer\data\temp_random_gpt_review_queue\images\260313_-_VA_Biloxi_Rev_3_ff19da68_p0016_random_0005.png,F:\Desktop\m\projects\kevision\CloudHammer\data\temp_random_gpt_review_queue\labels\260313_-_VA_Biloxi_Rev_3_ff19da68_p0016_random_0005.txt,F:\Desktop\m\projects\kevision\CloudHammer\data\temp_random_gpt_review_queue\gpt_overlays\260313_-_VA_Biloxi_Rev_3_ff19da68_p0016_random_0005.jpg,False,0,0,,,,A156.6,B. Provide protective plates and door edging as specified below:,17
negative_spotcheck,Revision_Set_7_37f6066a_p0000_random_0157,F:\Desktop\m\projects\kevision\CloudHammer\data\temp_random_gpt_review_queue\images\Revision_Set_7_37f6066a_p0000_random_0157.png,F:\Desktop\m\projects\kevision\CloudHammer\data\temp_random_gpt_review_queue\labels\Revision_Set_7_37f6066a_p0000_random_0157.txt,F:\Desktop\m\projects\kevision\CloudHammer\data\temp_random_gpt_review_queue\gpt_overlays\Revision_Set_7_37f6066a_p0000_random_0157.jpg,False,0,0,,,,S130,"a. Add Details 7, 8 and 9 for wood decking, joist and post repair due to water damage.",1
negative_spotcheck,260313_-_VA_Biloxi_Rev_3_ff19da68_p0104_random_0071,F:\Desktop\m\projects\kevision\CloudHammer\data\temp_random_gpt_review_queue\images\260313_-_VA_Biloxi_Rev_3_ff19da68_p0104_random_0071.png,F:\Desktop\m\projects\kevision\CloudHammer\data\temp_random_gpt_review_queue\labels\260313_-_VA_Biloxi_Rev_3_ff19da68_p0104_random_0071.txt,F:\Desktop\m\projects\kevision\CloudHammer\data\temp_random_gpt_review_queue\gpt_overlays\260313_-_VA_Biloxi_Rev_3_ff19da68_p0104_random_0071.jpg,False,0,0,,,,,adjustments or other non-scheduled work. See also General Project,105
negative_spotcheck,260309_-_Drawing_Rev2-_Steel_Grab_Bars_75d983f3_p0023_random_0136,F:\Desktop\m\projects\kevision\CloudHammer\data\temp_random_gpt_review_queue\images\260309_-_Drawing_Rev2-_Steel_Grab_Bars_75d983f3_p0023_random_0136.png,F:\Desktop\m\projects\kevision\CloudHammer\data\temp_random_gpt_review_queue\labels\260309_-_Drawing_Rev2-_Steel_Grab_Bars_75d983f3_p0023_random_0136.txt,F:\Desktop\m\projects\kevision\CloudHammer\data\temp_random_gpt_review_queue\gpt_overlays\260309_-_Drawing_Rev2-_Steel_Grab_Bars_75d983f3_p0023_random_0136.jpg,False,0,0,,,,P-418,"EXISTING 4"" SS DN",24
negative_spotcheck,Revision_Set_7_37f6066a_p0000_random_0055,F:\Desktop\m\projects\kevision\CloudHammer\data\temp_random_gpt_review_queue\images\Revision_Set_7_37f6066a_p0000_random_0055.png,F:\Desktop\m\projects\kevision\CloudHammer\data\temp_random_gpt_review_queue\labels\Revision_Set_7_37f6066a_p0000_random_0055.txt,F:\Desktop\m\projects\kevision\CloudHammer\data\temp_random_gpt_review_queue\gpt_overlays\Revision_Set_7_37f6066a_p0000_random_0055.jpg,False,0,0,,,,S130,"a. Add Details 7, 8 and 9 for wood decking, joist and post repair due to water damage.",1
negative_spotcheck,260309_-_Drawing_Rev2-_Steel_Grab_Bars_75d983f3_p0002_random_0094,F:\Desktop\m\projects\kevision\CloudHammer\data\temp_random_gpt_review_queue\images\260309_-_Drawing_Rev2-_Steel_Grab_Bars_75d983f3_p0002_random_0094.png,F:\Desktop\m\projects\kevision\CloudHammer\data\temp_random_gpt_review_queue\labels\260309_-_Drawing_Rev2-_Steel_Grab_Bars_75d983f3_p0002_random_0094.txt,F:\Desktop\m\projects\kevision\CloudHammer\data\temp_random_gpt_review_queue\gpt_overlays\260309_-_Drawing_Rev2-_Steel_Grab_Bars_75d983f3_p0002_random_0094.jpg,False,0,0,,,,PL508,ATTACHMENTS: Itemized above.,3
negative_spotcheck,260303-VA_Biloxi_Rev_5_RFI-126_56f520d9_p0001_random_0162,F:\Desktop\m\projects\kevision\CloudHammer\data\temp_random_gpt_review_queue\images\260303-VA_Biloxi_Rev_5_RFI-126_56f520d9_p0001_random_0162.png,F:\Desktop\m\projects\kevision\CloudHammer\data\temp_random_gpt_review_queue\labels\260303-VA_Biloxi_Rev_5_RFI-126_56f520d9_p0001_random_0162.txt,F:\Desktop\m\projects\kevision\CloudHammer\data\temp_random_gpt_review_queue\gpt_overlays\260303-VA_Biloxi_Rev_5_RFI-126_56f520d9_p0001_random_0162.jpg,False,0,0,,,,AE102,2ND FLOOR PLAN - SHELL,2
negative_spotcheck,260309_-_Drawing_Rev2-_Steel_Grab_Bars_75d983f3_p0024_random_0112,F:\Desktop\m\projects\kevision\CloudHammer\data\temp_random_gpt_review_queue\images\260309_-_Drawing_Rev2-_Steel_Grab_Bars_75d983f3_p0024_random_0112.png,F:\Desktop\m\projects\kevision\CloudHammer\data\temp_random_gpt_review_queue\labels\260309_-_Drawing_Rev2-_Steel_Grab_Bars_75d983f3_p0024_random_0112.txt,F:\Desktop\m\projects\kevision\CloudHammer\data\temp_random_gpt_review_queue\gpt_overlays\260309_-_Drawing_Rev2-_Steel_Grab_Bars_75d983f3_p0024_random_0112.jpg,False,0,0,,,,P-418,"4"" SS",25
negative_spotcheck,260313_-_VA_Biloxi_Rev_3_ff19da68_p0045_random_0053,F:\Desktop\m\projects\kevision\CloudHammer\data\temp_random_gpt_review_queue\images\260313_-_VA_Biloxi_Rev_3_ff19da68_p0045_random_0053.png,F:\Desktop\m\projects\kevision\CloudHammer\data\temp_random_gpt_review_queue\labels\260313_-_VA_Biloxi_Rev_3_ff19da68_p0045_random_0053.txt,F:\Desktop\m\projects\kevision\CloudHammer\data\temp_random_gpt_review_queue\gpt_overlays\260313_-_VA_Biloxi_Rev_3_ff19da68_p0045_random_0053.jpg,False,0,0,,,,A112.19,"elongated bowl, siphon jet, wall outlet, with bedpan lugs-bedpan",46
