cloud_roi_id,image_path,label_path,api_label_path,api_confidence,visual_type,has_cloud,accepted_box_count,reason_for_selection,source_batch,cloud_likeness,contains_marker
Revision_1_-_Drawing_Changes_6cbee960_p0024_m027,C:\Users\brochardgm\Desktop\kevision\CloudHammer\data\cloud_roi_images\Revision_1_-_Drawing_Changes_6cbee960_p0024_m027.png,C:\Users\brochardgm\Desktop\kevision\CloudHammer\data\cloud_labels_reviewed\Revision_1_-_Drawing_Changes_6cbee960_p0024_m027.txt,C:\Users\brochardgm\Desktop\kevision\CloudHammer\data\api_cloud_labels_unreviewed\Revision_1_-_Drawing_Changes_6cbee960_p0024_m027.txt,0.94,thin,True,1,thin_or_faint_positive,batch_002_thin_faint,0.6344,True
260309_-_Drawing_Rev2-_Steel_Grab_Bars_75d983f3_p0018_m005,C:\Users\brochardgm\Desktop\kevision\CloudHammer\data\cloud_roi_images\260309_-_Drawing_Rev2-_Steel_Grab_Bars_75d983f3_p0018_m005.png,C:\Users\brochardgm\Desktop\kevision\CloudHammer\data\cloud_labels_reviewed\260309_-_Drawing_Rev2-_Steel_Grab_Bars_75d983f3_p0018_m005.txt,C:\Users\brochardgm\Desktop\kevision\CloudHammer\data\api_cloud_labels_unreviewed\260309_-_Drawing_Rev2-_Steel_Grab_Bars_75d983f3_p0018_m005.txt,0.94,faint,True,4,thin_or_faint_positive,batch_002_thin_faint,0.6333,True
Revision_1_-_Drawing_Changes_6cbee960_p0024_m072,C:\Users\brochardgm\Desktop\kevision\CloudHammer\data\cloud_roi_images\Revision_1_-_Drawing_Changes_6cbee960_p0024_m072.png,C:\Users\brochardgm\Desktop\kevision\CloudHammer\data\cloud_labels_reviewed\Revision_1_-_Drawing_Changes_6cbee960_p0024_m072.txt,C:\Users\brochardgm\Desktop\kevision\CloudHammer\data\api_cloud_labels_unreviewed\Revision_1_-_Drawing_Changes_6cbee960_p0024_m072.txt,0.94,thin,True,2,thin_or_faint_positive,batch_002_thin_faint,0.5251,True
Revision_1_-_Drawing_Changes_6cbee960_p0024_m088,C:\Users\brochardgm\Desktop\kevision\CloudHammer\data\cloud_roi_images\Revision_1_-_Drawing_Changes_6cbee960_p0024_m088.png,C:\Users\brochardgm\Desktop\kevision\CloudHammer\data\cloud_labels_reviewed\Revision_1_-_Drawing_Changes_6cbee960_p0024_m088.txt,C:\Users\brochardgm\Desktop\kevision\CloudHammer\data\api_cloud_labels_unreviewed\Revision_1_-_Drawing_Changes_6cbee960_p0024_m088.txt,0.94,thin,True,1,thin_or_faint_positive,batch_002_thin_faint,0.4818,True
Revision_1_-_Drawing_Changes_6cbee960_p0006_m004,C:\Users\brochardgm\Desktop\kevision\CloudHammer\data\cloud_roi_images\Revision_1_-_Drawing_Changes_6cbee960_p0006_m004.png,C:\Users\brochardgm\Desktop\kevision\CloudHammer\data\cloud_labels_reviewed\Revision_1_-_Drawing_Changes_6cbee960_p0006_m004.txt,C:\Users\brochardgm\Desktop\kevision\CloudHammer\data\api_cloud_labels_unreviewed\Revision_1_-_Drawing_Changes_6cbee960_p0006_m004.txt,0.93,thin,True,2,thin_or_faint_positive,batch_002_thin_faint,0.8189,True
Revision_1_-_Drawing_Changes_6cbee960_p0028_m031,C:\Users\brochardgm\Desktop\kevision\CloudHammer\data\cloud_roi_images\Revision_1_-_Drawing_Changes_6cbee960_p0028_m031.png,C:\Users\brochardgm\Desktop\kevision\CloudHammer\data\cloud_labels_reviewed\Revision_1_-_Drawing_Changes_6cbee960_p0028_m031.txt,C:\Users\brochardgm\Desktop\kevision\CloudHammer\data\api_cloud_labels_unreviewed\Revision_1_-_Drawing_Changes_6cbee960_p0028_m031.txt,0.93,thin,True,4,thin_or_faint_positive,batch_002_thin_faint,0.7904,True
260309_-_Drawing_Rev2-_Steel_Grab_Bars_75d983f3_p0008_m010,C:\Users\brochardgm\Desktop\kevision\CloudHammer\data\cloud_roi_images\260309_-_Drawing_Rev2-_Steel_Grab_Bars_75d983f3_p0008_m010.png,C:\Users\brochardgm\Desktop\kevision\CloudHammer\data\cloud_labels_reviewed\260309_-_Drawing_Rev2-_Steel_Grab_Bars_75d983f3_p0008_m010.txt,C:\Users\brochardgm\Desktop\kevision\CloudHammer\data\api_cloud_labels_unreviewed\260309_-_Drawing_Rev2-_Steel_Grab_Bars_75d983f3_p0008_m010.txt,0.93,thin,True,1,thin_or_faint_positive,batch_002_thin_faint,0.7894,True
Revision_1_-_Drawing_Changes_6cbee960_p0028_m064,C:\Users\brochardgm\Desktop\kevision\CloudHammer\data\cloud_roi_images\Revision_1_-_Drawing_Changes_6cbee960_p0028_m064.png,C:\Users\brochardgm\Desktop\kevision\CloudHammer\data\cloud_labels_reviewed\Revision_1_-_Drawing_Changes_6cbee960_p0028_m064.txt,C:\Users\brochardgm\Desktop\kevision\CloudHammer\data\api_cloud_labels_unreviewed\Revision_1_-_Drawing_Changes_6cbee960_p0028_m064.txt,0.93,thin,True,2,thin_or_faint_positive,batch_002_thin_faint,0.7671,True
Revision_1_-_Drawing_Changes_6cbee960_p0028_m071,C:\Users\brochardgm\Desktop\kevision\CloudHammer\data\cloud_roi_images\Revision_1_-_Drawing_Changes_6cbee960_p0028_m071.png,C:\Users\brochardgm\Desktop\kevision\CloudHammer\data\cloud_labels_reviewed\Revision_1_-_Drawing_Changes_6cbee960_p0028_m071.txt,C:\Users\brochardgm\Desktop\kevision\CloudHammer\data\api_cloud_labels_unreviewed\Revision_1_-_Drawing_Changes_6cbee960_p0028_m071.txt,0.93,thin,True,3,thin_or_faint_positive,batch_002_thin_faint,0.7627,True
Revision_1_-_Drawing_Changes_6cbee960_p0011_m042,C:\Users\brochardgm\Desktop\kevision\CloudHammer\data\cloud_roi_images\Revision_1_-_Drawing_Changes_6cbee960_p0011_m042.png,C:\Users\brochardgm\Desktop\kevision\CloudHammer\data\cloud_labels_reviewed\Revision_1_-_Drawing_Changes_6cbee960_p0011_m042.txt,C:\Users\brochardgm\Desktop\kevision\CloudHammer\data\api_cloud_labels_unreviewed\Revision_1_-_Drawing_Changes_6cbee960_p0011_m042.txt,0.93,thin,True,2,thin_or_faint_positive,batch_002_thin_faint,0.7572,True
Revision_1_-_Drawing_Changes_6cbee960_p0017_m023,C:\Users\brochardgm\Desktop\kevision\CloudHammer\data\cloud_roi_images\Revision_1_-_Drawing_Changes_6cbee960_p0017_m023.png,C:\Users\brochardgm\Desktop\kevision\CloudHammer\data\cloud_labels_reviewed\Revision_1_-_Drawing_Changes_6cbee960_p0017_m023.txt,C:\Users\brochardgm\Desktop\kevision\CloudHammer\data\api_cloud_labels_unreviewed\Revision_1_-_Drawing_Changes_6cbee960_p0017_m023.txt,0.93,thin,True,1,thin_or_faint_positive,batch_002_thin_faint,0.7517,True
Revision_1_-_Drawing_Changes_6cbee960_p0019_m002,C:\Users\brochardgm\Desktop\kevision\CloudHammer\data\cloud_roi_images\Revision_1_-_Drawing_Changes_6cbee960_p0019_m002.png,C:\Users\brochardgm\Desktop\kevision\CloudHammer\data\cloud_labels_reviewed\Revision_1_-_Drawing_Changes_6cbee960_p0019_m002.txt,C:\Users\brochardgm\Desktop\kevision\CloudHammer\data\api_cloud_labels_unreviewed\Revision_1_-_Drawing_Changes_6cbee960_p0019_m002.txt,0.93,faint,True,3,thin_or_faint_positive,batch_002_thin_faint,0.7453,True
Revision_1_-_Drawing_Changes_6cbee960_p0018_m051,C:\Users\brochardgm\Desktop\kevision\CloudHammer\data\cloud_roi_images\Revision_1_-_Drawing_Changes_6cbee960_p0018_m051.png,C:\Users\brochardgm\Desktop\kevision\CloudHammer\data\cloud_labels_reviewed\Revision_1_-_Drawing_Changes_6cbee960_p0018_m051.txt,C:\Users\brochardgm\Desktop\kevision\CloudHammer\data\api_cloud_labels_unreviewed\Revision_1_-_Drawing_Changes_6cbee960_p0018_m051.txt,0.93,thin,True,1,thin_or_faint_positive,batch_002_thin_faint,0.7392,True
Revision_1_-_Drawing_Changes_6cbee960_p0017_m064,C:\Users\brochardgm\Desktop\kevision\CloudHammer\data\cloud_roi_images\Revision_1_-_Drawing_Changes_6cbee960_p0017_m064.png,C:\Users\brochardgm\Desktop\kevision\CloudHammer\data\cloud_labels_reviewed\Revision_1_-_Drawing_Changes_6cbee960_p0017_m064.txt,C:\Users\brochardgm\Desktop\kevision\CloudHammer\data\api_cloud_labels_unreviewed\Revision_1_-_Drawing_Changes_6cbee960_p0017_m064.txt,0.93,thin,True,2,thin_or_faint_positive,batch_002_thin_faint,0.711,True
260309_-_Drawing_Rev2-_Steel_Grab_Bars_75d983f3_p0015_m010,C:\Users\brochardgm\Desktop\kevision\CloudHammer\data\cloud_roi_images\260309_-_Drawing_Rev2-_Steel_Grab_Bars_75d983f3_p0015_m010.png,C:\Users\brochardgm\Desktop\kevision\CloudHammer\data\cloud_labels_reviewed\260309_-_Drawing_Rev2-_Steel_Grab_Bars_75d983f3_p0015_m010.txt,C:\Users\brochardgm\Desktop\kevision\CloudHammer\data\api_cloud_labels_unreviewed\260309_-_Drawing_Rev2-_Steel_Grab_Bars_75d983f3_p0015_m010.txt,0.93,thin,True,1,thin_or_faint_positive,batch_002_thin_faint,0.6992,True
260309_-_Drawing_Rev2-_Steel_Grab_Bars_75d983f3_p0004_m013,C:\Users\brochardgm\Desktop\kevision\CloudHammer\data\cloud_roi_images\260309_-_Drawing_Rev2-_Steel_Grab_Bars_75d983f3_p0004_m013.png,C:\Users\brochardgm\Desktop\kevision\CloudHammer\data\cloud_labels_reviewed\260309_-_Drawing_Rev2-_Steel_Grab_Bars_75d983f3_p0004_m013.txt,C:\Users\brochardgm\Desktop\kevision\CloudHammer\data\api_cloud_labels_unreviewed\260309_-_Drawing_Rev2-_Steel_Grab_Bars_75d983f3_p0004_m013.txt,0.93,thin,True,1,thin_or_faint_positive,batch_002_thin_faint,0.6949,True
260309_-_Drawing_Rev2-_Steel_Grab_Bars_75d983f3_p0004_m015,C:\Users\brochardgm\Desktop\kevision\CloudHammer\data\cloud_roi_images\260309_-_Drawing_Rev2-_Steel_Grab_Bars_75d983f3_p0004_m015.png,C:\Users\brochardgm\Desktop\kevision\CloudHammer\data\cloud_labels_reviewed\260309_-_Drawing_Rev2-_Steel_Grab_Bars_75d983f3_p0004_m015.txt,C:\Users\brochardgm\Desktop\kevision\CloudHammer\data\api_cloud_labels_unreviewed\260309_-_Drawing_Rev2-_Steel_Grab_Bars_75d983f3_p0004_m015.txt,0.93,thin,True,1,thin_or_faint_positive,batch_002_thin_faint,0.6898,True
Revision_1_-_Drawing_Changes_6cbee960_p0029_m017,C:\Users\brochardgm\Desktop\kevision\CloudHammer\data\cloud_roi_images\Revision_1_-_Drawing_Changes_6cbee960_p0029_m017.png,C:\Users\brochardgm\Desktop\kevision\CloudHammer\data\cloud_labels_reviewed\Revision_1_-_Drawing_Changes_6cbee960_p0029_m017.txt,C:\Users\brochardgm\Desktop\kevision\CloudHammer\data\api_cloud_labels_unreviewed\Revision_1_-_Drawing_Changes_6cbee960_p0029_m017.txt,0.93,thin,True,2,thin_or_faint_positive,batch_002_thin_faint,0.6874,True
Revision_1_-_Drawing_Changes_6cbee960_p0021_m009,C:\Users\brochardgm\Desktop\kevision\CloudHammer\data\cloud_roi_images\Revision_1_-_Drawing_Changes_6cbee960_p0021_m009.png,C:\Users\brochardgm\Desktop\kevision\CloudHammer\data\cloud_labels_reviewed\Revision_1_-_Drawing_Changes_6cbee960_p0021_m009.txt,C:\Users\brochardgm\Desktop\kevision\CloudHammer\data\api_cloud_labels_unreviewed\Revision_1_-_Drawing_Changes_6cbee960_p0021_m009.txt,0.93,thin,True,2,thin_or_faint_positive,batch_002_thin_faint,0.668,True
Revision_1_-_Drawing_Changes_6cbee960_p0030_m014,C:\Users\brochardgm\Desktop\kevision\CloudHammer\data\cloud_roi_images\Revision_1_-_Drawing_Changes_6cbee960_p0030_m014.png,C:\Users\brochardgm\Desktop\kevision\CloudHammer\data\cloud_labels_reviewed\Revision_1_-_Drawing_Changes_6cbee960_p0030_m014.txt,C:\Users\brochardgm\Desktop\kevision\CloudHammer\data\api_cloud_labels_unreviewed\Revision_1_-_Drawing_Changes_6cbee960_p0030_m014.txt,0.93,thin,True,3,thin_or_faint_positive,batch_002_thin_faint,0.6628,True
Revision_1_-_Drawing_Changes_6cbee960_p0001_m017,C:\Users\brochardgm\Desktop\kevision\CloudHammer\data\cloud_roi_images\Revision_1_-_Drawing_Changes_6cbee960_p0001_m017.png,C:\Users\brochardgm\Desktop\kevision\CloudHammer\data\cloud_labels_reviewed\Revision_1_-_Drawing_Changes_6cbee960_p0001_m017.txt,C:\Users\brochardgm\Desktop\kevision\CloudHammer\data\api_cloud_labels_unreviewed\Revision_1_-_Drawing_Changes_6cbee960_p0001_m017.txt,0.93,thin,True,1,thin_or_faint_positive,batch_002_thin_faint,0.6547,True
Revision_1_-_Drawing_Changes_6cbee960_p0024_m037,C:\Users\brochardgm\Desktop\kevision\CloudHammer\data\cloud_roi_images\Revision_1_-_Drawing_Changes_6cbee960_p0024_m037.png,C:\Users\brochardgm\Desktop\kevision\CloudHammer\data\cloud_labels_reviewed\Revision_1_-_Drawing_Changes_6cbee960_p0024_m037.txt,C:\Users\brochardgm\Desktop\kevision\CloudHammer\data\api_cloud_labels_unreviewed\Revision_1_-_Drawing_Changes_6cbee960_p0024_m037.txt,0.93,thin,True,1,thin_or_faint_positive,batch_002_thin_faint,0.6136,True
Revision_1_-_Drawing_Changes_6cbee960_p0029_m083,C:\Users\brochardgm\Desktop\kevision\CloudHammer\data\cloud_roi_images\Revision_1_-_Drawing_Changes_6cbee960_p0029_m083.png,C:\Users\brochardgm\Desktop\kevision\CloudHammer\data\cloud_labels_reviewed\Revision_1_-_Drawing_Changes_6cbee960_p0029_m083.txt,C:\Users\brochardgm\Desktop\kevision\CloudHammer\data\api_cloud_labels_unreviewed\Revision_1_-_Drawing_Changes_6cbee960_p0029_m083.txt,0.93,thin,True,3,thin_or_faint_positive,batch_002_thin_faint,0.5817,True
Revision_1_-_Drawing_Changes_6cbee960_p0028_m042,C:\Users\brochardgm\Desktop\kevision\CloudHammer\data\cloud_roi_images\Revision_1_-_Drawing_Changes_6cbee960_p0028_m042.png,C:\Users\brochardgm\Desktop\kevision\CloudHammer\data\cloud_labels_reviewed\Revision_1_-_Drawing_Changes_6cbee960_p0028_m042.txt,C:\Users\brochardgm\Desktop\kevision\CloudHammer\data\api_cloud_labels_unreviewed\Revision_1_-_Drawing_Changes_6cbee960_p0028_m042.txt,0.92,thin,True,3,thin_or_faint_positive,batch_002_thin_faint,0.782,True
Revision_1_-_Drawing_Changes_6cbee960_p0019_m003,C:\Users\brochardgm\Desktop\kevision\CloudHammer\data\cloud_roi_images\Revision_1_-_Drawing_Changes_6cbee960_p0019_m003.png,C:\Users\brochardgm\Desktop\kevision\CloudHammer\data\cloud_labels_reviewed\Revision_1_-_Drawing_Changes_6cbee960_p0019_m003.txt,C:\Users\brochardgm\Desktop\kevision\CloudHammer\data\api_cloud_labels_unreviewed\Revision_1_-_Drawing_Changes_6cbee960_p0019_m003.txt,0.92,faint,True,3,thin_or_faint_positive,batch_002_thin_faint,0.7427,True
Revision_1_-_Drawing_Changes_6cbee960_p0011_m065,C:\Users\brochardgm\Desktop\kevision\CloudHammer\data\cloud_roi_images\Revision_1_-_Drawing_Changes_6cbee960_p0011_m065.png,C:\Users\brochardgm\Desktop\kevision\CloudHammer\data\cloud_labels_reviewed\Revision_1_-_Drawing_Changes_6cbee960_p0011_m065.txt,C:\Users\brochardgm\Desktop\kevision\CloudHammer\data\api_cloud_labels_unreviewed\Revision_1_-_Drawing_Changes_6cbee960_p0011_m065.txt,0.92,thin,True,1,thin_or_faint_positive,batch_002_thin_faint,0.7395,True
Revision_1_-_Drawing_Changes_6cbee960_p0017_m042,C:\Users\brochardgm\Desktop\kevision\CloudHammer\data\cloud_roi_images\Revision_1_-_Drawing_Changes_6cbee960_p0017_m042.png,C:\Users\brochardgm\Desktop\kevision\CloudHammer\data\cloud_labels_reviewed\Revision_1_-_Drawing_Changes_6cbee960_p0017_m042.txt,C:\Users\brochardgm\Desktop\kevision\CloudHammer\data\api_cloud_labels_unreviewed\Revision_1_-_Drawing_Changes_6cbee960_p0017_m042.txt,0.92,thin,True,2,thin_or_faint_positive,batch_002_thin_faint,0.7338,True
Revision_1_-_Drawing_Changes_6cbee960_p0016_m018,C:\Users\brochardgm\Desktop\kevision\CloudHammer\data\cloud_roi_images\Revision_1_-_Drawing_Changes_6cbee960_p0016_m018.png,C:\Users\brochardgm\Desktop\kevision\CloudHammer\data\cloud_labels_reviewed\Revision_1_-_Drawing_Changes_6cbee960_p0016_m018.txt,C:\Users\brochardgm\Desktop\kevision\CloudHammer\data\api_cloud_labels_unreviewed\Revision_1_-_Drawing_Changes_6cbee960_p0016_m018.txt,0.92,thin,True,2,thin_or_faint_positive,batch_002_thin_faint,0.7234,True
260309_-_Drawing_Rev2-_Steel_Grab_Bars_75d983f3_p0004_m008,C:\Users\brochardgm\Desktop\kevision\CloudHammer\data\cloud_roi_images\260309_-_Drawing_Rev2-_Steel_Grab_Bars_75d983f3_p0004_m008.png,C:\Users\brochardgm\Desktop\kevision\CloudHammer\data\cloud_labels_reviewed\260309_-_Drawing_Rev2-_Steel_Grab_Bars_75d983f3_p0004_m008.txt,C:\Users\brochardgm\Desktop\kevision\CloudHammer\data\api_cloud_labels_unreviewed\260309_-_Drawing_Rev2-_Steel_Grab_Bars_75d983f3_p0004_m008.txt,0.92,thin,True,4,thin_or_faint_positive,batch_002_thin_faint,0.7104,True
Revision_1_-_Drawing_Changes_6cbee960_p0031_m027,C:\Users\brochardgm\Desktop\kevision\CloudHammer\data\cloud_roi_images\Revision_1_-_Drawing_Changes_6cbee960_p0031_m027.png,C:\Users\brochardgm\Desktop\kevision\CloudHammer\data\cloud_labels_reviewed\Revision_1_-_Drawing_Changes_6cbee960_p0031_m027.txt,C:\Users\brochardgm\Desktop\kevision\CloudHammer\data\api_cloud_labels_unreviewed\Revision_1_-_Drawing_Changes_6cbee960_p0031_m027.txt,0.92,thin,True,3,thin_or_faint_positive,batch_002_thin_faint,0.7092,True
Revision_1_-_Drawing_Changes_6cbee960_p0024_m008,C:\Users\brochardgm\Desktop\kevision\CloudHammer\data\cloud_roi_images\Revision_1_-_Drawing_Changes_6cbee960_p0024_m008.png,C:\Users\brochardgm\Desktop\kevision\CloudHammer\data\cloud_labels_reviewed\Revision_1_-_Drawing_Changes_6cbee960_p0024_m008.txt,C:\Users\brochardgm\Desktop\kevision\CloudHammer\data\api_cloud_labels_unreviewed\Revision_1_-_Drawing_Changes_6cbee960_p0024_m008.txt,0.92,thin,True,2,thin_or_faint_positive,batch_002_thin_faint,0.697,True
Revision_1_-_Drawing_Changes_6cbee960_p0029_m047,C:\Users\brochardgm\Desktop\kevision\CloudHammer\data\cloud_roi_images\Revision_1_-_Drawing_Changes_6cbee960_p0029_m047.png,C:\Users\brochardgm\Desktop\kevision\CloudHammer\data\cloud_labels_reviewed\Revision_1_-_Drawing_Changes_6cbee960_p0029_m047.txt,C:\Users\brochardgm\Desktop\kevision\CloudHammer\data\api_cloud_labels_unreviewed\Revision_1_-_Drawing_Changes_6cbee960_p0029_m047.txt,0.92,thin,True,3,thin_or_faint_positive,batch_002_thin_faint,0.6426,True
Revision_1_-_Drawing_Changes_6cbee960_p0024_m049,C:\Users\brochardgm\Desktop\kevision\CloudHammer\data\cloud_roi_images\Revision_1_-_Drawing_Changes_6cbee960_p0024_m049.png,C:\Users\brochardgm\Desktop\kevision\CloudHammer\data\cloud_labels_reviewed\Revision_1_-_Drawing_Changes_6cbee960_p0024_m049.txt,C:\Users\brochardgm\Desktop\kevision\CloudHammer\data\api_cloud_labels_unreviewed\Revision_1_-_Drawing_Changes_6cbee960_p0024_m049.txt,0.92,thin,True,1,thin_or_faint_positive,batch_002_thin_faint,0.5994,True
Revision_1_-_Drawing_Changes_6cbee960_p0024_m064,C:\Users\brochardgm\Desktop\kevision\CloudHammer\data\cloud_roi_images\Revision_1_-_Drawing_Changes_6cbee960_p0024_m064.png,C:\Users\brochardgm\Desktop\kevision\CloudHammer\data\cloud_labels_reviewed\Revision_1_-_Drawing_Changes_6cbee960_p0024_m064.txt,C:\Users\brochardgm\Desktop\kevision\CloudHammer\data\api_cloud_labels_unreviewed\Revision_1_-_Drawing_Changes_6cbee960_p0024_m064.txt,0.92,thin,True,1,thin_or_faint_positive,batch_002_thin_faint,0.5718,True
Revision_1_-_Drawing_Changes_6cbee960_p0028_m018,C:\Users\brochardgm\Desktop\kevision\CloudHammer\data\cloud_roi_images\Revision_1_-_Drawing_Changes_6cbee960_p0028_m018.png,C:\Users\brochardgm\Desktop\kevision\CloudHammer\data\cloud_labels_reviewed\Revision_1_-_Drawing_Changes_6cbee960_p0028_m018.txt,C:\Users\brochardgm\Desktop\kevision\CloudHammer\data\api_cloud_labels_unreviewed\Revision_1_-_Drawing_Changes_6cbee960_p0028_m018.txt,0.91,thin,True,1,thin_or_faint_positive,batch_002_thin_faint,0.7994,True
Revision_1_-_Drawing_Changes_6cbee960_p0018_m025,C:\Users\brochardgm\Desktop\kevision\CloudHammer\data\cloud_roi_images\Revision_1_-_Drawing_Changes_6cbee960_p0018_m025.png,C:\Users\brochardgm\Desktop\kevision\CloudHammer\data\cloud_labels_reviewed\Revision_1_-_Drawing_Changes_6cbee960_p0018_m025.txt,C:\Users\brochardgm\Desktop\kevision\CloudHammer\data\api_cloud_labels_unreviewed\Revision_1_-_Drawing_Changes_6cbee960_p0018_m025.txt,0.91,thin,True,3,thin_or_faint_positive,batch_002_thin_faint,0.7675,True
Revision_1_-_Drawing_Changes_6cbee960_p0012_m042,C:\Users\brochardgm\Desktop\kevision\CloudHammer\data\cloud_roi_images\Revision_1_-_Drawing_Changes_6cbee960_p0012_m042.png,C:\Users\brochardgm\Desktop\kevision\CloudHammer\data\cloud_labels_reviewed\Revision_1_-_Drawing_Changes_6cbee960_p0012_m042.txt,C:\Users\brochardgm\Desktop\kevision\CloudHammer\data\api_cloud_labels_unreviewed\Revision_1_-_Drawing_Changes_6cbee960_p0012_m042.txt,0.91,faint,True,2,thin_or_faint_positive,batch_002_thin_faint,0.7601,True
Revision_1_-_Drawing_Changes_6cbee960_p0019_m005,C:\Users\brochardgm\Desktop\kevision\CloudHammer\data\cloud_roi_images\Revision_1_-_Drawing_Changes_6cbee960_p0019_m005.png,C:\Users\brochardgm\Desktop\kevision\CloudHammer\data\cloud_labels_reviewed\Revision_1_-_Drawing_Changes_6cbee960_p0019_m005.txt,C:\Users\brochardgm\Desktop\kevision\CloudHammer\data\api_cloud_labels_unreviewed\Revision_1_-_Drawing_Changes_6cbee960_p0019_m005.txt,0.91,faint,True,3,thin_or_faint_positive,batch_002_thin_faint,0.7223,True
Revision_1_-_Drawing_Changes_6cbee960_p0019_m007,C:\Users\brochardgm\Desktop\kevision\CloudHammer\data\cloud_roi_images\Revision_1_-_Drawing_Changes_6cbee960_p0019_m007.png,C:\Users\brochardgm\Desktop\kevision\CloudHammer\data\cloud_labels_reviewed\Revision_1_-_Drawing_Changes_6cbee960_p0019_m007.txt,C:\Users\brochardgm\Desktop\kevision\CloudHammer\data\api_cloud_labels_unreviewed\Revision_1_-_Drawing_Changes_6cbee960_p0019_m007.txt,0.91,faint,True,5,thin_or_faint_positive,batch_002_thin_faint,0.7206,True
Revision_1_-_Drawing_Changes_6cbee960_p0017_m060,C:\Users\brochardgm\Desktop\kevision\CloudHammer\data\cloud_roi_images\Revision_1_-_Drawing_Changes_6cbee960_p0017_m060.png,C:\Users\brochardgm\Desktop\kevision\CloudHammer\data\cloud_labels_reviewed\Revision_1_-_Drawing_Changes_6cbee960_p0017_m060.txt,C:\Users\brochardgm\Desktop\kevision\CloudHammer\data\api_cloud_labels_unreviewed\Revision_1_-_Drawing_Changes_6cbee960_p0017_m060.txt,0.91,thin,True,2,thin_or_faint_positive,batch_002_thin_faint,0.7153,True
Revision_1_-_Drawing_Changes_6cbee960_p0019_m012,C:\Users\brochardgm\Desktop\kevision\CloudHammer\data\cloud_roi_images\Revision_1_-_Drawing_Changes_6cbee960_p0019_m012.png,C:\Users\brochardgm\Desktop\kevision\CloudHammer\data\cloud_labels_reviewed\Revision_1_-_Drawing_Changes_6cbee960_p0019_m012.txt,C:\Users\brochardgm\Desktop\kevision\CloudHammer\data\api_cloud_labels_unreviewed\Revision_1_-_Drawing_Changes_6cbee960_p0019_m012.txt,0.91,thin,True,3,thin_or_faint_positive,batch_002_thin_faint,0.7137,True
Revision_1_-_Drawing_Changes_6cbee960_p0026_m019,C:\Users\brochardgm\Desktop\kevision\CloudHammer\data\cloud_roi_images\Revision_1_-_Drawing_Changes_6cbee960_p0026_m019.png,C:\Users\brochardgm\Desktop\kevision\CloudHammer\data\cloud_labels_reviewed\Revision_1_-_Drawing_Changes_6cbee960_p0026_m019.txt,C:\Users\brochardgm\Desktop\kevision\CloudHammer\data\api_cloud_labels_unreviewed\Revision_1_-_Drawing_Changes_6cbee960_p0026_m019.txt,0.91,thin,True,1,thin_or_faint_positive,batch_002_thin_faint,0.6298,True
Revision_1_-_Drawing_Changes_6cbee960_p0029_m064,C:\Users\brochardgm\Desktop\kevision\CloudHammer\data\cloud_roi_images\Revision_1_-_Drawing_Changes_6cbee960_p0029_m064.png,C:\Users\brochardgm\Desktop\kevision\CloudHammer\data\cloud_labels_reviewed\Revision_1_-_Drawing_Changes_6cbee960_p0029_m064.txt,C:\Users\brochardgm\Desktop\kevision\CloudHammer\data\api_cloud_labels_unreviewed\Revision_1_-_Drawing_Changes_6cbee960_p0029_m064.txt,0.91,thin,True,1,thin_or_faint_positive,batch_002_thin_faint,0.6106,True
Revision_1_-_Drawing_Changes_6cbee960_p0024_m058,C:\Users\brochardgm\Desktop\kevision\CloudHammer\data\cloud_roi_images\Revision_1_-_Drawing_Changes_6cbee960_p0024_m058.png,C:\Users\brochardgm\Desktop\kevision\CloudHammer\data\cloud_labels_reviewed\Revision_1_-_Drawing_Changes_6cbee960_p0024_m058.txt,C:\Users\brochardgm\Desktop\kevision\CloudHammer\data\api_cloud_labels_unreviewed\Revision_1_-_Drawing_Changes_6cbee960_p0024_m058.txt,0.91,thin,True,2,thin_or_faint_positive,batch_002_thin_faint,0.5924,True
Revision_1_-_Drawing_Changes_6cbee960_p0024_m065,C:\Users\brochardgm\Desktop\kevision\CloudHammer\data\cloud_roi_images\Revision_1_-_Drawing_Changes_6cbee960_p0024_m065.png,C:\Users\brochardgm\Desktop\kevision\CloudHammer\data\cloud_labels_reviewed\Revision_1_-_Drawing_Changes_6cbee960_p0024_m065.txt,C:\Users\brochardgm\Desktop\kevision\CloudHammer\data\api_cloud_labels_unreviewed\Revision_1_-_Drawing_Changes_6cbee960_p0024_m065.txt,0.91,thin,True,1,thin_or_faint_positive,batch_002_thin_faint,0.5477,True
260309_-_Drawing_Rev2-_Steel_Grab_Bars_75d983f3_p0017_m008,C:\Users\brochardgm\Desktop\kevision\CloudHammer\data\cloud_roi_images\260309_-_Drawing_Rev2-_Steel_Grab_Bars_75d983f3_p0017_m008.png,C:\Users\brochardgm\Desktop\kevision\CloudHammer\data\cloud_labels_reviewed\260309_-_Drawing_Rev2-_Steel_Grab_Bars_75d983f3_p0017_m008.txt,C:\Users\brochardgm\Desktop\kevision\CloudHammer\data\api_cloud_labels_unreviewed\260309_-_Drawing_Rev2-_Steel_Grab_Bars_75d983f3_p0017_m008.txt,0.91,thin,True,2,thin_or_faint_positive,batch_002_thin_faint,0.5399,True
Revision_1_-_Drawing_Changes_6cbee960_p0024_m073,C:\Users\brochardgm\Desktop\kevision\CloudHammer\data\cloud_roi_images\Revision_1_-_Drawing_Changes_6cbee960_p0024_m073.png,C:\Users\brochardgm\Desktop\kevision\CloudHammer\data\cloud_labels_reviewed\Revision_1_-_Drawing_Changes_6cbee960_p0024_m073.txt,C:\Users\brochardgm\Desktop\kevision\CloudHammer\data\api_cloud_labels_unreviewed\Revision_1_-_Drawing_Changes_6cbee960_p0024_m073.txt,0.91,thin,True,1,thin_or_faint_positive,batch_002_thin_faint,0.5237,True
Revision_1_-_Drawing_Changes_6cbee960_p0024_m074,C:\Users\brochardgm\Desktop\kevision\CloudHammer\data\cloud_roi_images\Revision_1_-_Drawing_Changes_6cbee960_p0024_m074.png,C:\Users\brochardgm\Desktop\kevision\CloudHammer\data\cloud_labels_reviewed\Revision_1_-_Drawing_Changes_6cbee960_p0024_m074.txt,C:\Users\brochardgm\Desktop\kevision\CloudHammer\data\api_cloud_labels_unreviewed\Revision_1_-_Drawing_Changes_6cbee960_p0024_m074.txt,0.91,thin,True,1,thin_or_faint_positive,batch_002_thin_faint,0.5236,True
Revision_1_-_Drawing_Changes_6cbee960_p0006_m003,C:\Users\brochardgm\Desktop\kevision\CloudHammer\data\cloud_roi_images\Revision_1_-_Drawing_Changes_6cbee960_p0006_m003.png,C:\Users\brochardgm\Desktop\kevision\CloudHammer\data\cloud_labels_reviewed\Revision_1_-_Drawing_Changes_6cbee960_p0006_m003.txt,C:\Users\brochardgm\Desktop\kevision\CloudHammer\data\api_cloud_labels_unreviewed\Revision_1_-_Drawing_Changes_6cbee960_p0006_m003.txt,0.9,thin,True,1,thin_or_faint_positive,batch_002_thin_faint,0.8225,True
Revision_1_-_Drawing_Changes_6cbee960_p0014_m005,C:\Users\brochardgm\Desktop\kevision\CloudHammer\data\cloud_roi_images\Revision_1_-_Drawing_Changes_6cbee960_p0014_m005.png,C:\Users\brochardgm\Desktop\kevision\CloudHammer\data\cloud_labels_reviewed\Revision_1_-_Drawing_Changes_6cbee960_p0014_m005.txt,C:\Users\brochardgm\Desktop\kevision\CloudHammer\data\api_cloud_labels_unreviewed\Revision_1_-_Drawing_Changes_6cbee960_p0014_m005.txt,0.9,thin,True,1,thin_or_faint_positive,batch_002_thin_faint,0.7568,True
Revision_1_-_Drawing_Changes_6cbee960_p0012_m055,C:\Users\brochardgm\Desktop\kevision\CloudHammer\data\cloud_roi_images\Revision_1_-_Drawing_Changes_6cbee960_p0012_m055.png,C:\Users\brochardgm\Desktop\kevision\CloudHammer\data\cloud_labels_reviewed\Revision_1_-_Drawing_Changes_6cbee960_p0012_m055.txt,C:\Users\brochardgm\Desktop\kevision\CloudHammer\data\api_cloud_labels_unreviewed\Revision_1_-_Drawing_Changes_6cbee960_p0012_m055.txt,0.9,thin,True,3,thin_or_faint_positive,batch_002_thin_faint,0.7487,True
Revision_1_-_Drawing_Changes_6cbee960_p0012_m059,C:\Users\brochardgm\Desktop\kevision\CloudHammer\data\cloud_roi_images\Revision_1_-_Drawing_Changes_6cbee960_p0012_m059.png,C:\Users\brochardgm\Desktop\kevision\CloudHammer\data\cloud_labels_reviewed\Revision_1_-_Drawing_Changes_6cbee960_p0012_m059.txt,C:\Users\brochardgm\Desktop\kevision\CloudHammer\data\api_cloud_labels_unreviewed\Revision_1_-_Drawing_Changes_6cbee960_p0012_m059.txt,0.9,thin,True,2,thin_or_faint_positive,batch_002_thin_faint,0.7481,True
Revision_1_-_Drawing_Changes_6cbee960_p0017_m041,C:\Users\brochardgm\Desktop\kevision\CloudHammer\data\cloud_roi_images\Revision_1_-_Drawing_Changes_6cbee960_p0017_m041.png,C:\Users\brochardgm\Desktop\kevision\CloudHammer\data\cloud_labels_reviewed\Revision_1_-_Drawing_Changes_6cbee960_p0017_m041.txt,C:\Users\brochardgm\Desktop\kevision\CloudHammer\data\api_cloud_labels_unreviewed\Revision_1_-_Drawing_Changes_6cbee960_p0017_m041.txt,0.9,thin,True,2,thin_or_faint_positive,batch_002_thin_faint,0.7341,True
260309_-_Drawing_Rev2-_Steel_Grab_Bars_75d983f3_p0004_m009,C:\Users\brochardgm\Desktop\kevision\CloudHammer\data\cloud_roi_images\260309_-_Drawing_Rev2-_Steel_Grab_Bars_75d983f3_p0004_m009.png,C:\Users\brochardgm\Desktop\kevision\CloudHammer\data\cloud_labels_reviewed\260309_-_Drawing_Rev2-_Steel_Grab_Bars_75d983f3_p0004_m009.txt,C:\Users\brochardgm\Desktop\kevision\CloudHammer\data\api_cloud_labels_unreviewed\260309_-_Drawing_Rev2-_Steel_Grab_Bars_75d983f3_p0004_m009.txt,0.9,thin,True,1,thin_or_faint_positive,batch_002_thin_faint,0.7056,True
Revision_1_-_Drawing_Changes_6cbee960_p0049_m009,C:\Users\brochardgm\Desktop\kevision\CloudHammer\data\cloud_roi_images\Revision_1_-_Drawing_Changes_6cbee960_p0049_m009.png,C:\Users\brochardgm\Desktop\kevision\CloudHammer\data\cloud_labels_reviewed\Revision_1_-_Drawing_Changes_6cbee960_p0049_m009.txt,C:\Users\brochardgm\Desktop\kevision\CloudHammer\data\api_cloud_labels_unreviewed\Revision_1_-_Drawing_Changes_6cbee960_p0049_m009.txt,0.9,faint,True,1,thin_or_faint_positive,batch_002_thin_faint,0.6572,True
Revision_1_-_Drawing_Changes_6cbee960_p0001_m019,C:\Users\brochardgm\Desktop\kevision\CloudHammer\data\cloud_roi_images\Revision_1_-_Drawing_Changes_6cbee960_p0001_m019.png,C:\Users\brochardgm\Desktop\kevision\CloudHammer\data\cloud_labels_reviewed\Revision_1_-_Drawing_Changes_6cbee960_p0001_m019.txt,C:\Users\brochardgm\Desktop\kevision\CloudHammer\data\api_cloud_labels_unreviewed\Revision_1_-_Drawing_Changes_6cbee960_p0001_m019.txt,0.9,thin,True,1,thin_or_faint_positive,batch_002_thin_faint,0.6144,True
Revision_1_-_Drawing_Changes_6cbee960_p0030_m061,C:\Users\brochardgm\Desktop\kevision\CloudHammer\data\cloud_roi_images\Revision_1_-_Drawing_Changes_6cbee960_p0030_m061.png,C:\Users\brochardgm\Desktop\kevision\CloudHammer\data\cloud_labels_reviewed\Revision_1_-_Drawing_Changes_6cbee960_p0030_m061.txt,C:\Users\brochardgm\Desktop\kevision\CloudHammer\data\api_cloud_labels_unreviewed\Revision_1_-_Drawing_Changes_6cbee960_p0030_m061.txt,0.9,thin,True,4,thin_or_faint_positive,batch_002_thin_faint,0.5808,True
260309_-_Drawing_Rev2-_Steel_Grab_Bars_75d983f3_p0008_m001,C:\Users\brochardgm\Desktop\kevision\CloudHammer\data\cloud_roi_images\260309_-_Drawing_Rev2-_Steel_Grab_Bars_75d983f3_p0008_m001.png,C:\Users\brochardgm\Desktop\kevision\CloudHammer\data\cloud_labels_reviewed\260309_-_Drawing_Rev2-_Steel_Grab_Bars_75d983f3_p0008_m001.txt,C:\Users\brochardgm\Desktop\kevision\CloudHammer\data\api_cloud_labels_unreviewed\260309_-_Drawing_Rev2-_Steel_Grab_Bars_75d983f3_p0008_m001.txt,0.89,thin,True,1,thin_or_faint_positive,batch_002_thin_faint,0.8191,True
Revision_1_-_Drawing_Changes_6cbee960_p0018_m032,C:\Users\brochardgm\Desktop\kevision\CloudHammer\data\cloud_roi_images\Revision_1_-_Drawing_Changes_6cbee960_p0018_m032.png,C:\Users\brochardgm\Desktop\kevision\CloudHammer\data\cloud_labels_reviewed\Revision_1_-_Drawing_Changes_6cbee960_p0018_m032.txt,C:\Users\brochardgm\Desktop\kevision\CloudHammer\data\api_cloud_labels_unreviewed\Revision_1_-_Drawing_Changes_6cbee960_p0018_m032.txt,0.89,thin,True,3,thin_or_faint_positive,batch_002_thin_faint,0.7624,True
Revision_1_-_Drawing_Changes_6cbee960_p0012_m083,C:\Users\brochardgm\Desktop\kevision\CloudHammer\data\cloud_roi_images\Revision_1_-_Drawing_Changes_6cbee960_p0012_m083.png,C:\Users\brochardgm\Desktop\kevision\CloudHammer\data\cloud_labels_reviewed\Revision_1_-_Drawing_Changes_6cbee960_p0012_m083.txt,C:\Users\brochardgm\Desktop\kevision\CloudHammer\data\api_cloud_labels_unreviewed\Revision_1_-_Drawing_Changes_6cbee960_p0012_m083.txt,0.89,thin,True,2,thin_or_faint_positive,batch_002_thin_faint,0.7247,True
Revision_1_-_Drawing_Changes_6cbee960_p0019_m009,C:\Users\brochardgm\Desktop\kevision\CloudHammer\data\cloud_roi_images\Revision_1_-_Drawing_Changes_6cbee960_p0019_m009.png,C:\Users\brochardgm\Desktop\kevision\CloudHammer\data\cloud_labels_reviewed\Revision_1_-_Drawing_Changes_6cbee960_p0019_m009.txt,C:\Users\brochardgm\Desktop\kevision\CloudHammer\data\api_cloud_labels_unreviewed\Revision_1_-_Drawing_Changes_6cbee960_p0019_m009.txt,0.89,thin,True,2,thin_or_faint_positive,batch_002_thin_faint,0.7176,True
Revision_1_-_Drawing_Changes_6cbee960_p0030_m023,C:\Users\brochardgm\Desktop\kevision\CloudHammer\data\cloud_roi_images\Revision_1_-_Drawing_Changes_6cbee960_p0030_m023.png,C:\Users\brochardgm\Desktop\kevision\CloudHammer\data\cloud_labels_reviewed\Revision_1_-_Drawing_Changes_6cbee960_p0030_m023.txt,C:\Users\brochardgm\Desktop\kevision\CloudHammer\data\api_cloud_labels_unreviewed\Revision_1_-_Drawing_Changes_6cbee960_p0030_m023.txt,0.89,faint,True,1,thin_or_faint_positive,batch_002_thin_faint,0.6405,True
Revision_1_-_Drawing_Changes_6cbee960_p0018_m100,C:\Users\brochardgm\Desktop\kevision\CloudHammer\data\cloud_roi_images\Revision_1_-_Drawing_Changes_6cbee960_p0018_m100.png,C:\Users\brochardgm\Desktop\kevision\CloudHammer\data\cloud_labels_reviewed\Revision_1_-_Drawing_Changes_6cbee960_p0018_m100.txt,C:\Users\brochardgm\Desktop\kevision\CloudHammer\data\api_cloud_labels_unreviewed\Revision_1_-_Drawing_Changes_6cbee960_p0018_m100.txt,0.89,faint,True,1,thin_or_faint_positive,batch_002_thin_faint,0.5977,True
Revision_1_-_Drawing_Changes_6cbee960_p0030_m068,C:\Users\brochardgm\Desktop\kevision\CloudHammer\data\cloud_roi_images\Revision_1_-_Drawing_Changes_6cbee960_p0030_m068.png,C:\Users\brochardgm\Desktop\kevision\CloudHammer\data\cloud_labels_reviewed\Revision_1_-_Drawing_Changes_6cbee960_p0030_m068.txt,C:\Users\brochardgm\Desktop\kevision\CloudHammer\data\api_cloud_labels_unreviewed\Revision_1_-_Drawing_Changes_6cbee960_p0030_m068.txt,0.89,thin,True,3,thin_or_faint_positive,batch_002_thin_faint,0.5665,True
Revision_1_-_Drawing_Changes_6cbee960_p0026_m031,C:\Users\brochardgm\Desktop\kevision\CloudHammer\data\cloud_roi_images\Revision_1_-_Drawing_Changes_6cbee960_p0026_m031.png,C:\Users\brochardgm\Desktop\kevision\CloudHammer\data\cloud_labels_reviewed\Revision_1_-_Drawing_Changes_6cbee960_p0026_m031.txt,C:\Users\brochardgm\Desktop\kevision\CloudHammer\data\api_cloud_labels_unreviewed\Revision_1_-_Drawing_Changes_6cbee960_p0026_m031.txt,0.89,thin,True,1,thin_or_faint_positive,batch_002_thin_faint,0.5595,True
Revision_1_-_Drawing_Changes_6cbee960_p0029_m096,C:\Users\brochardgm\Desktop\kevision\CloudHammer\data\cloud_roi_images\Revision_1_-_Drawing_Changes_6cbee960_p0029_m096.png,C:\Users\brochardgm\Desktop\kevision\CloudHammer\data\cloud_labels_reviewed\Revision_1_-_Drawing_Changes_6cbee960_p0029_m096.txt,C:\Users\brochardgm\Desktop\kevision\CloudHammer\data\api_cloud_labels_unreviewed\Revision_1_-_Drawing_Changes_6cbee960_p0029_m096.txt,0.89,faint,True,4,thin_or_faint_positive,batch_002_thin_faint,0.5272,True
Revision_1_-_Drawing_Changes_6cbee960_p0012_m031,C:\Users\brochardgm\Desktop\kevision\CloudHammer\data\cloud_roi_images\Revision_1_-_Drawing_Changes_6cbee960_p0012_m031.png,C:\Users\brochardgm\Desktop\kevision\CloudHammer\data\cloud_labels_reviewed\Revision_1_-_Drawing_Changes_6cbee960_p0012_m031.txt,C:\Users\brochardgm\Desktop\kevision\CloudHammer\data\api_cloud_labels_unreviewed\Revision_1_-_Drawing_Changes_6cbee960_p0012_m031.txt,0.88,thin,True,2,thin_or_faint_positive,batch_002_thin_faint,0.7688,True
Revision_1_-_Drawing_Changes_6cbee960_p0011_m079,C:\Users\brochardgm\Desktop\kevision\CloudHammer\data\cloud_roi_images\Revision_1_-_Drawing_Changes_6cbee960_p0011_m079.png,C:\Users\brochardgm\Desktop\kevision\CloudHammer\data\cloud_labels_reviewed\Revision_1_-_Drawing_Changes_6cbee960_p0011_m079.txt,C:\Users\brochardgm\Desktop\kevision\CloudHammer\data\api_cloud_labels_unreviewed\Revision_1_-_Drawing_Changes_6cbee960_p0011_m079.txt,0.88,thin,True,2,thin_or_faint_positive,batch_002_thin_faint,0.7315,True
Revision_1_-_Drawing_Changes_6cbee960_p0018_m058,C:\Users\brochardgm\Desktop\kevision\CloudHammer\data\cloud_roi_images\Revision_1_-_Drawing_Changes_6cbee960_p0018_m058.png,C:\Users\brochardgm\Desktop\kevision\CloudHammer\data\cloud_labels_reviewed\Revision_1_-_Drawing_Changes_6cbee960_p0018_m058.txt,C:\Users\brochardgm\Desktop\kevision\CloudHammer\data\api_cloud_labels_unreviewed\Revision_1_-_Drawing_Changes_6cbee960_p0018_m058.txt,0.88,thin,True,3,thin_or_faint_positive,batch_002_thin_faint,0.7287,True
Revision_1_-_Drawing_Changes_6cbee960_p0018_m062,C:\Users\brochardgm\Desktop\kevision\CloudHammer\data\cloud_roi_images\Revision_1_-_Drawing_Changes_6cbee960_p0018_m062.png,C:\Users\brochardgm\Desktop\kevision\CloudHammer\data\cloud_labels_reviewed\Revision_1_-_Drawing_Changes_6cbee960_p0018_m062.txt,C:\Users\brochardgm\Desktop\kevision\CloudHammer\data\api_cloud_labels_unreviewed\Revision_1_-_Drawing_Changes_6cbee960_p0018_m062.txt,0.88,thin,True,3,thin_or_faint_positive,batch_002_thin_faint,0.7243,True
Revision_1_-_Drawing_Changes_6cbee960_p0018_m066,C:\Users\brochardgm\Desktop\kevision\CloudHammer\data\cloud_roi_images\Revision_1_-_Drawing_Changes_6cbee960_p0018_m066.png,C:\Users\brochardgm\Desktop\kevision\CloudHammer\data\cloud_labels_reviewed\Revision_1_-_Drawing_Changes_6cbee960_p0018_m066.txt,C:\Users\brochardgm\Desktop\kevision\CloudHammer\data\api_cloud_labels_unreviewed\Revision_1_-_Drawing_Changes_6cbee960_p0018_m066.txt,0.88,thin,True,1,thin_or_faint_positive,batch_002_thin_faint,0.7179,True
Revision_1_-_Drawing_Changes_6cbee960_p0031_m018,C:\Users\brochardgm\Desktop\kevision\CloudHammer\data\cloud_roi_images\Revision_1_-_Drawing_Changes_6cbee960_p0031_m018.png,C:\Users\brochardgm\Desktop\kevision\CloudHammer\data\cloud_labels_reviewed\Revision_1_-_Drawing_Changes_6cbee960_p0031_m018.txt,C:\Users\brochardgm\Desktop\kevision\CloudHammer\data\api_cloud_labels_unreviewed\Revision_1_-_Drawing_Changes_6cbee960_p0031_m018.txt,0.88,thin,True,2,thin_or_faint_positive,batch_002_thin_faint,0.7175,True
Revision_1_-_Drawing_Changes_6cbee960_p0018_m075,C:\Users\brochardgm\Desktop\kevision\CloudHammer\data\cloud_roi_images\Revision_1_-_Drawing_Changes_6cbee960_p0018_m075.png,C:\Users\brochardgm\Desktop\kevision\CloudHammer\data\cloud_labels_reviewed\Revision_1_-_Drawing_Changes_6cbee960_p0018_m075.txt,C:\Users\brochardgm\Desktop\kevision\CloudHammer\data\api_cloud_labels_unreviewed\Revision_1_-_Drawing_Changes_6cbee960_p0018_m075.txt,0.88,faint,True,3,thin_or_faint_positive,batch_002_thin_faint,0.705,True
Revision_1_-_Drawing_Changes_6cbee960_p0029_m098,C:\Users\brochardgm\Desktop\kevision\CloudHammer\data\cloud_roi_images\Revision_1_-_Drawing_Changes_6cbee960_p0029_m098.png,C:\Users\brochardgm\Desktop\kevision\CloudHammer\data\cloud_labels_reviewed\Revision_1_-_Drawing_Changes_6cbee960_p0029_m098.txt,C:\Users\brochardgm\Desktop\kevision\CloudHammer\data\api_cloud_labels_unreviewed\Revision_1_-_Drawing_Changes_6cbee960_p0029_m098.txt,0.88,thin,True,4,thin_or_faint_positive,batch_002_thin_faint,0.5107,True
Revision_1_-_Drawing_Changes_6cbee960_p0017_m033,C:\Users\brochardgm\Desktop\kevision\CloudHammer\data\cloud_roi_images\Revision_1_-_Drawing_Changes_6cbee960_p0017_m033.png,C:\Users\brochardgm\Desktop\kevision\CloudHammer\data\cloud_labels_reviewed\Revision_1_-_Drawing_Changes_6cbee960_p0017_m033.txt,C:\Users\brochardgm\Desktop\kevision\CloudHammer\data\api_cloud_labels_unreviewed\Revision_1_-_Drawing_Changes_6cbee960_p0017_m033.txt,0.87,thin,True,2,thin_or_faint_positive,batch_002_thin_faint,0.7402,True
260309_-_Drawing_Rev2-_Steel_Grab_Bars_75d983f3_p0004_m014,C:\Users\brochardgm\Desktop\kevision\CloudHammer\data\cloud_roi_images\260309_-_Drawing_Rev2-_Steel_Grab_Bars_75d983f3_p0004_m014.png,C:\Users\brochardgm\Desktop\kevision\CloudHammer\data\cloud_labels_reviewed\260309_-_Drawing_Rev2-_Steel_Grab_Bars_75d983f3_p0004_m014.txt,C:\Users\brochardgm\Desktop\kevision\CloudHammer\data\api_cloud_labels_unreviewed\260309_-_Drawing_Rev2-_Steel_Grab_Bars_75d983f3_p0004_m014.txt,0.87,thin,True,1,thin_or_faint_positive,batch_002_thin_faint,0.6945,True
Revision_1_-_Drawing_Changes_6cbee960_p0018_m042,C:\Users\brochardgm\Desktop\kevision\CloudHammer\data\cloud_roi_images\Revision_1_-_Drawing_Changes_6cbee960_p0018_m042.png,C:\Users\brochardgm\Desktop\kevision\CloudHammer\data\cloud_labels_reviewed\Revision_1_-_Drawing_Changes_6cbee960_p0018_m042.txt,C:\Users\brochardgm\Desktop\kevision\CloudHammer\data\api_cloud_labels_unreviewed\Revision_1_-_Drawing_Changes_6cbee960_p0018_m042.txt,0.86,thin,True,3,thin_or_faint_positive,batch_002_thin_faint,0.7499,True
Revision_1_-_Drawing_Changes_6cbee960_p0018_m061,C:\Users\brochardgm\Desktop\kevision\CloudHammer\data\cloud_roi_images\Revision_1_-_Drawing_Changes_6cbee960_p0018_m061.png,C:\Users\brochardgm\Desktop\kevision\CloudHammer\data\cloud_labels_reviewed\Revision_1_-_Drawing_Changes_6cbee960_p0018_m061.txt,C:\Users\brochardgm\Desktop\kevision\CloudHammer\data\api_cloud_labels_unreviewed\Revision_1_-_Drawing_Changes_6cbee960_p0018_m061.txt,0.86,faint,True,4,thin_or_faint_positive,batch_002_thin_faint,0.7261,True
Revision_1_-_Drawing_Changes_6cbee960_p0031_m031,C:\Users\brochardgm\Desktop\kevision\CloudHammer\data\cloud_roi_images\Revision_1_-_Drawing_Changes_6cbee960_p0031_m031.png,C:\Users\brochardgm\Desktop\kevision\CloudHammer\data\cloud_labels_reviewed\Revision_1_-_Drawing_Changes_6cbee960_p0031_m031.txt,C:\Users\brochardgm\Desktop\kevision\CloudHammer\data\api_cloud_labels_unreviewed\Revision_1_-_Drawing_Changes_6cbee960_p0031_m031.txt,0.86,thin,True,1,thin_or_faint_positive,batch_002_thin_faint,0.7033,True
Revision_1_-_Drawing_Changes_6cbee960_p0019_m020,C:\Users\brochardgm\Desktop\kevision\CloudHammer\data\cloud_roi_images\Revision_1_-_Drawing_Changes_6cbee960_p0019_m020.png,C:\Users\brochardgm\Desktop\kevision\CloudHammer\data\cloud_labels_reviewed\Revision_1_-_Drawing_Changes_6cbee960_p0019_m020.txt,C:\Users\brochardgm\Desktop\kevision\CloudHammer\data\api_cloud_labels_unreviewed\Revision_1_-_Drawing_Changes_6cbee960_p0019_m020.txt,0.86,faint,True,3,thin_or_faint_positive,batch_002_thin_faint,0.6807,True
Revision_1_-_Drawing_Changes_6cbee960_p0029_m104,C:\Users\brochardgm\Desktop\kevision\CloudHammer\data\cloud_roi_images\Revision_1_-_Drawing_Changes_6cbee960_p0029_m104.png,C:\Users\brochardgm\Desktop\kevision\CloudHammer\data\cloud_labels_reviewed\Revision_1_-_Drawing_Changes_6cbee960_p0029_m104.txt,C:\Users\brochardgm\Desktop\kevision\CloudHammer\data\api_cloud_labels_unreviewed\Revision_1_-_Drawing_Changes_6cbee960_p0029_m104.txt,0.86,thin,True,2,thin_or_faint_positive,batch_002_thin_faint,0.4685,True
Revision_1_-_Drawing_Changes_6cbee960_p0011_m027,C:\Users\brochardgm\Desktop\kevision\CloudHammer\data\cloud_roi_images\Revision_1_-_Drawing_Changes_6cbee960_p0011_m027.png,C:\Users\brochardgm\Desktop\kevision\CloudHammer\data\cloud_labels_reviewed\Revision_1_-_Drawing_Changes_6cbee960_p0011_m027.txt,C:\Users\brochardgm\Desktop\kevision\CloudHammer\data\api_cloud_labels_unreviewed\Revision_1_-_Drawing_Changes_6cbee960_p0011_m027.txt,0.84,faint,True,2,thin_or_faint_positive,batch_002_thin_faint,0.7708,True
Revision_1_-_Drawing_Changes_6cbee960_p0018_m081,C:\Users\brochardgm\Desktop\kevision\CloudHammer\data\cloud_roi_images\Revision_1_-_Drawing_Changes_6cbee960_p0018_m081.png,C:\Users\brochardgm\Desktop\kevision\CloudHammer\data\cloud_labels_reviewed\Revision_1_-_Drawing_Changes_6cbee960_p0018_m081.txt,C:\Users\brochardgm\Desktop\kevision\CloudHammer\data\api_cloud_labels_unreviewed\Revision_1_-_Drawing_Changes_6cbee960_p0018_m081.txt,0.84,faint,True,3,thin_or_faint_positive,batch_002_thin_faint,0.6876,True
Revision_1_-_Drawing_Changes_6cbee960_p0028_m013,C:\Users\brochardgm\Desktop\kevision\CloudHammer\data\cloud_roi_images\Revision_1_-_Drawing_Changes_6cbee960_p0028_m013.png,C:\Users\brochardgm\Desktop\kevision\CloudHammer\data\cloud_labels_reviewed\Revision_1_-_Drawing_Changes_6cbee960_p0028_m013.txt,C:\Users\brochardgm\Desktop\kevision\CloudHammer\data\api_cloud_labels_unreviewed\Revision_1_-_Drawing_Changes_6cbee960_p0028_m013.txt,0.82,faint,True,3,thin_or_faint_positive,batch_002_thin_faint,0.8032,True
Revision_1_-_Drawing_Changes_6cbee960_p0018_m064,C:\Users\brochardgm\Desktop\kevision\CloudHammer\data\cloud_roi_images\Revision_1_-_Drawing_Changes_6cbee960_p0018_m064.png,C:\Users\brochardgm\Desktop\kevision\CloudHammer\data\cloud_labels_reviewed\Revision_1_-_Drawing_Changes_6cbee960_p0018_m064.txt,C:\Users\brochardgm\Desktop\kevision\CloudHammer\data\api_cloud_labels_unreviewed\Revision_1_-_Drawing_Changes_6cbee960_p0018_m064.txt,0.82,faint,True,2,thin_or_faint_positive,batch_002_thin_faint,0.7204,True
Revision_1_-_Drawing_Changes_6cbee960_p0049_m007,C:\Users\brochardgm\Desktop\kevision\CloudHammer\data\cloud_roi_images\Revision_1_-_Drawing_Changes_6cbee960_p0049_m007.png,C:\Users\brochardgm\Desktop\kevision\CloudHammer\data\cloud_labels_reviewed\Revision_1_-_Drawing_Changes_6cbee960_p0049_m007.txt,C:\Users\brochardgm\Desktop\kevision\CloudHammer\data\api_cloud_labels_unreviewed\Revision_1_-_Drawing_Changes_6cbee960_p0049_m007.txt,0.8,faint,True,1,thin_or_faint_positive,batch_002_thin_faint,0.6867,True
260309_-_Drawing_Rev2-_Steel_Grab_Bars_75d983f3_p0015_m003,C:\Users\brochardgm\Desktop\kevision\CloudHammer\data\cloud_roi_images\260309_-_Drawing_Rev2-_Steel_Grab_Bars_75d983f3_p0015_m003.png,C:\Users\brochardgm\Desktop\kevision\CloudHammer\data\cloud_labels_reviewed\260309_-_Drawing_Rev2-_Steel_Grab_Bars_75d983f3_p0015_m003.txt,C:\Users\brochardgm\Desktop\kevision\CloudHammer\data\api_cloud_labels_unreviewed\260309_-_Drawing_Rev2-_Steel_Grab_Bars_75d983f3_p0015_m003.txt,0.79,thin,True,1,thin_or_faint_positive,batch_002_thin_faint,0.7577,True
Revision_1_-_Drawing_Changes_6cbee960_p0018_m046,C:\Users\brochardgm\Desktop\kevision\CloudHammer\data\cloud_roi_images\Revision_1_-_Drawing_Changes_6cbee960_p0018_m046.png,C:\Users\brochardgm\Desktop\kevision\CloudHammer\data\cloud_labels_reviewed\Revision_1_-_Drawing_Changes_6cbee960_p0018_m046.txt,C:\Users\brochardgm\Desktop\kevision\CloudHammer\data\api_cloud_labels_unreviewed\Revision_1_-_Drawing_Changes_6cbee960_p0018_m046.txt,0.79,thin,True,4,thin_or_faint_positive,batch_002_thin_faint,0.7476,True
Revision_1_-_Drawing_Changes_6cbee960_p0029_m015,C:\Users\brochardgm\Desktop\kevision\CloudHammer\data\cloud_roi_images\Revision_1_-_Drawing_Changes_6cbee960_p0029_m015.png,C:\Users\brochardgm\Desktop\kevision\CloudHammer\data\cloud_labels_reviewed\Revision_1_-_Drawing_Changes_6cbee960_p0029_m015.txt,C:\Users\brochardgm\Desktop\kevision\CloudHammer\data\api_cloud_labels_unreviewed\Revision_1_-_Drawing_Changes_6cbee960_p0029_m015.txt,0.79,faint,True,1,thin_or_faint_positive,batch_002_thin_faint,0.689,True
Revision_1_-_Drawing_Changes_6cbee960_p0011_m093,C:\Users\brochardgm\Desktop\kevision\CloudHammer\data\cloud_roi_images\Revision_1_-_Drawing_Changes_6cbee960_p0011_m093.png,C:\Users\brochardgm\Desktop\kevision\CloudHammer\data\cloud_labels_reviewed\Revision_1_-_Drawing_Changes_6cbee960_p0011_m093.txt,C:\Users\brochardgm\Desktop\kevision\CloudHammer\data\api_cloud_labels_unreviewed\Revision_1_-_Drawing_Changes_6cbee960_p0011_m093.txt,0.76,faint,True,2,thin_or_faint_positive,batch_002_thin_faint,0.7038,True
Revision_1_-_Drawing_Changes_6cbee960_p0005_m004,C:\Users\brochardgm\Desktop\kevision\CloudHammer\data\cloud_roi_images\Revision_1_-_Drawing_Changes_6cbee960_p0005_m004.png,C:\Users\brochardgm\Desktop\kevision\CloudHammer\data\cloud_labels_reviewed\Revision_1_-_Drawing_Changes_6cbee960_p0005_m004.txt,C:\Users\brochardgm\Desktop\kevision\CloudHammer\data\api_cloud_labels_unreviewed\Revision_1_-_Drawing_Changes_6cbee960_p0005_m004.txt,0.75,thin,True,2,thin_or_faint_positive,batch_002_thin_faint,0.8298,True
260309_-_Drawing_Rev2-_Steel_Grab_Bars_75d983f3_p0012_m007,C:\Users\brochardgm\Desktop\kevision\CloudHammer\data\cloud_roi_images\260309_-_Drawing_Rev2-_Steel_Grab_Bars_75d983f3_p0012_m007.png,C:\Users\brochardgm\Desktop\kevision\CloudHammer\data\cloud_labels_reviewed\260309_-_Drawing_Rev2-_Steel_Grab_Bars_75d983f3_p0012_m007.txt,C:\Users\brochardgm\Desktop\kevision\CloudHammer\data\api_cloud_labels_unreviewed\260309_-_Drawing_Rev2-_Steel_Grab_Bars_75d983f3_p0012_m007.txt,0.75,faint,True,1,thin_or_faint_positive,batch_002_thin_faint,0.7655,True
Revision_1_-_Drawing_Changes_6cbee960_p0017_m030,C:\Users\brochardgm\Desktop\kevision\CloudHammer\data\cloud_roi_images\Revision_1_-_Drawing_Changes_6cbee960_p0017_m030.png,C:\Users\brochardgm\Desktop\kevision\CloudHammer\data\cloud_labels_reviewed\Revision_1_-_Drawing_Changes_6cbee960_p0017_m030.txt,C:\Users\brochardgm\Desktop\kevision\CloudHammer\data\api_cloud_labels_unreviewed\Revision_1_-_Drawing_Changes_6cbee960_p0017_m030.txt,0.75,thin,True,1,thin_or_faint_positive,batch_002_thin_faint,0.7437,True
Revision_1_-_Drawing_Changes_6cbee960_p0029_m014,C:\Users\brochardgm\Desktop\kevision\CloudHammer\data\cloud_roi_images\Revision_1_-_Drawing_Changes_6cbee960_p0029_m014.png,C:\Users\brochardgm\Desktop\kevision\CloudHammer\data\cloud_labels_reviewed\Revision_1_-_Drawing_Changes_6cbee960_p0029_m014.txt,C:\Users\brochardgm\Desktop\kevision\CloudHammer\data\api_cloud_labels_unreviewed\Revision_1_-_Drawing_Changes_6cbee960_p0029_m014.txt,0.74,faint,True,1,thin_or_faint_positive,batch_002_thin_faint,0.6908,True
Revision_1_-_Drawing_Changes_6cbee960_p0018_m044,C:\Users\brochardgm\Desktop\kevision\CloudHammer\data\cloud_roi_images\Revision_1_-_Drawing_Changes_6cbee960_p0018_m044.png,C:\Users\brochardgm\Desktop\kevision\CloudHammer\data\cloud_labels_reviewed\Revision_1_-_Drawing_Changes_6cbee960_p0018_m044.txt,C:\Users\brochardgm\Desktop\kevision\CloudHammer\data\api_cloud_labels_unreviewed\Revision_1_-_Drawing_Changes_6cbee960_p0018_m044.txt,0.73,thin,True,2,thin_or_faint_positive,batch_002_thin_faint,0.7485,True
