geometry_item_id,item_type,source_row_numbers,source_candidate_ids,review_status,geometry_decision,corrected_bbox_xyxy,child_bboxes_json,target_candidate_ids,review_notes
row_023_expand_geometry,expand_geometry,23,260303-VA_Biloxi_Rev_5_RFI-126_56f520d9_p0002_whole_001,gpt_prefilled,merge_with_component,,,merge_component_001,"GPT-5.5 geometry prefill, confidence 0.93: Active candidate undercovers the visible revision cloud; the cloud continues beyond the red candidate box, especially to the left. Since this candidate is already associated with merge_component_001, handle it through that merge component rather than as standalone corrected geometry."
row_024_expand_geometry,expand_geometry,24,260303-VA_Biloxi_Rev_5_RFI-126_56f520d9_p0002_whole_002,gpt_prefilled,merge_with_component,,,merge_component_001,"GPT-5.5 geometry prefill, confidence 0.88: Source candidate is an undercovered fragment of a larger visible revision cloud and is already associated with merge_component_001; per expand_geometry policy it should be handled by that merge component rather than as standalone corrected geometry."
row_025_expand_geometry,expand_geometry,25,260303-VA_Biloxi_Rev_5_RFI-126_56f520d9_p0002_whole_003,gpt_prefilled,merge_with_component,,,merge_component_001,"GPT-5.5 geometry prefill, confidence 0.93: Expand item is already associated with merge_component_001. The visible cloud appears to continue beyond the standalone candidate extent, so handle this candidate through the merge component rather than assigning a standalone corrected bbox."
row_026_expand_geometry,expand_geometry,26,260303-VA_Biloxi_Rev_5_RFI-126_56f520d9_p0002_whole_004,gpt_prefilled,merge_with_component,,,merge_component_001,"GPT-5.5 geometry prefill, confidence 0.90: Source candidate is an undercoverage fragment of a larger visible revision cloud and is already associated with merge_component_001; handle via that merge component rather than standalone expanded geometry."
row_027_expand_geometry,expand_geometry,27,260303-VA_Biloxi_Rev_5_RFI-126_56f520d9_p0002_whole_005,gpt_prefilled,merge_with_component,,,merge_component_001,"GPT-5.5 geometry prefill, confidence 0.88: Source candidate is an undercovered fragment of a larger visible revision cloud along the detail/title area and is already associated with merge_component_001; handle geometry through that merge component rather than as a standalone expanded bbox."
row_039_expand_geometry,expand_geometry,39,Revision_Set_7_37f6066a_p0003_whole_002,gpt_prefilled,merge_with_component,,,merge_component_002,"GPT-5.5 geometry prefill, confidence 0.92: Source candidate is an undercovered fragment of a larger visible revision cloud and is already listed as part of merge_component_002. Prefer handling via that merge component rather than standalone expansion."
row_040_expand_geometry,expand_geometry,40,Revision_Set_7_37f6066a_p0003_whole_003,gpt_prefilled,merge_with_component,,,merge_component_003,"GPT-5.5 geometry prefill, confidence 0.87: Source candidate appears to be an undercovered fragment of a larger same-cloud extent and is already associated with merge_component_003; handle expansion/complete cloud geometry through that merge component rather than as standalone corrected geometry. Avoid expanding downward into the adjacent lower cloud."
row_041_expand_geometry,expand_geometry,41,Revision_Set_7_37f6066a_p0003_whole_004,gpt_prefilled,merge_with_component,,,merge_component_002,"GPT-5.5 geometry prefill, confidence 0.92: Source candidate is an undercovered fragment of a larger visible revision cloud and is already associated with merge_component_002 in the context; handle via that merge component rather than standalone expansion."
row_042_expand_geometry,expand_geometry,42,Revision_Set_7_37f6066a_p0003_whole_005,gpt_prefilled,merge_with_component,,,merge_component_003,"GPT-5.5 geometry prefill, confidence 0.90: Source candidate is an undercoverage fragment of a larger revision cloud that extends beyond the active red bbox, especially to the right. Context already associates this candidate with merge_component_003, so it should be handled as part of that merged same-cloud component rather than expanded standalone here."
row_043_expand_geometry,expand_geometry,43,Revision_Set_7_37f6066a_p0003_whole_006,gpt_prefilled,merge_with_component,,,merge_component_003,"GPT-5.5 geometry prefill, confidence 0.90: Source candidate is an undercovered horizontal fragment of a larger visible revision cloud. Context indicates it is already part of merge_component_003, so it should be handled by that merged component rather than expanded as standalone geometry."
row_044_expand_geometry,expand_geometry,44,Revision_Set_7_37f6066a_p0003_whole_007,gpt_prefilled,merge_with_component,,,merge_component_002,"GPT-5.5 geometry prefill, confidence 0.93: Active candidate is an undercovered fragment along the lower edge of a larger visible revision cloud. Context indicates it is already associated with merge_component_002, so it should be handled by that merge component rather than as standalone corrected geometry."
merge_component_001,merge_component_geometry,18 | 19 | 20 | 21 | 22 | 23 | 24 | 25 | 26 | 27,260303-VA_Biloxi_Rev_5_RFI-126_56f520d9_p0002_whole_001 | 260303-VA_Biloxi_Rev_5_RFI-126_56f520d9_p0002_whole_002 | 260303-VA_Biloxi_Rev_5_RFI-126_56f520d9_p0002_whole_003 | 260303-VA_Biloxi_Rev_5_RFI-126_56f520d9_p0002_whole_004 | 260303-VA_Biloxi_Rev_5_RFI-126_56f520d9_p0002_whole_005,gpt_prefilled,component_bbox,"[3885, 3995, 7490, 6355]",,260303-VA_Biloxi_Rev_5_RFI-126_56f520d9_p0002_whole_001 | 260303-VA_Biloxi_Rev_5_RFI-126_56f520d9_p0002_whole_002 | 260303-VA_Biloxi_Rev_5_RFI-126_56f520d9_p0002_whole_003 | 260303-VA_Biloxi_Rev_5_RFI-126_56f520d9_p0002_whole_004 | 260303-VA_Biloxi_Rev_5_RFI-126_56f520d9_p0002_whole_005,"GPT-5.5 geometry prefill, confidence 0.88: The five candidates appear to be fragments of one continuous revision-cloud outline around the joist restoration detail. Proposed bbox conservatively covers the visible full cloud outline, excluding detector padding and not tightened to text/title/triangle."
merge_component_002,merge_component_geometry,34 | 37 | 39 | 41 | 44,Revision_Set_7_37f6066a_p0003_whole_002 | Revision_Set_7_37f6066a_p0003_whole_004 | Revision_Set_7_37f6066a_p0003_whole_007,gpt_prefilled,component_bbox,"[9390, 5090, 11465, 7285]",,Revision_Set_7_37f6066a_p0003_whole_002 | Revision_Set_7_37f6066a_p0003_whole_004 | Revision_Set_7_37f6066a_p0003_whole_007,"GPT-5.5 geometry prefill, confidence 0.82: The three source candidates appear to be fragments of the same revision-cloud outline: left side/top/bottom fragments, right side/top/bottom fragments, and the connecting lower horizontal cloud segment. Proposed bbox is tightened from the inflated union to the visible cloud outline, covering the full apparent cloud from the left scalloped edge through the right scalloped edge and bottom scallops."
merge_component_003,merge_component_geometry,36 | 38 | 40 | 42 | 43,Revision_Set_7_37f6066a_p0003_whole_003 | Revision_Set_7_37f6066a_p0003_whole_005 | Revision_Set_7_37f6066a_p0003_whole_006,gpt_prefilled,component_bbox,"[7125, 2990, 10715, 5090]",,Revision_Set_7_37f6066a_p0003_whole_003 | Revision_Set_7_37f6066a_p0003_whole_005 | Revision_Set_7_37f6066a_p0003_whole_006,"GPT-5.5 geometry prefill, confidence 0.86: Source candidates appear to be fragments of one large revision cloud spanning the two adjacent detail areas: left vertical side, right vertical side, and connecting top edge. Proposed bbox conservatively covers the visible full cloud outline using the outer scalloped edges rather than the red union boxes."
row_009_split_geometry,split_geometry,9,260219_-_VA_Biloxi_Rev_4_Plumbing_1_bed93137_p0001_whole_001,gpt_prefilled,child_bboxes,,"[{""bbox_xyxy"": [1442, 3298, 1668, 3424], ""label"": ""separate revision cloud - 3\"" DV upper center"", ""source_candidate_ids"": [""260219_-_VA_Biloxi_Rev_4_Plumbing_1_bed93137_p0001_whole_001""]}, {""bbox_xyxy"": [1031, 3578, 1223, 3708], ""label"": ""separate revision cloud - 3\"" DV upper left"", ""source_candidate_ids"": [""260219_-_VA_Biloxi_Rev_4_Plumbing_1_bed93137_p0001_whole_001""]}, {""bbox_xyxy"": [1420, 3653, 1642, 3782], ""label"": ""separate revision cloud - 4\"" DV UP center"", ""source_candidate_ids"": [""260219_-_VA_Biloxi_Rev_4_Plumbing_1_bed93137_p0001_whole_001""]}, {""bbox_xyxy"": [1030, 3982, 1223, 4112], ""label"": ""separate revision cloud - 3\"" DV mid left"", ""source_candidate_ids"": [""260219_-_VA_Biloxi_Rev_4_Plumbing_1_bed93137_p0001_whole_001""]}, {""bbox_xyxy"": [990, 4227, 1188, 4355], ""label"": ""separate revision cloud - 4\"" DV lower left"", ""source_candidate_ids"": [""260219_-_VA_Biloxi_Rev_4_Plumbing_1_bed93137_p0001_whole_001""]}, {""bbox_xyxy"": [1003, 4454, 1196, 4585], ""label"": ""separate revision cloud - 4\"" DV bottom left"", ""source_candidate_ids"": [""260219_-_VA_Biloxi_Rev_4_Plumbing_1_bed93137_p0001_whole_001""]}]",260219_-_VA_Biloxi_Rev_4_Plumbing_1_bed93137_p0001_whole_001,"GPT-5.5 geometry prefill, confidence 0.88: The large source candidate appears to overmerge multiple distinct revision cloud callouts. Six complete separate cloud outlines are visible inside the red source bbox; the additional overlapping member box appears to be a duplicate/partial detection of the same lower-left 4"" DV cloud, not a separate child. Boxes are provisional and conservatively cover the visible cloud outlines only."
row_010_split_geometry,split_geometry,10,260219_-_VA_Biloxi_Rev_4_Plumbing_1_bed93137_p0001_whole_001,gpt_prefilled,child_bboxes,,"[{""bbox_xyxy"": [1441.195, 3309.825, 1663.281, 3419.748], ""label"": ""top_center_3in_DV_cloud"", ""source_candidate_ids"": [""260219_-_VA_Biloxi_Rev_4_Plumbing_1_bed93137_p0001_whole_001""]}, {""bbox_xyxy"": [1033.731, 3583.299, 1220.945, 3706.271], ""label"": ""upper_left_3in_DV_cloud"", ""source_candidate_ids"": [""260219_-_VA_Biloxi_Rev_4_Plumbing_1_bed93137_p0001_whole_001""]}, {""bbox_xyxy"": [1422.841, 3656.715, 1641.256, 3779.686], ""label"": ""center_4in_DV_UP_cloud"", ""source_candidate_ids"": [""260219_-_VA_Biloxi_Rev_4_Plumbing_1_bed93137_p0001_whole_001""]}, {""bbox_xyxy"": [1031.896, 3985.251, 1220.945, 4108.222], ""label"": ""middle_left_3in_DV_cloud"", ""source_candidate_ids"": [""260219_-_VA_Biloxi_Rev_4_Plumbing_1_bed93137_p0001_whole_001""]}, {""bbox_xyxy"": [995.188, 4231.194, 1182.401, 4352.33], ""label"": ""lower_left_4in_DV_cloud"", ""source_candidate_ids"": [""260219_-_VA_Biloxi_Rev_4_Plumbing_1_bed93137_p0001_whole_001""]}, {""bbox_xyxy"": [1006.2, 4458.783, 1193.413, 4581.754], ""label"": ""bottom_left_4in_DV_cloud"", ""source_candidate_ids"": [""260219_-_VA_Biloxi_Rev_4_Plumbing_1_bed93137_p0001_whole_001""]}]",260219_-_VA_Biloxi_Rev_4_Plumbing_1_bed93137_p0001_whole_001,"GPT-5.5 geometry prefill, confidence 0.86: The active red candidate contains multiple separate revision cloud outlines. I split it into six visible complete cloud boxes inside the active candidate extent, using conservative page-coordinate boxes around the cloud outlines rather than the adjacent text, triangles, or leader lines. The two additional 4in DV clouds further left/below are outside the active red candidate and were not included."
row_015_split_geometry,split_geometry,15,260219_-_VA_Biloxi_Rev_4_Plumbing_1_bed93137_p0001_whole_006,gpt_prefilled,child_bboxes,,"[{""bbox_xyxy"": [573.0, 4576.0, 740.0, 4680.0], ""label"": ""upper separate revision cloud"", ""source_candidate_ids"": [""260219_-_VA_Biloxi_Rev_4_Plumbing_1_bed93137_p0001_whole_006""]}, {""bbox_xyxy"": [573.0, 4685.0, 740.0, 4790.0], ""label"": ""lower separate revision cloud"", ""source_candidate_ids"": [""260219_-_VA_Biloxi_Rev_4_Plumbing_1_bed93137_p0001_whole_006""]}]",260219_-_VA_Biloxi_Rev_4_Plumbing_1_bed93137_p0001_whole_006,"GPT-5.5 geometry prefill, confidence 0.86: The source candidate contains two visually distinct stacked revision-cloud outlines. Proposed child boxes conservatively cover the upper and lower cloud outlines separately, excluding surrounding leader/text geometry as much as practical."
row_031_tighten_adjust_geometry,tighten_adjust_geometry,31,Revision_Set_7_37f6066a_p0002_whole_001,gpt_prefilled,corrected_bbox,"[9365, 7350, 11550, 7525]",,Revision_Set_7_37f6066a_p0002_whole_001,"GPT-5.5 geometry prefill, confidence 0.82: Tighten source candidate to the single visible revision cloud around note 8 only. Box is conservative around the full scalloped cloud outline and excludes the larger notes block and revision triangle/leader."
